Red Universitaria de Observatorios Atmosfericos (RUOA)
Atmospheric Observatory Aguascalientes (agsc), Aguascalientes
Lat 21.9157 N, Lon 102.319 W, Alt 1868 masl
Time UTC-6h
Meteorological data
 
TIMESTAMP,Temp_Avg,RH_Avg,WSpeed_Avg,WSpeed_Max,WDir_Avg,Rain_Tot,Press_Avg,Rad_Avg
yyyy-mm-dd HH:MM:SS,�C,%,m/s,m/s,deg,mm,hPa,W/m^2
2015-05-01 00:00:00,null,null,null,null,null,null,null,null
2015-05-01 01:00:00,null,null,null,null,null,null,null,null
2015-05-01 02:00:00,null,null,null,null,null,null,null,null
2015-05-01 03:00:00,null,null,null,null,null,null,null,null
2015-05-01 04:00:00,null,null,null,null,null,null,null,null
2015-05-01 05:00:00,null,null,null,null,null,null,null,null
2015-05-01 06:00:00,null,null,null,null,null,null,null,null
2015-05-01 07:00:00,null,null,null,null,null,null,null,null
2015-05-01 08:00:00,null,null,null,null,null,null,null,null
2015-05-01 09:00:00,null,null,null,null,null,null,null,null
2015-05-01 10:00:00,null,null,null,null,null,null,null,null
2015-05-01 11:00:00,null,null,null,null,null,null,null,null
2015-05-01 12:00:00,null,null,null,null,null,null,null,null
2015-05-01 13:00:00,null,null,null,null,null,null,null,null
2015-05-01 14:00:00,null,null,null,null,null,null,null,null
2015-05-01 15:00:00,null,null,null,null,null,null,null,null
2015-05-01 16:00:00,null,null,null,null,null,null,null,null
2015-05-01 17:00:00,null,null,null,null,null,null,null,null
2015-05-01 18:00:00,null,null,null,null,null,null,null,null
2015-05-01 19:00:00,null,null,null,null,null,null,null,null
2015-05-01 20:00:00,null,null,null,null,null,null,null,null
2015-05-01 21:00:00,null,null,null,null,null,null,null,null
2015-05-01 22:00:00,null,null,null,null,null,null,null,null
2015-05-01 23:00:00,null,null,null,null,null,null,null,null
2015-05-02 00:00:00,null,null,null,null,null,null,null,null
2015-05-02 01:00:00,null,null,null,null,null,null,null,null
2015-05-02 02:00:00,null,null,null,null,null,null,null,null
2015-05-02 03:00:00,null,null,null,null,null,null,null,null
2015-05-02 04:00:00,null,null,null,null,null,null,null,null
2015-05-02 05:00:00,null,null,null,null,null,null,null,null
2015-05-02 06:00:00,null,null,null,null,null,null,null,null
2015-05-02 07:00:00,null,null,null,null,null,null,null,null
2015-05-02 08:00:00,null,null,null,null,null,null,null,null
2015-05-02 09:00:00,null,null,null,null,null,null,null,null
2015-05-02 10:00:00,null,null,null,null,null,null,null,null
2015-05-02 11:00:00,null,null,null,null,null,null,null,null
2015-05-02 12:00:00,null,null,null,null,null,null,null,null
2015-05-02 13:00:00,null,null,null,null,null,null,null,null
2015-05-02 14:00:00,null,null,null,null,null,null,null,null
2015-05-02 15:00:00,null,null,null,null,null,null,null,null
2015-05-02 16:00:00,null,null,null,null,null,null,null,null
2015-05-02 17:00:00,null,null,null,null,null,null,null,null
2015-05-02 18:00:00,null,null,null,null,null,null,null,null
2015-05-02 19:00:00,null,null,null,null,null,null,null,null
2015-05-02 20:00:00,null,null,null,null,null,null,null,null
2015-05-02 21:00:00,null,null,null,null,null,null,null,null
2015-05-02 22:00:00,null,null,null,null,null,null,null,null
2015-05-02 23:00:00,null,null,null,null,null,null,null,null
2015-05-03 00:00:00,null,null,null,null,null,null,null,null
2015-05-03 01:00:00,null,null,null,null,null,null,null,null
2015-05-03 02:00:00,null,null,null,null,null,null,null,null
2015-05-03 03:00:00,null,null,null,null,null,null,null,null
2015-05-03 04:00:00,null,null,null,null,null,null,null,null
2015-05-03 05:00:00,null,null,null,null,null,null,null,null
2015-05-03 06:00:00,null,null,null,null,null,null,null,null
2015-05-03 07:00:00,null,null,null,null,null,null,null,null
2015-05-03 08:00:00,null,null,null,null,null,null,null,null
2015-05-03 09:00:00,null,null,null,null,null,null,null,null
2015-05-03 10:00:00,null,null,null,null,null,null,null,null
2015-05-03 11:00:00,null,null,null,null,null,null,null,null
2015-05-03 12:00:00,null,null,null,null,null,null,null,null
2015-05-03 13:00:00,null,null,null,null,null,null,null,null
2015-05-03 14:00:00,null,null,null,null,null,null,null,null
2015-05-03 15:00:00,null,null,null,null,null,null,null,null
2015-05-03 16:00:00,null,null,null,null,null,null,null,null
2015-05-03 17:00:00,null,null,null,null,null,null,null,null
2015-05-03 18:00:00,null,null,null,null,null,null,null,null
2015-05-03 19:00:00,null,null,null,null,null,null,null,null
2015-05-03 20:00:00,null,null,null,null,null,null,null,null
2015-05-03 21:00:00,null,null,null,null,null,null,null,null
2015-05-03 22:00:00,null,null,null,null,null,null,null,null
2015-05-03 23:00:00,null,null,null,null,null,null,null,null
2015-05-04 00:00:00,null,null,null,null,null,null,null,null
2015-05-04 01:00:00,null,null,null,null,null,null,null,null
2015-05-04 02:00:00,null,null,null,null,null,null,null,null
2015-05-04 03:00:00,null,null,null,null,null,null,null,null
2015-05-04 04:00:00,null,null,null,null,null,null,null,null
2015-05-04 05:00:00,null,null,null,null,null,null,null,null
2015-05-04 06:00:00,null,null,null,null,null,null,null,null
2015-05-04 07:00:00,null,null,null,null,null,null,null,null
2015-05-04 08:00:00,null,null,null,null,null,null,null,null
2015-05-04 09:00:00,null,null,null,null,null,null,null,null
2015-05-04 10:00:00,null,null,null,null,null,null,null,null
2015-05-04 11:00:00,null,null,null,null,null,null,null,null
2015-05-04 12:00:00,null,null,null,null,null,null,null,null
2015-05-04 13:00:00,null,null,null,null,null,null,null,null
2015-05-04 14:00:00,null,null,null,null,null,null,null,null
2015-05-04 15:00:00,null,null,null,null,null,null,null,null
2015-05-04 16:00:00,null,null,null,null,null,null,null,null
2015-05-04 17:00:00,null,null,null,null,null,null,null,null
2015-05-04 18:00:00,null,null,null,null,null,null,null,null
2015-05-04 19:00:00,null,null,null,null,null,null,null,null
2015-05-04 20:00:00,null,null,null,null,null,null,null,null
2015-05-04 21:00:00,null,null,null,null,null,null,null,null
2015-05-04 22:00:00,null,null,null,null,null,null,null,null
2015-05-04 23:00:00,null,null,null,null,null,null,null,null
2015-05-05 00:00:00,null,null,null,null,null,null,null,null
2015-05-05 01:00:00,null,null,null,null,null,null,null,null
2015-05-05 02:00:00,null,null,null,null,null,null,null,null
2015-05-05 03:00:00,null,null,null,null,null,null,null,null
2015-05-05 04:00:00,null,null,null,null,null,null,null,null
2015-05-05 05:00:00,null,null,null,null,null,null,null,null
2015-05-05 06:00:00,null,null,null,null,null,null,null,null
2015-05-05 07:00:00,null,null,null,null,null,null,null,null
2015-05-05 08:00:00,null,null,null,null,null,null,null,null
2015-05-05 09:00:00,null,null,null,null,null,null,null,null
2015-05-05 10:00:00,null,null,null,null,null,null,null,null
2015-05-05 11:00:00,null,null,null,null,null,null,null,null
2015-05-05 12:00:00,null,null,null,null,null,null,null,null
2015-05-05 13:00:00,null,null,null,null,null,null,null,null
2015-05-05 14:00:00,null,null,null,null,null,null,null,null
2015-05-05 15:00:00,null,null,null,null,null,null,null,null
2015-05-05 16:00:00,null,null,null,null,null,null,null,null
2015-05-05 17:00:00,null,null,null,null,null,null,null,null
2015-05-05 18:00:00,null,null,null,null,null,null,null,null
2015-05-05 19:00:00,null,null,null,null,null,null,null,null
2015-05-05 20:00:00,null,null,null,null,null,null,null,null
2015-05-05 21:00:00,null,null,null,null,null,null,null,null
2015-05-05 22:00:00,null,null,null,null,null,null,null,null
2015-05-05 23:00:00,null,null,null,null,null,null,null,null
2015-05-06 00:00:00,null,null,null,null,null,null,null,null
2015-05-06 01:00:00,null,null,null,null,null,null,null,null
2015-05-06 02:00:00,null,null,null,null,null,null,null,null
2015-05-06 03:00:00,null,null,null,null,null,null,null,null
2015-05-06 04:00:00,null,null,null,null,null,null,null,null
2015-05-06 05:00:00,null,null,null,null,null,null,null,null
2015-05-06 06:00:00,null,null,null,null,null,null,null,null
2015-05-06 07:00:00,null,null,null,null,null,null,null,null
2015-05-06 08:00:00,null,null,null,null,null,null,null,null
2015-05-06 09:00:00,null,null,null,null,null,null,null,null
2015-05-06 10:00:00,null,null,null,null,null,null,null,null
2015-05-06 11:00:00,null,null,null,null,null,null,null,null
2015-05-06 12:00:00,null,null,null,null,null,null,null,null
2015-05-06 13:00:00,null,null,null,null,null,null,null,null
2015-05-06 14:00:00,null,null,null,null,null,null,null,null
2015-05-06 15:00:00,null,null,null,null,null,null,null,null
2015-05-06 16:00:00,null,null,null,null,null,null,null,null
2015-05-06 17:00:00,null,null,null,null,null,null,null,null
2015-05-06 18:00:00,null,null,null,null,null,null,null,null
2015-05-06 19:00:00,null,null,null,null,null,null,null,null
2015-05-06 20:00:00,null,null,null,null,null,null,null,null
2015-05-06 21:00:00,null,null,null,null,null,null,null,null
2015-05-06 22:00:00,null,null,null,null,null,null,null,null
2015-05-06 23:00:00,null,null,null,null,null,null,null,null
2015-05-07 00:00:00,null,null,null,null,null,null,null,null
2015-05-07 01:00:00,null,null,null,null,null,null,null,null
2015-05-07 02:00:00,null,null,null,null,null,null,null,null
2015-05-07 03:00:00,null,null,null,null,null,null,null,null
2015-05-07 04:00:00,null,null,null,null,null,null,null,null
2015-05-07 05:00:00,null,null,null,null,null,null,null,null
2015-05-07 06:00:00,null,null,null,null,null,null,null,null
2015-05-07 07:00:00,null,null,null,null,null,null,null,null
2015-05-07 08:00:00,null,null,null,null,null,null,null,null
2015-05-07 09:00:00,null,null,null,null,null,null,null,null
2015-05-07 10:00:00,null,null,null,null,null,null,null,null
2015-05-07 11:00:00,null,null,null,null,null,null,null,null
2015-05-07 12:00:00,null,null,null,null,null,null,null,null
2015-05-07 13:00:00,null,null,null,null,null,null,null,null
2015-05-07 14:00:00,null,null,null,null,null,null,null,null
2015-05-07 15:00:00,null,null,null,null,null,null,null,null
2015-05-07 16:00:00,null,null,null,null,null,null,null,null
2015-05-07 17:00:00,null,null,null,null,null,null,813.0,null
2015-05-07 18:00:00,null,null,null,null,null,null,813.0,null
2015-05-07 19:00:00,24.32,40.58,0.028,null,143.2,0.0,813.0,1.9
2015-05-07 20:00:00,23.65,42.91,0.021,null,142.4,0.0,813.0,0.0
2015-05-07 21:00:00,23.15,44.06,0.018,null,147.5,0.0,814.0,0.0
2015-05-07 22:00:00,22.63,45.72,0.012,null,127.2,0.0,814.0,0.0
2015-05-07 23:00:00,21.97,47.96,0.01,null,141.2,0.0,815.0,0.0
2015-05-08 00:00:00,21.55,48.93,0.01,null,131.2,0.0,815.0,0.0
2015-05-08 01:00:00,21.28,50.08,0.009,null,99.7,0.0,815.0,0.0
2015-05-08 02:00:00,21.07,50.91,0.009,null,90.8,0.0,815.0,0.0
2015-05-08 03:00:00,20.83,51.5,0.009,null,64.4,0.0,814.0,0.0
2015-05-08 04:00:00,20.63,51.92,0.01,null,49.4,0.0,813.0,0.0
2015-05-08 05:00:00,20.45,52.2,0.011,null,24.8,0.0,813.0,0.0
2015-05-08 06:00:00,20.3,52.39,0.012,null,2.3,0.0,812.0,0.0
2015-05-08 07:00:00,20.11,52.38,0.012,null,356.7,0.0,812.0,0.0
2015-05-08 08:00:00,20.01,53.5,0.014,null,50.7,0.0,812.0,0.7
2015-05-08 09:00:00,19.79,57.19,0.05,null,40.1,0.0,812.0,4.7
2015-05-08 10:00:00,null,null,null,null,null,null,812.0,null
2015-05-08 11:00:00,null,null,null,null,null,null,813.0,null
2015-05-08 12:00:00,null,null,null,null,null,null,814.0,null
2015-05-08 13:00:00,null,null,null,null,null,null,814.0,null
2015-05-08 14:00:00,null,null,null,null,null,null,815.0,null
2015-05-08 15:00:00,null,null,null,null,null,null,815.0,null
2015-05-08 16:00:00,null,null,null,null,null,null,815.0,null
2015-05-08 17:00:00,null,null,null,null,null,null,814.0,null
2015-05-08 18:00:00,null,null,null,null,null,null,814.0,null
2015-05-08 19:00:00,null,null,null,null,null,null,814.0,null
2015-05-08 20:00:00,null,null,null,null,null,null,814.0,null
2015-05-08 21:00:00,null,null,null,null,null,null,815.0,null
2015-05-08 22:00:00,null,null,null,null,null,null,815.0,null
2015-05-08 23:00:00,null,null,null,null,null,null,816.0,null
2015-05-09 00:00:00,null,null,null,null,null,null,816.0,null
2015-05-09 01:00:00,null,null,null,null,null,null,816.0,null
2015-05-09 02:00:00,null,null,null,null,null,null,816.0,null
2015-05-09 03:00:00,null,null,null,null,null,null,815.0,null
2015-05-09 04:00:00,null,null,null,null,null,null,814.0,null
2015-05-09 05:00:00,null,null,null,null,null,null,813.0,null
2015-05-09 06:00:00,null,null,null,null,null,null,812.0,null
2015-05-09 07:00:00,null,null,null,null,null,null,812.0,null
2015-05-09 08:00:00,null,null,null,null,null,null,812.0,null
2015-05-09 09:00:00,null,null,null,null,null,null,812.0,null
2015-05-09 10:00:00,null,null,null,null,null,null,812.0,null
2015-05-09 11:00:00,null,null,null,null,null,null,813.0,null
2015-05-09 12:00:00,null,null,null,null,null,null,814.0,null
2015-05-09 13:00:00,null,null,null,null,null,null,814.0,null
2015-05-09 14:00:00,null,null,null,null,null,null,814.0,null
2015-05-09 15:00:00,null,null,null,null,null,null,814.0,null
2015-05-09 16:00:00,null,null,null,null,null,null,815.0,null
2015-05-09 17:00:00,null,null,null,null,null,null,814.0,null
2015-05-09 18:00:00,null,null,null,null,null,null,814.0,null
2015-05-09 19:00:00,null,null,null,null,null,null,814.0,null
2015-05-09 20:00:00,null,null,null,null,null,null,815.0,null
2015-05-09 21:00:00,null,null,null,null,null,null,815.0,null
2015-05-09 22:00:00,null,null,null,null,null,null,815.0,null
2015-05-09 23:00:00,null,null,null,null,null,null,816.0,null
2015-05-10 00:00:00,null,null,null,null,null,null,816.0,null
2015-05-10 01:00:00,null,null,null,null,null,null,816.0,null
2015-05-10 02:00:00,null,null,null,null,null,null,816.0,null
2015-05-10 03:00:00,null,null,null,null,null,null,815.0,null
2015-05-10 04:00:00,null,null,null,null,null,null,814.0,null
2015-05-10 05:00:00,null,null,null,null,null,null,813.0,null
2015-05-10 06:00:00,null,null,null,null,null,null,812.0,null
2015-05-10 07:00:00,null,null,null,null,null,null,812.0,null
2015-05-10 08:00:00,null,null,null,null,null,null,812.0,null
2015-05-10 09:00:00,null,null,null,null,null,null,812.0,null
2015-05-10 10:00:00,null,null,null,null,null,null,813.0,null
2015-05-10 11:00:00,null,null,null,null,null,null,813.0,null
2015-05-10 12:00:00,null,null,null,null,null,null,814.0,null
2015-05-10 13:00:00,null,null,null,null,null,null,815.0,null
2015-05-10 14:00:00,null,null,null,null,null,null,815.0,null
2015-05-10 15:00:00,null,null,null,null,null,null,816.0,null
2015-05-10 16:00:00,null,null,null,null,null,null,816.0,null
2015-05-10 17:00:00,null,null,null,null,null,null,815.0,null
2015-05-10 18:00:00,null,null,null,null,null,null,815.0,null
2015-05-10 19:00:00,null,null,null,null,null,null,815.0,null
2015-05-10 20:00:00,null,null,null,null,null,null,816.0,null
2015-05-10 21:00:00,null,null,null,null,null,null,816.0,null
2015-05-10 22:00:00,null,null,null,null,null,null,817.0,null
2015-05-10 23:00:00,null,null,null,null,null,null,818.0,null
2015-05-11 00:00:00,null,null,null,null,null,null,818.0,null
2015-05-11 01:00:00,null,null,null,null,null,null,818.0,null
2015-05-11 02:00:00,null,null,null,null,null,null,817.0,null
2015-05-11 03:00:00,null,null,null,null,null,null,817.0,null
2015-05-11 04:00:00,null,null,null,null,null,null,816.0,null
2015-05-11 05:00:00,null,null,null,null,null,null,815.0,null
2015-05-11 06:00:00,null,null,null,null,null,null,814.0,null
2015-05-11 07:00:00,null,null,null,null,null,null,814.0,null
2015-05-11 08:00:00,null,null,null,null,null,null,813.0,null
2015-05-11 09:00:00,null,null,null,null,null,null,813.0,null
2015-05-11 10:00:00,null,null,null,null,null,null,813.0,null
2015-05-11 11:00:00,null,null,null,null,null,null,814.0,null
2015-05-11 12:00:00,null,null,null,null,null,null,814.0,null
2015-05-11 13:00:00,null,null,null,null,null,null,815.0,null
2015-05-11 14:00:00,null,null,null,null,null,null,816.0,null
2015-05-11 15:00:00,null,null,null,null,null,null,817.0,null
2015-05-11 16:00:00,null,null,null,null,null,null,817.0,null
2015-05-11 17:00:00,null,null,null,null,null,null,817.0,null
2015-05-11 18:00:00,null,null,null,null,null,null,817.0,null
2015-05-11 19:00:00,null,null,null,null,null,null,817.0,null
2015-05-11 20:00:00,null,null,null,null,null,null,817.0,null
2015-05-11 21:00:00,null,null,null,null,null,null,818.0,null
2015-05-11 22:00:00,null,null,null,null,null,null,818.0,null
2015-05-11 23:00:00,null,null,null,null,null,null,819.0,null
2015-05-12 00:00:00,null,null,null,null,null,null,819.0,null
2015-05-12 01:00:00,null,null,null,null,null,null,819.0,null
2015-05-12 02:00:00,null,null,null,null,null,null,818.0,null
2015-05-12 03:00:00,null,null,null,null,null,null,818.0,null
2015-05-12 04:00:00,null,null,null,null,null,null,817.0,null
2015-05-12 05:00:00,null,null,null,null,null,null,816.0,null
2015-05-12 06:00:00,null,null,null,null,null,null,815.0,null
2015-05-12 07:00:00,null,null,null,null,null,null,814.0,null
2015-05-12 08:00:00,null,null,null,null,null,null,813.0,null
2015-05-12 09:00:00,null,null,null,null,null,null,813.0,null
2015-05-12 10:00:00,null,null,null,null,null,null,813.0,null
2015-05-12 11:00:00,null,null,null,null,null,null,814.0,null
2015-05-12 12:00:00,null,null,null,null,null,null,815.0,null
2015-05-12 13:00:00,null,null,null,null,null,null,815.0,null
2015-05-12 14:00:00,null,null,null,null,null,null,817.0,null
2015-05-12 15:00:00,null,null,null,null,null,null,817.0,null
2015-05-12 16:00:00,null,null,null,null,null,null,817.0,null
2015-05-12 17:00:00,null,null,null,null,null,null,816.0,null
2015-05-12 18:00:00,null,null,null,null,null,null,816.0,null
2015-05-12 19:00:00,null,null,null,null,null,null,816.0,null
2015-05-12 20:00:00,null,null,null,null,null,null,817.0,null
2015-05-12 21:00:00,null,null,null,null,null,null,817.0,null
2015-05-12 22:00:00,null,null,null,null,null,null,818.0,null
2015-05-12 23:00:00,null,null,null,null,null,null,818.0,null
2015-05-13 00:00:00,null,null,null,null,null,null,818.0,null
2015-05-13 01:00:00,null,null,null,null,null,null,818.0,null
2015-05-13 02:00:00,null,null,null,null,null,null,818.0,null
2015-05-13 03:00:00,null,null,null,null,null,null,817.0,null
2015-05-13 04:00:00,null,null,null,null,null,null,817.0,null
2015-05-13 05:00:00,null,null,null,null,null,null,816.0,null
2015-05-13 06:00:00,null,null,null,null,null,null,815.0,null
2015-05-13 07:00:00,null,null,null,null,null,null,814.0,null
2015-05-13 08:00:00,null,null,null,null,null,null,813.0,null
2015-05-13 09:00:00,null,null,null,null,null,null,813.0,null
2015-05-13 10:00:00,null,null,null,null,null,null,813.0,null
2015-05-13 11:00:00,null,null,null,null,null,null,814.0,null
2015-05-13 12:00:00,null,null,null,null,null,null,814.0,null
2015-05-13 13:00:00,null,null,null,null,null,null,816.0,null
2015-05-13 14:00:00,null,null,null,null,null,null,817.0,null
2015-05-13 15:00:00,null,null,null,null,null,null,817.0,null
2015-05-13 16:00:00,null,null,null,null,null,null,817.0,null
2015-05-13 17:00:00,null,null,null,null,null,null,817.0,null
2015-05-13 18:00:00,null,null,null,null,null,null,817.0,null
2015-05-13 19:00:00,null,null,null,null,null,null,816.0,null
2015-05-13 20:00:00,null,null,null,null,null,null,817.0,null
2015-05-13 21:00:00,null,null,null,null,null,null,817.0,null
2015-05-13 22:00:00,null,null,null,null,null,null,817.0,null
2015-05-13 23:00:00,null,null,null,null,null,null,818.0,null
2015-05-14 00:00:00,null,null,null,null,null,null,818.0,null
2015-05-14 01:00:00,null,null,null,null,null,null,818.0,null
2015-05-14 02:00:00,null,null,null,null,null,null,818.0,null
2015-05-14 03:00:00,null,null,null,null,null,null,817.0,null
2015-05-14 04:00:00,null,null,null,null,null,null,816.0,null
2015-05-14 05:00:00,null,null,null,null,null,null,814.0,null
2015-05-14 06:00:00,null,null,null,null,null,null,814.0,null
2015-05-14 07:00:00,null,null,null,null,null,null,813.0,null
2015-05-14 08:00:00,null,null,null,null,null,null,813.0,null
2015-05-14 09:00:00,null,null,null,null,null,null,813.0,null
2015-05-14 10:00:00,null,null,null,null,null,null,814.0,null
2015-05-14 11:00:00,null,null,null,null,null,null,815.0,null
2015-05-14 12:00:00,null,null,null,null,null,null,816.0,null
2015-05-14 13:00:00,null,null,null,null,null,null,817.0,null
2015-05-14 14:00:00,null,null,null,null,null,null,817.0,null
2015-05-14 15:00:00,null,null,null,null,null,null,817.0,null
2015-05-14 16:00:00,null,null,null,null,null,null,817.0,null
2015-05-14 17:00:00,null,null,null,null,null,null,816.0,null
2015-05-14 18:00:00,null,null,null,null,null,null,816.0,null
2015-05-14 19:00:00,null,null,null,null,null,null,816.0,null
2015-05-14 20:00:00,null,null,null,null,null,null,816.0,null
2015-05-14 21:00:00,null,null,null,null,null,null,816.0,null
2015-05-14 22:00:00,null,null,null,null,null,null,816.0,null
2015-05-14 23:00:00,null,null,null,null,null,null,816.0,null
2015-05-15 00:00:00,null,null,null,null,null,null,816.0,null
2015-05-15 01:00:00,null,null,null,null,null,null,816.0,null
2015-05-15 02:00:00,null,null,null,null,null,null,816.0,null
2015-05-15 03:00:00,null,null,null,null,null,null,815.0,null
2015-05-15 04:00:00,null,null,null,null,null,null,814.0,null
2015-05-15 05:00:00,null,null,null,null,null,null,813.0,null
2015-05-15 06:00:00,null,null,null,null,null,null,812.0,null
2015-05-15 07:00:00,null,null,null,null,null,null,812.0,null
2015-05-15 08:00:00,null,null,null,null,null,null,811.0,null
2015-05-15 09:00:00,null,null,null,null,null,null,811.0,null
2015-05-15 10:00:00,null,null,null,null,null,null,812.0,null
2015-05-15 11:00:00,null,null,null,null,null,null,813.0,null
2015-05-15 12:00:00,null,null,null,null,null,null,813.0,null
2015-05-15 13:00:00,null,null,null,null,null,null,814.0,null
2015-05-15 14:00:00,null,null,null,null,null,null,815.0,null
2015-05-15 15:00:00,null,null,null,null,null,null,815.0,null
2015-05-15 16:00:00,null,null,null,null,null,null,815.0,null
2015-05-15 17:00:00,null,null,null,null,null,null,815.0,null
2015-05-15 18:00:00,null,null,null,null,null,null,815.0,null
2015-05-15 19:00:00,null,null,null,null,null,null,815.0,null
2015-05-15 20:00:00,null,null,null,null,null,null,815.0,null
2015-05-15 21:00:00,null,null,null,null,null,null,815.0,null
2015-05-15 22:00:00,null,null,null,null,null,null,816.0,null
2015-05-15 23:00:00,null,null,null,null,null,null,816.0,null
2015-05-16 00:00:00,null,null,null,null,null,null,817.0,null
2015-05-16 01:00:00,null,null,null,null,null,null,816.0,null
2015-05-16 02:00:00,null,null,null,null,null,null,816.0,null
2015-05-16 03:00:00,null,null,null,null,null,null,816.0,null
2015-05-16 04:00:00,null,null,null,null,null,null,815.0,null
2015-05-16 05:00:00,null,null,null,null,null,null,814.0,null
2015-05-16 06:00:00,null,null,null,null,null,null,813.0,null
2015-05-16 07:00:00,null,null,null,null,null,null,813.0,null
2015-05-16 08:00:00,null,null,null,null,null,null,812.0,null
2015-05-16 09:00:00,null,null,null,null,null,null,812.0,null
2015-05-16 10:00:00,null,null,null,null,null,null,813.0,null
2015-05-16 11:00:00,null,null,null,null,null,null,814.0,null
2015-05-16 12:00:00,null,null,null,null,null,null,814.0,null
2015-05-16 13:00:00,null,null,null,null,null,null,815.0,null
2015-05-16 14:00:00,null,null,null,null,null,null,815.0,null
2015-05-16 15:00:00,null,null,null,null,null,null,815.0,null
2015-05-16 16:00:00,null,null,null,null,null,null,815.0,null
2015-05-16 17:00:00,null,null,null,null,null,null,815.0,null
2015-05-16 18:00:00,null,null,null,null,null,null,815.0,null
2015-05-16 19:00:00,null,null,null,null,null,null,815.0,null
2015-05-16 20:00:00,null,null,null,null,null,null,815.0,null
2015-05-16 21:00:00,null,null,null,null,null,null,815.0,null
2015-05-16 22:00:00,null,null,null,null,null,null,816.0,null
2015-05-16 23:00:00,null,null,null,null,null,null,817.0,null
2015-05-17 00:00:00,null,null,null,null,null,null,817.0,null
2015-05-17 01:00:00,null,null,null,null,null,null,818.0,null
2015-05-17 02:00:00,null,null,null,null,null,null,817.0,null
2015-05-17 03:00:00,null,null,null,null,null,null,817.0,null
2015-05-17 04:00:00,null,null,null,null,null,null,816.0,null
2015-05-17 05:00:00,null,null,null,null,null,null,815.0,null
2015-05-17 06:00:00,null,null,null,null,null,null,814.0,null
2015-05-17 07:00:00,null,null,null,null,null,null,814.0,null
2015-05-17 08:00:00,null,null,null,null,null,null,813.0,null
2015-05-17 09:00:00,null,null,null,null,null,null,813.0,null
2015-05-17 10:00:00,null,null,null,null,null,null,814.0,null
2015-05-17 11:00:00,null,null,null,null,null,null,814.0,null
2015-05-17 12:00:00,null,null,null,null,null,null,815.0,null
2015-05-17 13:00:00,null,null,null,null,null,null,816.0,null
2015-05-17 14:00:00,null,null,null,null,null,null,817.0,null
2015-05-17 15:00:00,null,null,null,null,null,null,817.0,null
2015-05-17 16:00:00,null,null,null,null,null,null,817.0,null
2015-05-17 17:00:00,null,null,null,null,null,null,817.0,null
2015-05-17 18:00:00,null,null,null,null,null,null,817.0,null
2015-05-17 19:00:00,null,null,null,null,null,null,817.0,null
2015-05-17 20:00:00,null,null,null,null,null,null,817.0,null
2015-05-17 21:00:00,null,null,null,null,null,null,817.0,null
2015-05-17 22:00:00,null,null,null,null,null,null,818.0,null
2015-05-17 23:00:00,null,null,null,null,null,null,818.0,null
2015-05-18 00:00:00,null,null,null,null,null,null,818.0,null
2015-05-18 01:00:00,null,null,null,null,null,null,818.0,null
2015-05-18 02:00:00,null,null,null,null,null,null,818.0,null
2015-05-18 03:00:00,null,null,null,null,null,null,817.0,null
2015-05-18 04:00:00,null,null,null,null,null,null,816.0,null
2015-05-18 05:00:00,null,null,null,null,null,null,816.0,null
2015-05-18 06:00:00,null,null,null,null,null,null,815.0,null
2015-05-18 07:00:00,null,null,null,null,null,null,815.0,null
2015-05-18 08:00:00,null,null,null,null,null,null,814.0,null
2015-05-18 09:00:00,null,null,null,null,null,null,815.0,null
2015-05-18 10:00:00,null,null,null,null,null,null,816.0,null
2015-05-18 11:00:00,null,null,null,null,null,null,818.0,null
2015-05-18 12:00:00,null,null,null,null,null,null,819.0,null
2015-05-18 13:00:00,null,null,null,null,null,null,819.0,null
2015-05-18 14:00:00,null,null,null,null,null,null,820.0,null
2015-05-18 15:00:00,null,null,null,null,null,null,820.0,null
2015-05-18 16:00:00,null,null,null,null,null,null,818.0,null
2015-05-18 17:00:00,null,null,null,null,null,null,819.0,null
2015-05-18 18:00:00,null,null,null,null,null,null,819.0,null
2015-05-18 19:00:00,null,null,null,null,null,null,819.0,null
2015-05-18 20:00:00,null,null,null,null,null,null,819.0,null
2015-05-18 21:00:00,null,null,null,null,null,null,820.0,null
2015-05-18 22:00:00,null,null,null,null,null,null,820.0,null
2015-05-18 23:00:00,null,null,null,null,null,null,820.0,null
2015-05-19 00:00:00,null,null,null,null,null,null,820.0,null
2015-05-19 01:00:00,null,null,null,null,null,null,819.0,null
2015-05-19 02:00:00,null,null,null,null,null,null,819.0,null
2015-05-19 03:00:00,null,null,null,null,null,null,819.0,null
2015-05-19 04:00:00,null,null,null,null,null,null,818.0,null
2015-05-19 05:00:00,null,null,null,null,null,null,817.0,null
2015-05-19 06:00:00,null,null,null,null,null,null,816.0,null
2015-05-19 07:00:00,null,null,null,null,null,null,815.0,null
2015-05-19 08:00:00,null,null,null,null,null,null,815.0,null
2015-05-19 09:00:00,null,null,null,null,null,null,816.0,null
2015-05-19 10:00:00,null,null,null,null,null,null,817.0,null
2015-05-19 11:00:00,null,null,null,null,null,null,817.0,null
2015-05-19 12:00:00,null,null,null,null,null,null,818.0,null
2015-05-19 13:00:00,null,null,null,null,null,null,819.0,null
2015-05-19 14:00:00,null,null,null,null,null,null,820.0,null
2015-05-19 15:00:00,null,null,null,null,null,null,820.0,null
2015-05-19 16:00:00,null,null,null,null,null,null,820.0,null
2015-05-19 17:00:00,null,null,null,null,null,null,820.0,null
2015-05-19 18:00:00,null,null,null,null,null,null,820.0,null
2015-05-19 19:00:00,null,null,null,null,null,null,819.0,null
2015-05-19 20:00:00,null,null,null,null,null,null,820.0,null
2015-05-19 21:00:00,null,null,null,null,null,null,820.0,null
2015-05-19 22:00:00,null,null,null,null,null,null,820.0,null
2015-05-19 23:00:00,null,null,null,null,null,null,821.0,null
2015-05-20 00:00:00,null,null,null,null,null,null,821.0,null
2015-05-20 01:00:00,null,null,null,null,null,null,821.0,null
2015-05-20 02:00:00,null,null,null,null,null,null,820.0,null
2015-05-20 03:00:00,null,null,null,null,null,null,819.0,null
2015-05-20 04:00:00,null,null,null,null,null,null,818.0,null
2015-05-20 05:00:00,null,null,null,null,null,null,817.0,null
2015-05-20 06:00:00,null,null,null,null,null,null,816.0,null
2015-05-20 07:00:00,null,null,null,null,null,null,815.0,null
2015-05-20 08:00:00,null,null,null,null,null,null,814.0,null
2015-05-20 09:00:00,null,null,null,null,null,null,815.0,null
2015-05-20 10:00:00,null,null,null,null,null,null,815.0,null
2015-05-20 11:00:00,null,null,null,null,null,null,817.0,null
2015-05-20 12:00:00,null,null,null,null,null,null,818.0,null
2015-05-20 13:00:00,null,null,null,null,null,null,819.0,null
2015-05-20 14:00:00,null,null,null,null,null,null,820.0,null
2015-05-20 15:00:00,null,null,null,null,null,null,819.0,null
2015-05-20 16:00:00,null,null,null,null,null,null,819.0,null
2015-05-20 17:00:00,null,null,null,null,null,null,819.0,null
2015-05-20 18:00:00,null,null,null,null,null,null,820.0,null
2015-05-20 19:00:00,null,null,null,null,null,null,820.0,null
2015-05-20 20:00:00,null,null,null,null,null,null,819.0,null
2015-05-20 21:00:00,null,null,null,null,null,null,819.0,null
2015-05-20 22:00:00,null,null,null,null,null,null,820.0,null
2015-05-20 23:00:00,null,null,null,null,null,null,820.0,null
2015-05-21 00:00:00,null,null,null,null,null,null,820.0,null
2015-05-21 01:00:00,null,null,null,null,null,null,820.0,null
2015-05-21 02:00:00,null,null,null,null,null,null,819.0,null
2015-05-21 03:00:00,null,null,null,null,null,null,818.0,null
2015-05-21 04:00:00,null,null,null,null,null,null,817.0,null
2015-05-21 05:00:00,null,null,null,null,null,null,816.0,null
2015-05-21 06:00:00,null,null,null,null,null,null,815.0,null
2015-05-21 07:00:00,null,null,null,null,null,null,815.0,null
2015-05-21 08:00:00,null,null,null,null,null,null,814.0,null
2015-05-21 09:00:00,null,null,null,null,null,null,814.0,null
2015-05-21 10:00:00,null,null,null,null,null,null,814.0,null
2015-05-21 11:00:00,null,null,null,null,null,null,814.0,null
2015-05-21 12:00:00,null,null,null,null,null,null,815.0,null
2015-05-21 13:00:00,null,null,null,null,null,null,815.0,null
2015-05-21 14:00:00,27.1,33.93,4.287,null,204.7,null,816.0,0.0
2015-05-21 15:00:00,28.59,29.24,3.735,null,215.1,0.0,816.0,13.4
2015-05-21 16:00:00,28.88,26.57,3.152,null,176.0,5.6,816.0,609.3
2015-05-21 17:00:00,28.28,25.86,2.892,null,185.9,0.0,816.0,133.1
2015-05-21 18:00:00,23.98,40.23,3.776,null,322.8,0.0,816.0,7.6
2015-05-21 19:00:00,22.81,41.97,4.12,null,344.6,0.0,816.0,0.1
2015-05-21 20:00:00,23.26,38.26,2.49,null,296.0,0.0,816.0,6.6
2015-05-21 21:00:00,21.1,52.81,4.715,null,188.3,0.0,817.0,0.0
2015-05-21 22:00:00,20.38,55.09,2.935,null,187.2,0.0,817.0,0.0
2015-05-21 23:00:00,19.17,60.8,1.49,null,284.1,0.0,818.0,0.0
2015-05-22 00:00:00,19.2,60.49,2.888,null,35.7,0.0,818.0,0.0
2015-05-22 01:00:00,18.01,65.07,7.139,null,85.1,0.0,818.0,0.0
2015-05-22 02:00:00,17.07,63.59,5.038,null,102.4,0.0,818.0,0.0
2015-05-22 03:00:00,16.55,64.36,2.133,null,1.7,0.0,817.0,0.0
2015-05-22 04:00:00,16.2,64.98,2.407,null,8.5,0.0,816.0,0.0
2015-05-22 05:00:00,15.53,66.18,2.114,null,8.8,0.0,815.0,0.0
2015-05-22 06:00:00,15.09,69.7,2.514,null,31.9,0.0,813.0,0.0
2015-05-22 07:00:00,15.05,71.39,1.293,null,44.8,0.0,813.0,1.4
2015-05-22 08:00:00,15.51,69.98,1.007,null,272.4,0.0,813.0,78.7
2015-05-22 09:00:00,17.04,62.23,2.18,null,228.3,0.0,813.0,355.3
2015-05-22 10:00:00,18.74,55.79,2.115,null,233.9,0.0,814.0,643.8
2015-05-22 11:00:00,20.97,47.75,2.011,null,183.3,0.0,816.0,745.9
2015-05-22 12:00:00,22.53,44.38,2.75,null,208.4,0.0,817.0,71.9
2015-05-22 13:00:00,24.3,39.99,2.765,null,223.9,0.0,818.0,1058.4
2015-05-22 14:00:00,26.12,33.0,2.787,null,193.2,0.0,818.0,1049.1
2015-05-22 15:00:00,27.48,28.97,2.431,null,164.2,0.0,818.0,959.4
2015-05-22 16:00:00,28.48,24.83,2.193,null,133.9,0.0,818.0,826.3
2015-05-22 17:00:00,29.03,23.72,1.995,null,234.3,0.0,817.0,634.7
2015-05-22 18:00:00,28.82,23.66,2.018,null,224.2,0.0,817.0,246.6
2015-05-22 19:00:00,26.38,29.6,3.527,null,265.8,0.0,817.0,73.0
2015-05-22 20:00:00,20.49,50.05,6.867,null,50.3,0.0,817.0,4.9
2015-05-22 21:00:00,18.38,59.92,4.725,null,24.3,0.0,818.0,0.5
2015-05-22 22:00:00,18.04,63.61,2.71,null,47.5,0.0,818.0,0.0
2015-05-22 23:00:00,18.4,64.48,0.936,null,236.0,0.0,818.0,0.0
2015-05-23 00:00:00,18.02,66.59,1.675,null,22.5,0.0,818.0,0.0
2015-05-23 01:00:00,17.68,67.63,2.133,null,79.0,0.0,818.0,0.0
2015-05-23 02:00:00,17.32,68.66,1.95,null,87.3,0.0,817.0,0.0
2015-05-23 03:00:00,16.75,71.11,1.153,null,351.8,0.0,817.0,0.0
2015-05-23 04:00:00,15.75,74.74,0.845,null,344.2,0.0,816.0,0.0
2015-05-23 05:00:00,15.41,77.84,0.839,null,35.4,0.0,815.0,0.0
2015-05-23 06:00:00,14.8,79.24,0.945,null,248.1,0.0,815.0,0.0
2015-05-23 07:00:00,13.8,85.93,1.657,null,217.1,0.0,814.0,23.7
2015-05-23 08:00:00,15.59,77.13,0.859,null,259.3,0.0,814.0,228.8
2015-05-23 09:00:00,17.91,66.04,1.442,null,203.1,0.0,814.0,466.8
2015-05-23 10:00:00,20.09,55.11,2.359,null,178.9,0.0,814.0,690.0
2015-05-23 11:00:00,21.68,48.07,3.084,null,189.8,0.0,815.0,869.5
2015-05-23 12:00:00,23.6,43.21,3.263,null,166.2,0.0,815.0,995.0
2015-05-23 13:00:00,25.56,37.4,2.753,null,180.1,0.0,816.0,1054.7
2015-05-23 14:00:00,26.74,33.22,2.867,null,165.5,0.0,816.0,1054.6
2015-05-23 15:00:00,27.42,32.31,4.343,null,187.2,0.0,816.0,952.9
2015-05-23 16:00:00,27.45,31.69,4.541,null,200.3,0.0,816.0,825.5
2015-05-23 17:00:00,28.14,30.66,4.288,null,187.7,0.0,816.0,641.4
2015-05-23 18:00:00,27.25,32.49,5.271,null,204.6,0.0,816.0,184.3
2015-05-23 19:00:00,25.69,37.53,5.096,null,207.4,0.0,816.0,9.1
2015-05-23 20:00:00,21.69,48.68,4.575,null,204.9,0.4,817.0,0.5
2015-05-23 21:00:00,19.55,64.77,5.137,null,202.9,0.0,817.0,0.3
2015-05-23 22:00:00,18.5,77.05,3.713,null,193.9,0.0,818.0,0.1
2015-05-23 23:00:00,17.71,81.23,2.051,null,235.8,0.0,818.0,0.0
2015-05-24 00:00:00,17.49,76.97,1.261,null,203.6,0.0,818.0,0.0
2015-05-24 01:00:00,17.39,75.76,0.937,null,128.1,0.0,818.0,0.0
2015-05-24 02:00:00,17.03,78.99,0.723,null,218.5,0.0,818.0,0.0
2015-05-24 03:00:00,16.24,84.51,1.467,null,211.3,0.0,817.0,0.0
2015-05-24 04:00:00,15.58,86.16,1.212,null,235.1,0.0,817.0,0.0
2015-05-24 05:00:00,15.37,86.72,0.745,null,201.1,0.0,816.0,0.0
2015-05-24 06:00:00,15.91,80.38,1.994,null,267.0,0.0,815.0,0.0
2015-05-24 07:00:00,16.04,78.4,2.96,null,272.0,0.0,814.0,42.8
2015-05-24 08:00:00,17.6,70.48,1.557,null,268.3,0.0,814.0,233.6
2015-05-24 09:00:00,19.49,61.12,2.472,null,266.6,0.0,814.0,471.3
2015-05-24 10:00:00,20.91,53.52,2.971,null,236.0,0.0,814.0,678.5
2015-05-24 11:00:00,22.41,48.23,2.304,null,230.7,0.0,815.0,853.3
2015-05-24 12:00:00,23.98,41.96,2.763,null,224.7,0.0,815.0,972.3
2015-05-24 13:00:00,25.6,33.38,3.678,null,239.2,0.0,816.0,1080.3
2015-05-24 14:00:00,26.51,31.78,4.529,null,220.8,0.0,816.0,1075.6
2015-05-24 15:00:00,26.54,33.06,4.653,null,182.0,0.0,816.0,685.5
2015-05-24 16:00:00,26.46,33.93,5.684,null,192.1,0.0,816.0,633.0
2015-05-24 17:00:00,25.33,36.79,4.995,null,179.3,0.0,816.0,459.9
2015-05-24 18:00:00,26.52,32.09,4.461,null,195.5,0.0,816.0,370.7
2015-05-24 19:00:00,26.18,31.79,3.549,null,196.3,0.0,816.0,96.8
2015-05-24 20:00:00,24.75,38.03,2.72,null,206.7,0.0,816.0,11.7
2015-05-24 21:00:00,23.65,39.42,2.746,null,217.4,0.0,816.0,0.0
2015-05-24 22:00:00,22.59,38.61,2.228,null,217.7,0.0,817.0,0.0
2015-05-24 23:00:00,20.94,52.26,2.05,null,203.4,0.0,818.0,0.0
2015-05-25 00:00:00,18.96,63.62,3.318,null,200.1,0.0,817.0,0.0
2015-05-25 01:00:00,18.5,65.15,3.102,null,167.4,0.0,817.0,0.0
2015-05-25 02:00:00,17.27,68.49,1.712,null,214.2,0.0,817.0,0.0
2015-05-25 03:00:00,16.04,72.33,1.83,null,195.5,0.0,816.0,0.0
2015-05-25 04:00:00,15.38,75.18,1.873,null,196.0,0.0,816.0,0.0
2015-05-25 05:00:00,14.85,77.69,1.391,null,204.9,0.0,815.0,0.0
2015-05-25 06:00:00,14.32,80.47,1.271,null,209.8,0.0,814.0,0.0
2015-05-25 07:00:00,14.35,81.08,1.528,null,202.0,0.0,813.0,42.3
2015-05-25 08:00:00,15.56,76.61,2.127,null,205.6,0.0,813.0,234.5
2015-05-25 09:00:00,17.83,67.53,3.184,null,197.8,0.0,813.0,470.9
2015-05-25 10:00:00,20.49,51.73,2.21,null,183.2,0.0,813.0,680.7
2015-05-25 11:00:00,22.75,42.5,3.133,null,181.3,0.0,814.0,874.4
2015-05-25 12:00:00,24.63,35.91,3.33,null,174.3,0.0,815.0,1002.6
2015-05-25 13:00:00,25.74,33.09,3.205,null,182.9,0.0,815.0,1044.4
2015-05-25 14:00:00,27.06,29.5,2.777,null,195.4,0.0,816.0,969.7
2015-05-25 15:00:00,27.94,26.45,2.716,null,186.8,0.0,816.0,849.7
2015-05-25 16:00:00,29.18,21.03,2.819,null,233.3,0.0,816.0,795.2
2015-05-25 17:00:00,29.71,17.09,2.918,null,250.7,0.0,816.0,718.0
2015-05-25 18:00:00,29.66,15.36,2.751,null,270.6,0.0,815.0,391.8
2015-05-25 19:00:00,28.57,18.68,2.967,null,260.4,0.0,815.0,117.2
2015-05-25 20:00:00,26.94,21.72,1.945,null,251.8,0.0,815.0,10.3
2015-05-25 21:00:00,25.11,23.9,1.823,null,275.5,0.0,816.0,0.0
2015-05-25 22:00:00,23.75,25.22,1.94,null,277.1,0.0,816.0,0.0
2015-05-25 23:00:00,23.0,25.05,1.262,null,25.4,0.0,817.0,0.0
2015-05-26 00:00:00,22.45,27.31,1.474,null,185.0,0.0,817.0,0.0
2015-05-26 01:00:00,20.7,37.9,1.65,null,196.6,0.0,816.0,0.0
2015-05-26 02:00:00,18.63,49.35,2.214,null,194.8,0.0,816.0,0.0
2015-05-26 03:00:00,17.37,57.61,1.613,null,195.3,0.0,815.0,0.0
2015-05-26 04:00:00,16.68,62.71,1.845,null,193.9,0.0,814.0,0.0
2015-05-26 05:00:00,15.64,67.86,1.795,null,208.2,0.0,814.0,0.0
2015-05-26 06:00:00,14.91,70.91,1.786,null,202.4,0.0,813.0,0.0
2015-05-26 07:00:00,14.87,71.39,1.386,null,216.7,0.0,812.0,44.1
2015-05-26 08:00:00,16.76,66.19,1.533,null,209.2,0.0,812.0,233.5
2015-05-26 09:00:00,19.38,55.38,1.664,null,182.7,0.0,812.0,477.1
2015-05-26 10:00:00,21.92,40.59,1.65,null,203.6,0.0,813.0,699.5
2015-05-26 11:00:00,24.28,30.16,1.489,null,182.4,0.0,813.0,869.9
2015-05-26 12:00:00,25.97,25.86,1.587,null,354.4,0.0,814.0,998.3
2015-05-26 13:00:00,27.69,22.33,1.756,null,23.3,0.0,815.0,1053.4
2015-05-26 14:00:00,28.42,19.06,2.652,null,164.9,0.0,815.0,1063.3
2015-05-26 15:00:00,29.55,17.32,2.573,null,173.1,0.0,815.0,989.8
2015-05-26 16:00:00,29.98,15.94,2.688,null,189.1,0.0,815.0,843.7
2015-05-26 17:00:00,30.46,14.8,2.177,null,149.6,0.0,815.0,652.8
2015-05-26 18:00:00,30.23,14.96,2.256,null,215.0,0.0,815.0,366.0
2015-05-26 19:00:00,29.4,16.39,2.776,null,213.1,0.0,815.0,159.6
2015-05-26 20:00:00,27.99,18.78,1.845,null,185.0,0.0,815.0,10.5
2015-05-26 21:00:00,27.55,19.43,2.098,null,150.2,0.0,816.0,0.0
2015-05-26 22:00:00,25.29,23.84,1.076,null,336.5,0.0,816.0,0.0
2015-05-26 23:00:00,23.54,39.11,3.81,null,116.7,0.0,817.0,0.1
2015-05-27 00:00:00,22.18,40.46,1.854,null,193.4,0.0,817.0,0.0
2015-05-27 01:00:00,21.27,43.89,0.563,null,252.5,0.0,817.0,0.0
2015-05-27 02:00:00,20.35,48.77,0.859,null,243.7,0.0,817.0,0.0
2015-05-27 03:00:00,20.63,46.91,1.097,null,25.4,0.0,817.0,0.0
2015-05-27 04:00:00,19.92,52.32,1.731,null,123.2,0.0,816.0,0.0
2015-05-27 05:00:00,19.52,52.58,1.918,null,116.9,0.0,815.0,0.0
2015-05-27 06:00:00,18.94,61.08,1.956,null,149.9,0.0,814.0,0.0
2015-05-27 07:00:00,18.76,64.36,1.28,null,160.0,0.0,814.0,41.1
2015-05-27 08:00:00,18.69,60.61,1.557,null,310.5,0.0,814.0,205.0
2015-05-27 09:00:00,20.37,55.15,1.027,null,262.3,0.0,814.0,431.2
2015-05-27 10:00:00,22.08,52.43,1.98,null,206.5,0.0,814.0,655.5
2015-05-27 11:00:00,23.65,45.49,2.318,null,192.7,0.0,815.0,834.4
2015-05-27 12:00:00,25.17,39.44,2.75,null,223.7,0.0,815.0,969.2
2015-05-27 13:00:00,26.88,32.53,2.562,null,208.1,0.0,816.0,1029.8
2015-05-27 14:00:00,28.32,27.41,2.284,null,204.4,0.0,817.0,1038.4
2015-05-27 15:00:00,29.67,24.34,1.935,null,97.4,0.0,817.0,986.4
2015-05-27 16:00:00,29.97,22.06,2.748,null,12.5,0.0,817.0,736.0
2015-05-27 17:00:00,30.77,19.65,2.09,null,333.3,0.0,817.0,651.4
2015-05-27 18:00:00,30.58,19.17,1.967,null,115.1,0.0,817.0,375.6
2015-05-27 19:00:00,30.01,18.95,1.628,null,149.0,0.0,817.0,119.7
2015-05-27 20:00:00,28.97,18.32,2.0,null,114.2,0.0,817.0,3.2
2015-05-27 21:00:00,27.46,23.55,2.328,null,77.0,0.0,818.0,0.0
2015-05-27 22:00:00,26.24,27.82,2.621,null,142.2,0.0,818.0,0.0
2015-05-27 23:00:00,24.5,41.68,3.567,null,125.3,0.0,819.0,0.0
2015-05-28 00:00:00,23.28,50.2,3.808,null,127.6,0.0,819.0,0.0
2015-05-28 01:00:00,22.49,53.41,3.485,null,125.4,0.0,819.0,0.0
2015-05-28 02:00:00,21.1,60.2,4.219,null,143.7,0.0,818.0,0.1
2015-05-28 03:00:00,18.63,75.68,3.721,null,176.0,1.4,818.0,1.3
2015-05-28 04:00:00,18.25,73.91,3.622,null,183.0,0.0,817.0,0.0
2015-05-28 05:00:00,17.73,73.55,3.905,null,206.6,0.0,816.0,0.0
2015-05-28 06:00:00,17.48,74.27,2.015,null,213.2,0.0,816.0,0.1
2015-05-28 07:00:00,17.85,71.2,0.955,null,144.2,0.0,815.0,53.8
2015-05-28 08:00:00,19.25,64.49,1.12,null,223.0,0.0,815.0,224.7
2015-05-28 09:00:00,20.32,60.15,1.293,null,192.1,0.0,815.0,447.6
2015-05-28 10:00:00,21.58,54.95,2.054,null,148.9,0.0,815.0,642.9
2015-05-28 11:00:00,22.88,48.62,1.761,null,176.7,0.0,815.0,832.7
2015-05-28 12:00:00,24.33,43.38,1.791,null,191.7,0.0,816.0,956.1
2015-05-28 13:00:00,26.08,37.2,2.018,null,200.2,0.0,816.0,1022.3
2015-05-28 14:00:00,27.46,30.58,2.339,null,246.3,0.0,817.0,1057.4
2015-05-28 15:00:00,28.21,29.76,1.905,null,199.2,0.0,817.0,586.3
2015-05-28 16:00:00,26.17,35.54,3.851,null,349.4,0.0,817.0,93.3
2015-05-28 17:00:00,22.79,49.26,3.28,null,117.2,0.1,817.0,147.9
2015-05-28 18:00:00,23.69,41.43,3.741,null,118.0,0.0,817.0,358.4
2015-05-28 19:00:00,24.02,37.1,2.798,null,104.1,0.0,817.0,102.5
2015-05-28 20:00:00,22.91,40.7,2.924,null,60.9,0.0,817.0,6.6
2015-05-28 21:00:00,21.25,50.44,2.2,null,58.9,0.0,818.0,0.1
2015-05-28 22:00:00,21.69,47.19,2.768,null,172.9,0.0,818.0,0.1
2015-05-28 23:00:00,20.57,55.25,2.709,null,203.9,0.0,819.0,0.0
2015-05-29 00:00:00,19.3,65.22,2.236,null,206.1,0.0,819.0,0.0
2015-05-29 01:00:00,17.71,75.32,1.5,null,206.4,0.0,818.0,0.0
2015-05-29 02:00:00,17.5,72.61,1.694,null,198.9,0.0,818.0,0.0
2015-05-29 03:00:00,17.09,72.76,2.304,null,48.8,0.0,817.0,0.1
2015-05-29 04:00:00,16.31,76.98,1.536,null,13.0,0.0,816.0,0.0
2015-05-29 05:00:00,16.04,77.38,0.694,null,264.7,0.0,815.0,0.0
2015-05-29 06:00:00,15.94,78.43,1.041,null,357.2,0.0,814.0,0.0
2015-05-29 07:00:00,15.16,82.84,1.298,null,319.2,0.0,814.0,28.1
2015-05-29 08:00:00,17.04,71.7,0.825,null,151.4,0.0,813.0,223.6
2015-05-29 09:00:00,19.39,58.4,1.215,null,185.2,0.0,813.0,458.1
2015-05-29 10:00:00,21.02,54.26,2.957,null,183.0,0.0,813.0,673.2
2015-05-29 11:00:00,22.55,50.32,2.576,null,167.3,0.0,813.0,852.5
2015-05-29 12:00:00,24.42,41.51,2.179,null,119.0,0.0,814.0,975.6
2015-05-29 13:00:00,25.86,35.4,1.925,null,125.9,0.0,814.0,1038.7
2015-05-29 14:00:00,26.89,34.08,1.793,null,115.7,0.0,814.0,816.7
2015-05-29 15:00:00,27.0,30.02,2.569,null,67.8,0.0,814.0,300.4
2015-05-29 16:00:00,26.65,32.45,1.907,null,331.6,0.0,814.0,232.5
2015-05-29 17:00:00,26.15,36.57,2.943,null,114.3,0.0,815.0,162.4
2015-05-29 18:00:00,24.37,38.04,3.765,null,120.7,0.0,815.0,41.3
2015-05-29 19:00:00,20.11,55.08,3.344,null,289.5,0.0,815.0,12.3
2015-05-29 20:00:00,18.28,69.0,3.762,null,345.9,0.0,815.0,0.4
2015-05-29 21:00:00,17.0,76.79,2.689,null,340.6,0.4,816.0,0.1
2015-05-29 22:00:00,17.84,68.98,2.8,null,45.4,0.0,817.0,0.0
2015-05-29 23:00:00,17.11,74.12,3.598,null,46.0,0.3,817.0,0.5
2015-05-30 00:00:00,14.87,91.24,2.146,null,326.5,1.9,817.0,0.1
2015-05-30 01:00:00,14.83,91.86,1.625,null,200.0,0.0,817.0,0.0
2015-05-30 02:00:00,14.84,92.09,1.935,null,199.2,0.0,817.0,0.0
2015-05-30 03:00:00,14.75,93.99,1.943,null,209.0,0.0,816.0,0.0
2015-05-30 04:00:00,14.72,92.43,1.078,null,197.4,0.0,815.0,0.0
2015-05-30 05:00:00,14.63,91.83,1.042,null,308.7,0.0,814.0,0.0
2015-05-30 06:00:00,14.6,92.98,1.913,null,18.5,0.0,813.0,0.0
2015-05-30 07:00:00,14.47,94.76,2.511,null,17.5,0.0,813.0,19.1
2015-05-30 08:00:00,14.89,91.85,3.182,null,23.5,0.0,812.0,103.3
2015-05-30 09:00:00,15.97,83.89,3.216,null,23.2,0.0,812.0,233.2
2015-05-30 10:00:00,17.19,77.26,3.201,null,16.2,0.0,813.0,331.0
2015-05-30 11:00:00,18.23,73.65,2.722,null,24.8,0.0,813.0,344.6
2015-05-30 12:00:00,18.95,71.11,2.208,null,13.8,0.0,814.0,314.4
2015-05-30 13:00:00,20.74,61.91,1.842,null,45.0,0.0,815.0,652.1
2015-05-30 14:00:00,22.68,49.72,2.253,null,131.4,0.0,815.0,649.1
2015-05-30 15:00:00,23.94,41.79,2.763,null,109.0,0.0,815.0,730.1
2015-05-30 16:00:00,24.71,36.89,2.689,null,85.7,0.0,815.0,677.4
2015-05-30 17:00:00,24.94,36.46,2.876,null,102.9,0.0,815.0,478.1
2015-05-30 18:00:00,25.13,31.43,2.764,null,95.6,0.0,816.0,344.0
2015-05-30 19:00:00,24.78,31.17,3.653,null,75.6,0.0,816.0,139.7
2015-05-30 20:00:00,20.81,49.68,3.85,null,13.1,0.0,817.0,8.0
2015-05-30 21:00:00,20.13,52.71,2.369,null,68.8,0.0,817.0,0.0
2015-05-30 22:00:00,20.11,52.73,1.054,null,66.0,0.0,818.0,0.0
2015-05-30 23:00:00,20.13,53.01,2.115,null,128.1,0.0,818.0,0.0
2015-05-31 00:00:00,19.11,60.61,2.93,null,170.1,0.0,818.0,0.4
2015-05-31 01:00:00,16.98,76.33,1.983,null,213.0,0.0,818.0,0.0
2015-05-31 02:00:00,16.49,77.52,0.784,null,293.5,0.0,818.0,0.0
2015-05-31 03:00:00,16.55,76.98,0.817,null,24.2,0.0,818.0,0.0
2015-05-31 04:00:00,16.89,71.18,3.231,null,48.1,0.0,817.0,0.0
2015-05-31 05:00:00,16.34,73.68,2.606,null,47.1,0.0,817.0,0.0
2015-05-31 06:00:00,15.33,75.47,2.724,null,34.7,0.0,816.0,0.1
2015-05-31 07:00:00,14.34,83.45,1.957,null,26.0,0.0,816.0,56.7
2015-05-31 08:00:00,15.24,77.03,2.938,null,18.9,0.0,815.0,249.9
2015-05-31 09:00:00,17.03,67.45,2.938,null,23.4,0.0,815.0,474.7
2015-05-31 10:00:00,18.84,59.86,2.809,null,14.6,0.0,815.0,651.4
2015-05-31 11:00:00,20.61,51.86,2.565,null,15.6,0.0,816.0,859.0
2015-05-31 12:00:00,22.16,45.31,2.266,null,355.5,0.0,816.0,890.9
2015-05-31 13:00:00,23.32,38.73,2.675,null,49.5,0.0,817.0,578.8
2015-05-31 14:00:00,24.44,33.44,3.789,null,76.0,0.0,817.0,618.4
2015-05-31 15:00:00,25.02,30.63,3.343,null,57.3,0.0,818.0,521.1
2015-05-31 16:00:00,25.06,30.18,4.177,null,60.6,0.0,817.0,431.0
2015-05-31 17:00:00,25.62,27.88,3.884,null,43.2,0.0,818.0,498.4
2015-05-31 18:00:00,25.83,27.65,4.164,null,43.4,0.0,818.0,400.5
2015-05-31 19:00:00,25.41,27.72,3.986,null,70.2,0.0,819.0,122.4
2015-05-31 20:00:00,24.13,33.44,3.552,null,89.2,0.0,819.0,6.8
2015-05-31 21:00:00,22.79,37.81,3.491,null,93.8,0.0,819.0,0.0
2015-05-31 22:00:00,21.51,41.32,1.983,null,111.4,0.0,820.0,0.0
2015-05-31 23:00:00,20.42,46.37,2.246,null,107.6,0.0,820.0,0.0
