Red Universitaria de Observatorios Atmosfericos (RUOA)
Atmospheric Observatory Juriquilla (jqro), Queretaro
Lat 20.703 N, Lon 100.4473 W, Alt 1945 masl
Time UTC-6h
Meteorological data
 
TIMESTAMP,Temp_Avg,RH_Avg,WSpeed_Avg,WSpeed_Max,WDir_Avg,Rain_Tot,Press_Avg,Rad_Avg,Visibility_Avg
yyyy-mm-dd HH:MM:SS,�C,%,m/s,m/s,deg,mm,hPa,W/m^2,m
2018-06-01 00:00:00,21.19,46.5,3.288,7.83,108.3,0.0,807.988,-1.8,null
2018-06-01 01:00:00,20.08,54.4,3.712,5.74,85.7,null,808.067,-1.8,null
2018-06-01 02:00:00,null,null,null,null,null,null,null,null,null
2018-06-01 03:00:00,null,null,null,null,null,null,null,null,null
2018-06-01 04:00:00,null,null,null,null,null,null,null,null,null
2018-06-01 05:00:00,null,null,null,null,null,null,null,null,null
2018-06-01 06:00:00,null,null,null,null,null,null,null,null,null
2018-06-01 07:00:00,null,null,null,null,null,null,null,null,null
2018-06-01 08:00:00,null,null,null,null,null,null,null,null,null
2018-06-01 09:00:00,null,null,null,null,null,null,null,null,null
2018-06-01 10:00:00,null,null,null,null,null,null,null,null,null
2018-06-01 11:00:00,null,null,null,null,null,null,null,null,null
2018-06-01 12:00:00,null,null,null,null,null,null,null,null,null
2018-06-01 13:00:00,null,null,null,null,null,null,null,null,null
2018-06-01 14:00:00,null,null,null,null,null,null,null,null,null
2018-06-01 15:00:00,null,null,null,null,null,null,null,null,null
2018-06-01 16:00:00,null,null,null,null,null,null,null,null,null
2018-06-01 17:00:00,null,null,null,null,null,null,null,null,null
2018-06-01 18:00:00,null,null,null,null,null,null,null,null,null
2018-06-01 19:00:00,null,null,null,null,null,null,null,null,null
2018-06-01 20:00:00,null,null,null,null,null,null,null,null,null
2018-06-01 21:00:00,null,null,null,null,null,null,null,null,null
2018-06-01 22:00:00,null,null,null,null,null,null,null,null,null
2018-06-01 23:00:00,null,null,null,null,null,null,null,null,null
2018-06-02 00:00:00,null,null,null,null,null,null,null,null,null
2018-06-02 01:00:00,null,null,null,null,null,null,null,null,null
2018-06-02 02:00:00,null,null,null,null,null,null,null,null,null
2018-06-02 03:00:00,null,null,null,null,null,null,null,null,null
2018-06-02 04:00:00,null,null,null,null,null,null,null,null,null
2018-06-02 05:00:00,null,null,null,null,null,null,null,null,null
2018-06-02 06:00:00,null,null,null,null,null,null,null,null,null
2018-06-02 07:00:00,null,null,null,null,null,null,null,null,null
2018-06-02 08:00:00,null,null,null,null,null,null,null,null,null
2018-06-02 09:00:00,null,null,null,null,null,null,null,null,null
2018-06-02 10:00:00,null,null,null,null,null,null,null,null,null
2018-06-02 11:00:00,null,null,null,null,null,null,null,null,null
2018-06-02 12:00:00,null,null,null,null,null,null,null,null,null
2018-06-02 13:00:00,null,null,null,null,null,null,null,null,null
2018-06-02 14:00:00,null,null,null,null,null,null,null,null,null
2018-06-02 15:00:00,null,null,null,null,null,null,null,null,null
2018-06-02 16:00:00,null,null,null,null,null,null,null,null,null
2018-06-02 17:00:00,null,null,null,null,null,null,null,null,null
2018-06-02 18:00:00,null,null,null,null,null,null,null,null,null
2018-06-02 19:00:00,null,null,null,null,null,null,null,null,null
2018-06-02 20:00:00,null,null,null,null,null,null,null,null,null
2018-06-02 21:00:00,null,null,null,null,null,null,null,null,null
2018-06-02 22:00:00,null,null,null,null,null,null,null,null,null
2018-06-02 23:00:00,null,null,null,null,null,null,null,null,null
2018-06-03 00:00:00,null,null,null,null,null,null,null,null,null
2018-06-03 01:00:00,null,null,null,null,null,null,null,null,null
2018-06-03 02:00:00,null,null,null,null,null,null,null,null,null
2018-06-03 03:00:00,null,null,null,null,null,null,null,null,null
2018-06-03 04:00:00,null,null,null,null,null,null,null,null,null
2018-06-03 05:00:00,null,null,null,null,null,null,null,null,null
2018-06-03 06:00:00,null,null,null,null,null,null,null,null,null
2018-06-03 07:00:00,null,null,null,null,null,null,null,null,null
2018-06-03 08:00:00,null,null,null,null,null,null,null,null,null
2018-06-03 09:00:00,null,null,null,null,null,null,null,null,null
2018-06-03 10:00:00,null,null,null,null,null,null,null,null,null
2018-06-03 11:00:00,null,null,null,null,null,null,null,null,null
2018-06-03 12:00:00,null,null,null,null,null,null,null,null,null
2018-06-03 13:00:00,null,null,null,null,null,null,null,null,null
2018-06-03 14:00:00,null,null,null,null,null,null,null,null,null
2018-06-03 15:00:00,null,null,null,null,null,null,null,null,null
2018-06-03 16:00:00,null,null,null,null,null,null,null,null,null
2018-06-03 17:00:00,null,null,null,null,null,null,null,null,null
2018-06-03 18:00:00,null,null,null,null,null,null,null,null,null
2018-06-03 19:00:00,null,null,null,null,null,null,null,null,null
2018-06-03 20:00:00,null,null,null,null,null,null,null,null,null
2018-06-03 21:00:00,null,null,null,null,null,null,null,null,null
2018-06-03 22:00:00,null,null,null,null,null,null,null,null,null
2018-06-03 23:00:00,null,null,null,null,null,null,null,null,null
2018-06-04 00:00:00,null,null,null,null,null,null,null,null,null
2018-06-04 01:00:00,null,null,null,null,null,null,null,null,null
2018-06-04 02:00:00,null,null,null,null,null,null,null,null,null
2018-06-04 03:00:00,null,null,null,null,null,null,null,null,null
2018-06-04 04:00:00,null,null,null,null,null,null,null,null,null
2018-06-04 05:00:00,null,null,null,null,null,null,null,null,null
2018-06-04 06:00:00,null,null,null,null,null,null,null,null,null
2018-06-04 07:00:00,null,null,null,null,null,null,null,null,null
2018-06-04 08:00:00,null,null,null,null,null,null,null,null,null
2018-06-04 09:00:00,null,null,null,null,null,null,null,null,null
2018-06-04 10:00:00,null,null,null,null,null,null,null,null,null
2018-06-04 11:00:00,null,null,null,null,null,null,null,null,null
2018-06-04 12:00:00,null,null,null,null,null,null,null,null,null
2018-06-04 13:00:00,null,null,null,null,null,null,null,null,null
2018-06-04 14:00:00,null,null,null,null,null,null,null,null,null
2018-06-04 15:00:00,null,null,null,null,null,null,null,null,null
2018-06-04 16:00:00,null,null,null,null,null,null,null,null,null
2018-06-04 17:00:00,null,null,null,null,null,null,null,null,null
2018-06-04 18:00:00,null,null,null,null,null,null,null,null,null
2018-06-04 19:00:00,null,null,null,null,null,null,null,null,null
2018-06-04 20:00:00,null,null,null,null,null,null,null,null,null
2018-06-04 21:00:00,null,null,null,null,null,null,null,null,null
2018-06-04 22:00:00,null,null,null,null,null,null,null,null,null
2018-06-04 23:00:00,null,null,null,null,null,null,null,null,null
2018-06-05 00:00:00,null,null,null,null,null,null,null,null,null
2018-06-05 01:00:00,null,null,null,null,null,null,null,null,null
2018-06-05 02:00:00,null,null,null,null,null,null,null,null,null
2018-06-05 03:00:00,null,null,null,null,null,null,null,null,null
2018-06-05 04:00:00,null,null,null,null,null,null,null,null,null
2018-06-05 05:00:00,null,null,null,null,null,null,null,null,null
2018-06-05 06:00:00,null,null,null,null,null,null,null,null,null
2018-06-05 07:00:00,null,null,null,null,null,null,null,null,null
2018-06-05 08:00:00,null,null,null,null,null,null,null,null,null
2018-06-05 09:00:00,null,null,null,null,null,null,null,null,null
2018-06-05 10:00:00,null,null,null,null,null,null,null,null,null
2018-06-05 11:00:00,null,null,null,null,null,null,null,null,null
2018-06-05 12:00:00,null,null,null,null,null,null,null,null,null
2018-06-05 13:00:00,null,null,null,null,null,null,null,null,null
2018-06-05 14:00:00,null,null,null,null,null,null,null,null,null
2018-06-05 15:00:00,null,null,null,null,null,null,null,null,null
2018-06-05 16:00:00,null,null,null,null,null,null,null,null,null
2018-06-05 17:00:00,null,null,null,null,null,null,null,null,null
2018-06-05 18:00:00,null,null,null,null,null,null,null,null,null
2018-06-05 19:00:00,null,null,null,null,null,null,null,null,null
2018-06-05 20:00:00,null,null,null,null,null,null,null,null,null
2018-06-05 21:00:00,null,null,null,null,null,null,null,null,null
2018-06-05 22:00:00,null,null,null,null,null,null,null,null,null
2018-06-05 23:00:00,null,null,null,null,null,null,null,null,null
2018-06-06 00:00:00,null,null,null,null,null,null,null,null,null
2018-06-06 01:00:00,null,null,null,null,null,null,null,null,null
2018-06-06 02:00:00,null,null,null,null,null,null,null,null,null
2018-06-06 03:00:00,null,null,null,null,null,null,null,null,null
2018-06-06 04:00:00,null,null,null,null,null,null,null,null,null
2018-06-06 05:00:00,null,null,null,null,null,null,null,null,null
2018-06-06 06:00:00,null,null,null,null,null,null,null,null,null
2018-06-06 07:00:00,null,null,null,null,null,null,null,null,null
2018-06-06 08:00:00,null,null,null,null,null,null,null,null,null
2018-06-06 09:00:00,null,null,null,null,null,null,null,null,null
2018-06-06 10:00:00,null,null,null,null,null,null,null,null,null
2018-06-06 11:00:00,null,null,null,null,null,null,null,null,null
2018-06-06 12:00:00,null,null,null,null,null,null,null,null,null
2018-06-06 13:00:00,null,null,null,null,null,null,null,null,null
2018-06-06 14:00:00,null,null,null,null,null,null,null,null,null
2018-06-06 15:00:00,null,null,null,null,null,null,null,null,null
2018-06-06 16:00:00,null,null,null,null,null,null,null,null,null
2018-06-06 17:00:00,null,null,null,null,null,null,null,null,null
2018-06-06 18:00:00,null,null,null,null,null,null,null,null,null
2018-06-06 19:00:00,null,null,null,null,null,null,null,null,null
2018-06-06 20:00:00,null,null,null,null,null,null,null,null,null
2018-06-06 21:00:00,null,null,null,null,null,null,null,null,null
2018-06-06 22:00:00,null,null,null,null,null,null,null,null,null
2018-06-06 23:00:00,null,null,null,null,null,null,null,null,null
2018-06-07 00:00:00,null,null,null,null,null,null,null,null,null
2018-06-07 01:00:00,null,null,null,null,null,null,null,null,null
2018-06-07 02:00:00,null,null,null,null,null,null,null,null,null
2018-06-07 03:00:00,null,null,null,null,null,null,null,null,null
2018-06-07 04:00:00,null,null,null,null,null,null,null,null,null
2018-06-07 05:00:00,null,null,null,null,null,null,null,null,null
2018-06-07 06:00:00,null,null,null,null,null,null,null,null,null
2018-06-07 07:00:00,null,null,null,null,null,null,null,null,null
2018-06-07 08:00:00,null,null,null,null,null,null,null,null,null
2018-06-07 09:00:00,null,null,null,null,null,null,null,null,null
2018-06-07 10:00:00,null,null,null,null,null,null,null,null,null
2018-06-07 11:00:00,null,null,null,null,null,null,null,null,null
2018-06-07 12:00:00,null,null,null,null,null,null,null,null,null
2018-06-07 13:00:00,null,null,null,null,null,null,null,null,null
2018-06-07 14:00:00,null,null,null,null,null,null,null,null,null
2018-06-07 15:00:00,null,null,null,null,null,null,null,null,null
2018-06-07 16:00:00,null,null,null,null,null,null,null,null,null
2018-06-07 17:00:00,null,null,null,null,null,null,null,null,null
2018-06-07 18:00:00,null,null,null,null,null,null,null,null,null
2018-06-07 19:00:00,null,null,null,null,null,null,null,null,null
2018-06-07 20:00:00,null,null,null,null,null,null,null,null,null
2018-06-07 21:00:00,null,null,null,null,null,null,null,null,null
2018-06-07 22:00:00,null,null,null,null,null,null,null,null,null
2018-06-07 23:00:00,null,null,null,null,null,null,null,null,null
2018-06-08 00:00:00,null,null,null,null,null,null,null,null,null
2018-06-08 01:00:00,null,null,null,null,null,null,null,null,null
2018-06-08 02:00:00,null,null,null,null,null,null,null,null,null
2018-06-08 03:00:00,null,null,null,null,null,null,null,null,null
2018-06-08 04:00:00,null,null,null,null,null,null,null,null,null
2018-06-08 05:00:00,null,null,null,null,null,null,null,null,null
2018-06-08 06:00:00,null,null,null,null,null,null,null,null,null
2018-06-08 07:00:00,null,null,null,null,null,null,null,null,null
2018-06-08 08:00:00,null,null,null,null,null,null,null,null,null
2018-06-08 09:00:00,null,null,null,null,null,null,null,null,null
2018-06-08 10:00:00,null,null,null,null,null,null,null,null,null
2018-06-08 11:00:00,null,null,null,null,null,null,null,null,null
2018-06-08 12:00:00,null,null,null,null,null,null,null,null,null
2018-06-08 13:00:00,null,null,null,null,null,null,null,null,null
2018-06-08 14:00:00,null,null,null,null,null,null,null,null,null
2018-06-08 15:00:00,null,null,null,null,null,null,null,null,null
2018-06-08 16:00:00,null,null,null,null,null,null,null,null,null
2018-06-08 17:00:00,null,null,null,null,null,null,null,null,null
2018-06-08 18:00:00,null,null,null,null,null,null,null,null,null
2018-06-08 19:00:00,null,null,null,null,null,null,null,null,null
2018-06-08 20:00:00,null,null,null,null,null,null,null,null,null
2018-06-08 21:00:00,null,null,null,null,null,null,null,null,null
2018-06-08 22:00:00,null,null,null,null,null,null,null,null,null
2018-06-08 23:00:00,null,null,null,null,null,null,null,null,null
2018-06-09 00:00:00,null,null,null,null,null,null,null,null,null
2018-06-09 01:00:00,null,null,null,null,null,null,null,null,null
2018-06-09 02:00:00,null,null,null,null,null,null,null,null,null
2018-06-09 03:00:00,null,null,null,null,null,null,null,null,null
2018-06-09 04:00:00,null,null,null,null,null,null,null,null,null
2018-06-09 05:00:00,null,null,null,null,null,null,null,null,null
2018-06-09 06:00:00,null,null,null,null,null,null,null,null,null
2018-06-09 07:00:00,null,null,null,null,null,null,null,null,null
2018-06-09 08:00:00,null,null,null,null,null,null,null,null,null
2018-06-09 09:00:00,null,null,null,null,null,null,null,null,null
2018-06-09 10:00:00,null,null,null,null,null,null,null,null,null
2018-06-09 11:00:00,null,null,null,null,null,null,null,null,null
2018-06-09 12:00:00,null,null,null,null,null,null,null,null,null
2018-06-09 13:00:00,null,null,null,null,null,null,null,null,null
2018-06-09 14:00:00,null,null,null,null,null,null,null,null,null
2018-06-09 15:00:00,null,null,null,null,null,null,null,null,null
2018-06-09 16:00:00,null,null,null,null,null,null,null,null,null
2018-06-09 17:00:00,null,null,null,null,null,null,null,null,null
2018-06-09 18:00:00,null,null,null,null,null,null,null,null,null
2018-06-09 19:00:00,null,null,null,null,null,null,null,null,null
2018-06-09 20:00:00,null,null,null,null,null,null,null,null,null
2018-06-09 21:00:00,null,null,null,null,null,null,null,null,null
2018-06-09 22:00:00,null,null,null,null,null,null,null,null,null
2018-06-09 23:00:00,null,null,null,null,null,null,null,null,null
2018-06-10 00:00:00,null,null,null,null,null,null,null,null,null
2018-06-10 01:00:00,null,null,null,null,null,null,null,null,null
2018-06-10 02:00:00,null,null,null,null,null,null,null,null,null
2018-06-10 03:00:00,null,null,null,null,null,null,null,null,null
2018-06-10 04:00:00,null,null,null,null,null,null,null,null,null
2018-06-10 05:00:00,null,null,null,null,null,null,null,null,null
2018-06-10 06:00:00,null,null,null,null,null,null,null,null,null
2018-06-10 07:00:00,null,null,null,null,null,null,null,null,null
2018-06-10 08:00:00,null,null,null,null,null,null,null,null,null
2018-06-10 09:00:00,null,null,null,null,null,null,null,null,null
2018-06-10 10:00:00,null,null,null,null,null,null,null,null,null
2018-06-10 11:00:00,null,null,null,null,null,null,null,null,null
2018-06-10 12:00:00,null,null,null,null,null,null,null,null,null
2018-06-10 13:00:00,null,null,null,null,null,null,null,null,null
2018-06-10 14:00:00,null,null,null,null,null,null,null,null,null
2018-06-10 15:00:00,null,null,null,null,null,null,null,null,null
2018-06-10 16:00:00,null,null,null,null,null,null,null,null,null
2018-06-10 17:00:00,null,null,null,null,null,null,null,null,null
2018-06-10 18:00:00,null,null,null,null,null,null,null,null,null
2018-06-10 19:00:00,null,null,null,null,null,null,null,null,null
2018-06-10 20:00:00,null,null,null,null,null,null,null,null,null
2018-06-10 21:00:00,null,null,null,null,null,null,null,null,null
2018-06-10 22:00:00,null,null,null,null,null,null,null,null,null
2018-06-10 23:00:00,null,null,null,null,null,null,null,null,null
2018-06-11 00:00:00,null,null,null,null,null,null,null,null,null
2018-06-11 01:00:00,null,null,null,null,null,null,null,null,null
2018-06-11 02:00:00,null,null,null,null,null,null,null,null,null
2018-06-11 03:00:00,null,null,null,null,null,null,null,null,null
2018-06-11 04:00:00,null,null,null,null,null,null,null,null,null
2018-06-11 05:00:00,null,null,null,null,null,null,null,null,null
2018-06-11 06:00:00,null,null,null,null,null,null,null,null,null
2018-06-11 07:00:00,null,null,null,null,null,null,null,null,null
2018-06-11 08:00:00,null,null,null,null,null,null,null,null,null
2018-06-11 09:00:00,null,null,null,null,null,null,null,null,null
2018-06-11 10:00:00,null,null,null,null,null,null,null,null,null
2018-06-11 11:00:00,null,null,null,null,null,null,null,null,null
2018-06-11 12:00:00,null,null,null,null,null,null,null,null,null
2018-06-11 13:00:00,null,null,null,null,null,null,null,null,null
2018-06-11 14:00:00,null,null,null,null,null,null,null,null,null
2018-06-11 15:00:00,null,null,null,null,null,null,null,null,null
2018-06-11 16:00:00,null,null,null,null,null,null,null,null,null
2018-06-11 17:00:00,null,null,null,null,null,null,null,null,null
2018-06-11 18:00:00,null,null,null,null,null,null,null,null,null
2018-06-11 19:00:00,null,null,null,null,null,null,null,null,null
2018-06-11 20:00:00,null,null,null,null,null,null,null,null,null
2018-06-11 21:00:00,null,null,null,null,null,null,null,null,null
2018-06-11 22:00:00,null,null,null,null,null,null,null,null,null
2018-06-11 23:00:00,null,null,null,null,null,null,null,null,null
2018-06-12 00:00:00,null,null,null,null,null,null,null,null,null
2018-06-12 01:00:00,null,null,null,null,null,null,null,null,null
2018-06-12 02:00:00,null,null,null,null,null,null,null,null,null
2018-06-12 03:00:00,null,null,null,null,null,null,null,null,null
2018-06-12 04:00:00,null,null,null,null,null,null,null,null,null
2018-06-12 05:00:00,null,null,null,null,null,null,null,null,null
2018-06-12 06:00:00,null,null,null,null,null,null,null,null,null
2018-06-12 07:00:00,null,null,null,null,null,null,null,null,null
2018-06-12 08:00:00,null,null,null,null,null,null,null,null,null
2018-06-12 09:00:00,null,null,null,null,null,null,null,null,null
2018-06-12 10:00:00,null,null,null,null,null,null,null,null,null
2018-06-12 11:00:00,null,null,null,null,null,null,null,null,null
2018-06-12 12:00:00,null,null,null,null,null,null,null,null,null
2018-06-12 13:00:00,null,null,null,null,null,null,null,null,null
2018-06-12 14:00:00,null,null,null,null,null,null,null,null,null
2018-06-12 15:00:00,null,null,null,null,null,null,null,null,null
2018-06-12 16:00:00,null,null,null,null,null,null,null,null,null
2018-06-12 17:00:00,null,null,null,null,null,null,null,null,null
2018-06-12 18:00:00,null,null,null,null,null,null,null,null,null
2018-06-12 19:00:00,null,null,null,null,null,null,null,null,null
2018-06-12 20:00:00,null,null,null,null,null,null,null,null,null
2018-06-12 21:00:00,null,null,null,null,null,null,null,null,null
2018-06-12 22:00:00,null,null,null,null,null,null,null,null,null
2018-06-12 23:00:00,null,null,null,null,null,null,null,null,null
2018-06-13 00:00:00,null,null,null,null,null,null,null,null,null
2018-06-13 01:00:00,null,null,null,null,null,null,null,null,null
2018-06-13 02:00:00,null,null,null,null,null,null,null,null,null
2018-06-13 03:00:00,null,null,null,null,null,null,null,null,null
2018-06-13 04:00:00,null,null,null,null,null,null,null,null,null
2018-06-13 05:00:00,null,null,null,null,null,null,null,null,null
2018-06-13 06:00:00,null,null,null,null,null,null,null,null,null
2018-06-13 07:00:00,null,null,null,null,null,null,null,null,null
2018-06-13 08:00:00,null,null,null,null,null,null,null,null,null
2018-06-13 09:00:00,null,null,null,null,null,null,null,null,null
2018-06-13 10:00:00,null,null,null,null,null,null,null,null,null
2018-06-13 11:00:00,null,null,null,null,null,null,null,null,null
2018-06-13 12:00:00,null,null,null,null,null,null,null,null,null
2018-06-13 13:00:00,null,null,null,null,null,null,null,null,null
2018-06-13 14:00:00,null,null,null,null,null,null,null,null,null
2018-06-13 15:00:00,null,null,null,null,null,null,null,null,null
2018-06-13 16:00:00,null,null,null,null,null,null,null,null,null
2018-06-13 17:00:00,null,null,null,null,null,null,null,null,null
2018-06-13 18:00:00,null,null,null,null,null,null,null,null,null
2018-06-13 19:00:00,null,null,null,null,null,null,null,null,null
2018-06-13 20:00:00,null,null,null,null,null,null,null,null,null
2018-06-13 21:00:00,null,null,null,null,null,null,null,null,null
2018-06-13 22:00:00,null,null,null,null,null,null,null,null,null
2018-06-13 23:00:00,null,null,null,null,null,null,null,null,null
2018-06-14 00:00:00,null,null,null,null,null,null,null,null,null
2018-06-14 01:00:00,null,null,null,null,null,null,null,null,null
2018-06-14 02:00:00,null,null,null,null,null,null,null,null,null
2018-06-14 03:00:00,null,null,null,null,null,null,null,null,null
2018-06-14 04:00:00,null,null,null,null,null,null,null,null,null
2018-06-14 05:00:00,null,null,null,null,null,null,null,null,null
2018-06-14 06:00:00,null,null,null,null,null,null,null,null,null
2018-06-14 07:00:00,null,null,null,null,null,null,null,null,null
2018-06-14 08:00:00,null,null,null,null,null,null,null,null,null
2018-06-14 09:00:00,null,null,null,null,null,null,null,null,null
2018-06-14 10:00:00,null,null,null,null,null,null,null,null,null
2018-06-14 11:00:00,null,null,null,null,null,null,null,null,null
2018-06-14 12:00:00,null,null,null,null,null,null,null,null,null
2018-06-14 13:00:00,null,null,null,null,null,null,null,null,null
2018-06-14 14:00:00,null,null,null,null,null,null,null,null,null
2018-06-14 15:00:00,null,null,null,null,null,null,null,null,null
2018-06-14 16:00:00,null,null,null,null,null,null,null,null,null
2018-06-14 17:00:00,null,null,null,null,null,null,null,null,null
2018-06-14 18:00:00,null,null,null,null,null,null,null,null,null
2018-06-14 19:00:00,null,null,null,null,null,null,null,null,null
2018-06-14 20:00:00,null,null,null,null,null,null,null,null,null
2018-06-14 21:00:00,null,null,null,null,null,null,null,null,null
2018-06-14 22:00:00,null,null,null,null,null,null,null,null,null
2018-06-14 23:00:00,null,null,null,null,null,null,null,null,null
2018-06-15 00:00:00,null,null,null,null,null,null,null,null,null
2018-06-15 01:00:00,null,null,null,null,null,null,null,null,null
2018-06-15 02:00:00,null,null,null,null,null,null,null,null,null
2018-06-15 03:00:00,null,null,null,null,null,null,null,null,null
2018-06-15 04:00:00,null,null,null,null,null,null,null,null,null
2018-06-15 05:00:00,null,null,null,null,null,null,null,null,null
2018-06-15 06:00:00,null,null,null,null,null,null,null,null,null
2018-06-15 07:00:00,null,null,null,null,null,null,null,null,null
2018-06-15 08:00:00,null,null,null,null,null,null,null,null,null
2018-06-15 09:00:00,null,null,null,null,null,null,null,null,null
2018-06-15 10:00:00,null,null,null,null,null,null,null,null,null
2018-06-15 11:00:00,null,null,null,null,null,null,null,null,null
2018-06-15 12:00:00,null,null,null,null,null,null,null,null,null
2018-06-15 13:00:00,null,null,null,null,null,null,null,null,null
2018-06-15 14:00:00,null,null,null,null,null,null,null,null,null
2018-06-15 15:00:00,null,null,null,null,null,null,null,null,null
2018-06-15 16:00:00,null,null,null,null,null,null,null,null,null
2018-06-15 17:00:00,null,null,null,null,null,null,null,null,null
2018-06-15 18:00:00,null,null,null,null,null,null,null,null,null
2018-06-15 19:00:00,null,null,null,null,null,null,null,null,null
2018-06-15 20:00:00,null,null,null,null,null,null,null,null,null
2018-06-15 21:00:00,null,null,null,null,null,null,null,null,null
2018-06-15 22:00:00,null,null,null,null,null,null,null,null,null
2018-06-15 23:00:00,null,null,null,null,null,null,null,null,null
2018-06-16 00:00:00,null,null,null,null,null,null,null,null,null
2018-06-16 01:00:00,null,null,null,null,null,null,null,null,null
2018-06-16 02:00:00,null,null,null,null,null,null,null,null,null
2018-06-16 03:00:00,null,null,null,null,null,null,null,null,null
2018-06-16 04:00:00,null,null,null,null,null,null,null,null,null
2018-06-16 05:00:00,null,null,null,null,null,null,null,null,null
2018-06-16 06:00:00,null,null,null,null,null,null,null,null,null
2018-06-16 07:00:00,null,null,null,null,null,null,null,null,null
2018-06-16 08:00:00,null,null,null,null,null,null,null,null,null
2018-06-16 09:00:00,null,null,null,null,null,null,null,null,null
2018-06-16 10:00:00,null,null,null,null,null,null,null,null,null
2018-06-16 11:00:00,null,null,null,null,null,null,null,null,null
2018-06-16 12:00:00,null,null,null,null,null,null,null,null,null
2018-06-16 13:00:00,null,null,null,null,null,null,null,null,null
2018-06-16 14:00:00,null,null,null,null,null,null,null,null,null
2018-06-16 15:00:00,null,null,null,null,null,null,null,null,null
2018-06-16 16:00:00,null,null,null,null,null,null,null,null,null
2018-06-16 17:00:00,null,null,null,null,null,null,null,null,null
2018-06-16 18:00:00,null,null,null,null,null,null,null,null,null
2018-06-16 19:00:00,null,null,null,null,null,null,null,null,null
2018-06-16 20:00:00,null,null,null,null,null,null,null,null,null
2018-06-16 21:00:00,null,null,null,null,null,null,null,null,null
2018-06-16 22:00:00,null,null,null,null,null,null,null,null,null
2018-06-16 23:00:00,null,null,null,null,null,null,null,null,null
2018-06-17 00:00:00,null,null,null,null,null,null,null,null,null
2018-06-17 01:00:00,null,null,null,null,null,null,null,null,null
2018-06-17 02:00:00,null,null,null,null,null,null,null,null,null
2018-06-17 03:00:00,null,null,null,null,null,null,null,null,null
2018-06-17 04:00:00,null,null,null,null,null,null,null,null,null
2018-06-17 05:00:00,null,null,null,null,null,null,null,null,null
2018-06-17 06:00:00,null,null,null,null,null,null,null,null,null
2018-06-17 07:00:00,null,null,null,null,null,null,null,null,null
2018-06-17 08:00:00,null,null,null,null,null,null,null,null,null
2018-06-17 09:00:00,null,null,null,null,null,null,null,null,null
2018-06-17 10:00:00,null,null,null,null,null,null,null,null,null
2018-06-17 11:00:00,null,null,null,null,null,null,null,null,null
2018-06-17 12:00:00,null,null,null,null,null,null,null,null,null
2018-06-17 13:00:00,null,null,null,null,null,null,null,null,null
2018-06-17 14:00:00,null,null,null,null,null,null,null,null,null
2018-06-17 15:00:00,null,null,null,null,null,null,null,null,null
2018-06-17 16:00:00,null,null,null,null,null,null,null,null,null
2018-06-17 17:00:00,null,null,null,null,null,null,null,null,null
2018-06-17 18:00:00,null,null,null,null,null,null,null,null,null
2018-06-17 19:00:00,null,null,null,null,null,null,null,null,null
2018-06-17 20:00:00,null,null,null,null,null,null,null,null,null
2018-06-17 21:00:00,null,null,null,null,null,null,null,null,null
2018-06-17 22:00:00,null,null,null,null,null,null,null,null,null
2018-06-17 23:00:00,null,null,null,null,null,null,null,null,null
2018-06-18 00:00:00,null,null,null,null,null,null,null,null,null
2018-06-18 01:00:00,null,null,null,null,null,null,null,null,null
2018-06-18 02:00:00,null,null,null,null,null,null,null,null,null
2018-06-18 03:00:00,null,null,null,null,null,null,null,null,null
2018-06-18 04:00:00,null,null,null,null,null,null,null,null,null
2018-06-18 05:00:00,null,null,null,null,null,null,null,null,null
2018-06-18 06:00:00,null,null,null,null,null,null,null,null,null
2018-06-18 07:00:00,null,null,null,null,null,null,null,null,null
2018-06-18 08:00:00,null,null,null,null,null,null,null,null,null
2018-06-18 09:00:00,null,null,null,null,null,null,null,null,null
2018-06-18 10:00:00,null,null,null,null,null,null,null,null,null
2018-06-18 11:00:00,null,null,null,null,null,null,null,null,null
2018-06-18 12:00:00,null,null,null,null,null,null,null,null,null
2018-06-18 13:00:00,null,null,null,null,null,null,null,null,null
2018-06-18 14:00:00,null,null,null,null,null,null,null,null,null
2018-06-18 15:00:00,null,null,null,null,null,null,null,null,null
2018-06-18 16:00:00,null,null,null,null,null,null,null,null,null
2018-06-18 17:00:00,null,null,null,null,null,null,null,null,null
2018-06-18 18:00:00,null,null,null,null,null,null,null,null,null
2018-06-18 19:00:00,null,null,null,null,null,null,null,null,null
2018-06-18 20:00:00,null,null,null,null,null,null,null,null,null
2018-06-18 21:00:00,null,null,null,null,null,null,null,null,null
2018-06-18 22:00:00,null,null,null,null,null,null,null,null,null
2018-06-18 23:00:00,null,null,null,null,null,null,null,null,null
2018-06-19 00:00:00,null,null,null,null,null,null,null,null,null
2018-06-19 01:00:00,null,null,null,2.75,null,null,808.339,null,null
2018-06-19 02:00:00,16.12,98.0,1.076,2.23,231.7,0.1,807.989,-0.7,null
2018-06-19 03:00:00,16.24,96.3,1.626,4.21,232.2,0.0,807.596,-0.5,null
2018-06-19 04:00:00,15.55,99.8,2.729,5.36,226.4,1.5,807.389,0.0,null
2018-06-19 05:00:00,15.2,100.0,2.225,5.01,187.8,0.5,807.464,-0.2,null
2018-06-19 06:00:00,14.87,99.7,2.584,4.43,213.1,0.9,807.672,-0.2,null
2018-06-19 07:00:00,14.92,100.0,1.946,3.68,211.0,0.5,807.96,14.2,null
2018-06-19 08:00:00,15.45,100.0,1.995,4.32,198.1,0.0,808.235,77.9,null
2018-06-19 09:00:00,16.09,95.2,2.702,4.84,202.1,0.0,808.422,230.5,null
2018-06-19 10:00:00,17.97,78.0,3.311,5.82,219.5,0.0,808.323,493.1,null
2018-06-19 11:00:00,19.21,71.0,3.105,6.52,220.9,0.0,808.302,561.3,null
2018-06-19 12:00:00,19.79,68.6,2.783,5.73,232.6,0.0,808.074,379.9,null
2018-06-19 13:00:00,21.39,59.9,3.33,6.11,256.4,0.0,807.696,719.0,null
2018-06-19 14:00:00,23.08,54.2,2.913,6.21,242.0,0.0,806.979,935.3,null
2018-06-19 15:00:00,23.06,54.6,2.702,5.5,257.5,0.0,806.09,355.9,null
2018-06-19 16:00:00,21.6,68.5,4.424,10.13,214.3,0.3,805.826,323.7,null
2018-06-19 17:00:00,20.8,67.1,4.527,8.01,196.6,0.0,805.97,423.4,null
2018-06-19 18:00:00,18.63,85.0,5.045,10.42,206.4,0.7,806.386,87.2,null
2018-06-19 19:00:00,16.66,99.3,3.732,6.87,216.6,1.1,806.932,35.4,null
2018-06-19 20:00:00,16.78,99.1,1.846,5.06,214.5,0.1,807.261,1.0,null
2018-06-19 21:00:00,16.85,96.4,3.235,7.73,231.0,1.4,807.881,-0.2,null
2018-06-19 22:00:00,15.77,98.7,3.368,6.76,242.1,4.3,808.315,-0.2,null
2018-06-19 23:00:00,15.34,99.8,2.173,5.91,240.6,5.4,808.68,-0.3,null
2018-06-20 00:00:00,15.63,99.2,1.929,5.06,220.9,1.0,808.748,-0.4,null
2018-06-20 01:00:00,15.32,100.0,3.014,6.0,236.9,3.2,808.62,-0.2,null
2018-06-20 02:00:00,14.96,100.0,2.721,4.94,226.9,2.7,808.243,-0.1,null
2018-06-20 03:00:00,14.65,100.0,2.092,3.76,186.8,2.5,807.867,-0.1,null
2018-06-20 04:00:00,14.39,100.0,2.353,4.26,171.4,1.8,807.595,-0.2,null
2018-06-20 05:00:00,14.24,100.0,2.455,5.28,200.6,2.5,807.559,-0.1,null
2018-06-20 06:00:00,13.83,100.0,3.474,7.16,194.7,1.5,807.803,0.1,null
2018-06-20 07:00:00,13.57,97.8,3.064,5.87,203.7,0.1,808.06,17.7,null
2018-06-20 08:00:00,13.72,95.8,2.114,4.25,220.0,0.1,808.311,45.8,null
2018-06-20 09:00:00,14.56,92.4,1.529,3.08,239.3,0.0,808.376,142.8,null
2018-06-20 10:00:00,15.96,85.9,1.825,4.51,266.0,0.0,808.431,239.4,null
2018-06-20 11:00:00,16.42,83.8,2.831,4.94,259.8,0.0,808.461,147.3,null
2018-06-20 12:00:00,16.68,80.7,2.728,5.2,251.2,0.0,808.595,130.5,null
2018-06-20 13:00:00,18.14,74.5,2.686,5.7,239.6,0.0,808.422,442.3,null
2018-06-20 14:00:00,19.46,69.5,3.33,5.89,250.3,0.0,807.862,587.5,null
2018-06-20 15:00:00,20.2,67.0,3.055,5.92,263.5,0.0,807.334,598.0,null
2018-06-20 16:00:00,20.9,63.1,2.987,5.95,247.9,0.0,806.802,408.8,null
2018-06-20 17:00:00,21.43,60.8,2.872,6.4,250.1,0.0,806.3,379.7,null
2018-06-20 18:00:00,21.17,64.5,2.518,5.27,218.3,0.0,806.046,167.2,null
2018-06-20 19:00:00,20.48,66.7,2.877,5.43,243.6,0.0,806.547,49.1,null
2018-06-20 20:00:00,19.55,72.5,1.928,4.02,282.1,0.0,806.978,0.9,null
2018-06-20 21:00:00,18.95,74.5,1.593,3.1,306.0,0.0,807.506,-0.8,null
2018-06-20 22:00:00,18.74,76.8,1.71,4.07,280.7,0.0,808.152,-1.1,null
2018-06-20 23:00:00,18.1,81.2,2.045,5.13,227.4,0.0,808.52,-1.4,null
2018-06-21 00:00:00,17.48,87.7,1.377,3.14,187.0,0.0,808.411,-1.1,null
2018-06-21 01:00:00,17.05,91.8,2.138,3.97,192.7,0.0,807.852,-0.5,null
2018-06-21 02:00:00,16.29,96.2,1.998,3.33,172.1,0.2,807.372,-0.8,null
2018-06-21 03:00:00,16.08,96.3,1.617,2.96,158.4,0.4,807.378,-0.9,null
2018-06-21 04:00:00,15.4,86.4,2.23,4.4,204.7,0.2,807.499,-0.8,null
2018-06-21 05:00:00,14.34,80.9,2.03,4.41,210.3,0.0,807.662,-0.4,null
2018-06-21 06:00:00,13.7,85.2,2.096,4.15,208.7,0.2,807.724,-0.9,null
2018-06-21 07:00:00,13.72,79.4,2.824,6.57,211.8,0.0,808.148,16.1,null
2018-06-21 08:00:00,13.84,75.0,2.4,5.24,218.8,0.0,808.832,60.6,null
2018-06-21 09:00:00,14.48,71.9,2.134,5.15,251.1,0.0,809.007,188.4,null
2018-06-21 10:00:00,15.53,63.4,2.873,4.98,224.9,0.0,808.83,266.5,null
2018-06-21 11:00:00,17.55,59.7,2.626,4.71,217.0,0.0,808.41,554.4,null
2018-06-21 12:00:00,19.05,59.5,3.138,5.89,218.9,0.0,807.992,504.7,null
2018-06-21 13:00:00,19.95,59.1,2.838,5.44,213.1,0.0,807.722,445.6,null
2018-06-21 14:00:00,20.4,61.7,2.7,5.42,199.0,0.0,807.336,389.1,null
2018-06-21 15:00:00,21.54,57.9,2.191,4.76,243.5,0.0,806.71,455.1,null
2018-06-21 16:00:00,22.38,55.1,1.578,4.08,226.0,0.0,806.032,447.7,null
2018-06-21 17:00:00,22.45,52.8,1.505,4.0,228.2,0.0,805.405,254.4,null
2018-06-21 18:00:00,22.31,52.4,1.24,3.3,220.7,0.0,805.39,125.1,null
2018-06-21 19:00:00,18.94,77.6,2.918,5.93,320.6,3.6,806.37,5.4,null
2018-06-21 20:00:00,16.81,null,2.991,4.37,319.1,2.2,806.182,-9.7,null
2018-06-21 21:00:00,17.85,92.4,2.19,4.18,325.2,0.3,807.345,-1.0,null
2018-06-21 22:00:00,16.54,87.3,1.483,2.89,337.3,0.0,807.93,-0.2,null
2018-06-21 23:00:00,16.74,88.8,1.358,2.56,9.5,0.0,808.417,-0.3,null
2018-06-22 00:00:00,16.52,91.1,1.343,2.08,108.6,0.0,808.525,-0.4,null
2018-06-22 01:00:00,16.3,92.1,1.194,2.55,140.0,0.0,808.524,-0.8,null
2018-06-22 02:00:00,16.24,90.0,0.824,2.51,213.2,0.0,808.341,-1.0,null
2018-06-22 03:00:00,16.22,77.0,1.266,2.55,212.7,0.0,808.195,-0.7,null
2018-06-22 04:00:00,15.77,75.6,1.784,4.08,204.2,0.0,808.107,-0.7,null
2018-06-22 05:00:00,15.56,76.1,0.875,2.16,204.7,0.0,808.215,-0.6,null
2018-06-22 06:00:00,15.38,79.8,0.662,1.54,199.0,0.0,808.245,-0.5,null
2018-06-22 07:00:00,15.43,82.1,1.339,1.95,100.9,0.0,808.536,42.3,null
2018-06-22 08:00:00,17.03,74.7,0.664,1.64,316.8,0.0,808.959,227.2,null
2018-06-22 09:00:00,18.22,66.0,1.76,4.17,205.8,0.0,809.192,450.0,null
2018-06-22 10:00:00,19.48,61.4,2.091,4.93,214.7,0.0,809.264,659.4,null
2018-06-22 11:00:00,21.11,52.7,1.557,3.88,203.6,0.0,808.995,843.5,null
2018-06-22 12:00:00,22.7,46.3,1.792,4.42,216.7,0.0,808.72,970.8,null
2018-06-22 13:00:00,24.08,42.0,2.325,6.3,215.4,0.0,808.23,1072.8,null
2018-06-22 14:00:00,24.59,41.7,2.94,5.9,225.7,0.0,807.615,651.6,null
2018-06-22 15:00:00,23.7,44.5,2.208,4.84,213.6,0.0,807.2,278.2,null
2018-06-22 16:00:00,24.29,43.0,2.788,4.62,226.5,0.0,806.689,482.1,null
2018-06-22 17:00:00,24.3,44.4,3.213,6.2,214.7,0.0,806.36,333.8,null
2018-06-22 18:00:00,21.65,55.0,3.105,8.67,259.6,0.0,806.449,49.6,null
2018-06-22 19:00:00,21.39,67.0,1.819,5.07,40.9,0.0,806.928,10.0,null
2018-06-22 20:00:00,21.78,68.0,2.91,6.72,96.5,0.0,801.043,-8.4,null
2018-06-22 21:00:00,21.51,87.9,2.964,6.92,32.6,0.5,806.692,-2.9,null
2018-06-22 22:00:00,16.32,92.2,2.785,5.7,28.3,0.3,809.124,-1.1,null
2018-06-22 23:00:00,16.26,88.7,2.079,5.48,82.4,0.0,809.665,-1.5,null
2018-06-23 00:00:00,16.18,88.0,1.235,3.99,325.5,0.0,809.92,-1.1,null
2018-06-23 01:00:00,16.26,89.4,1.195,2.59,349.2,0.0,809.669,-0.7,null
2018-06-23 02:00:00,16.37,87.0,1.387,2.88,3.0,0.0,809.118,-0.6,null
2018-06-23 03:00:00,16.14,88.5,1.304,2.41,357.7,0.0,808.733,-0.9,null
2018-06-23 04:00:00,15.99,89.8,0.551,1.48,192.0,0.0,808.509,-0.7,null
2018-06-23 05:00:00,15.55,89.8,1.326,2.13,28.2,0.0,808.441,-1.1,null
2018-06-23 06:00:00,15.24,90.1,1.347,2.08,72.8,0.0,808.509,-0.7,null
2018-06-23 07:00:00,15.11,92.2,1.801,2.72,358.7,0.0,808.91,40.1,null
2018-06-23 08:00:00,16.16,87.5,1.646,2.57,5.8,0.0,809.498,181.4,null
2018-06-23 09:00:00,18.39,73.8,0.936,2.08,258.3,0.0,809.895,344.0,null
2018-06-23 10:00:00,19.85,67.4,1.194,3.14,217.9,0.0,809.868,571.9,null
2018-06-23 11:00:00,21.31,61.6,2.098,5.34,223.3,0.0,809.554,882.7,null
2018-06-23 12:00:00,22.75,57.0,2.368,5.39,193.8,0.0,809.141,1030.1,null
2018-06-23 13:00:00,23.82,51.1,2.38,5.89,211.1,0.0,808.349,842.4,null
2018-06-23 14:00:00,25.26,57.8,2.585,5.98,301.9,0.0,807.969,384.1,null
2018-06-23 15:00:00,null,52.6,3.022,8.57,26.5,1.1,806.252,102.6,null
2018-06-23 16:00:00,24.08,68.9,1.64,4.25,317.3,0.0,806.202,369.3,null
2018-06-23 17:00:00,23.39,51.0,1.556,4.02,197.2,0.0,805.682,372.4,null
2018-06-23 18:00:00,23.65,52.0,0.752,2.82,342.7,0.0,805.525,186.2,null
2018-06-23 19:00:00,22.29,58.5,1.256,3.28,20.8,0.0,806.135,29.9,null
2018-06-23 20:00:00,20.55,60.8,1.324,2.97,4.8,0.0,807.813,1.3,null
2018-06-23 21:00:00,19.93,66.7,2.094,6.24,350.8,0.0,806.953,-1.1,null
2018-06-23 22:00:00,18.77,71.7,2.435,10.13,151.8,0.0,808.253,0.1,null
2018-06-23 23:00:00,16.52,76.7,3.518,8.31,151.4,3.8,809.255,-3.6,null
2018-06-24 00:00:00,19.42,91.9,1.411,4.13,344.5,0.2,809.323,-2.2,null
2018-06-24 01:00:00,15.24,90.0,0.775,1.86,134.0,0.0,809.139,-1.2,null
2018-06-24 02:00:00,15.24,91.5,1.594,2.92,153.9,0.0,808.761,-1.4,null
2018-06-24 03:00:00,15.1,97.0,1.468,2.58,199.1,0.0,808.535,-1.2,null
2018-06-24 04:00:00,15.16,93.1,2.188,4.3,264.0,0.0,808.375,-1.5,null
2018-06-24 05:00:00,15.07,90.6,1.59,4.95,276.5,0.0,808.411,-1.3,null
2018-06-24 06:00:00,14.63,93.1,0.557,1.47,324.9,0.0,808.487,-0.9,null
2018-06-24 07:00:00,14.34,96.7,1.172,2.34,134.9,0.0,808.595,67.7,null
2018-06-24 08:00:00,15.72,88.1,0.914,1.91,140.6,0.0,808.876,245.7,null
2018-06-24 09:00:00,17.43,77.0,1.588,3.88,175.2,0.0,808.891,506.9,null
2018-06-24 10:00:00,18.69,70.3,2.512,5.28,181.8,0.0,808.668,707.4,null
2018-06-24 11:00:00,20.34,62.0,3.012,6.51,198.4,0.0,808.535,878.8,null
2018-06-24 12:00:00,22.08,52.9,2.96,6.45,201.9,0.0,808.328,982.6,null
2018-06-24 13:00:00,23.48,47.7,3.433,6.24,204.0,0.0,808.06,1010.9,null
2018-06-24 14:00:00,24.72,44.4,3.324,8.02,218.7,0.0,807.237,1052.8,null
2018-06-24 15:00:00,25.5,40.0,2.727,7.75,231.4,0.0,806.415,904.6,null
2018-06-24 16:00:00,25.1,41.9,2.124,4.97,299.2,0.0,805.673,468.3,null
2018-06-24 17:00:00,26.43,46.3,3.063,5.68,279.4,0.0,805.966,171.5,null
2018-06-24 18:00:00,24.26,48.0,2.978,9.82,121.6,0.0,804.257,72.9,null
2018-06-24 19:00:00,19.92,53.0,5.306,12.04,160.4,0.0,799.335,-11.0,null
2018-06-24 20:00:00,20.58,59.6,2.379,4.3,272.7,0.0,806.585,4.2,null
2018-06-24 21:00:00,18.9,61.0,1.922,3.79,91.4,0.0,807.118,-1.4,null
2018-06-24 22:00:00,18.58,65.3,1.463,3.81,127.8,0.0,808.038,-1.0,null
2018-06-24 23:00:00,18.49,65.9,0.979,1.9,135.6,0.0,808.499,-1.2,null
2018-06-25 00:00:00,18.76,67.5,0.929,3.21,210.4,0.0,808.829,-0.9,null
2018-06-25 01:00:00,17.25,73.9,1.71,3.64,286.3,0.0,807.808,-0.6,null
2018-06-25 02:00:00,16.59,67.9,1.512,5.58,182.1,0.0,807.855,-32.0,null
2018-06-25 03:00:00,20.4,82.0,0.702,1.99,156.4,0.0,808.373,-5.4,null
2018-06-25 04:00:00,16.63,84.4,1.27,3.33,25.6,0.0,808.124,-1.0,null
2018-06-25 05:00:00,15.8,87.3,2.115,3.78,32.5,0.0,808.459,-0.5,null
2018-06-25 06:00:00,15.46,79.4,2.654,4.83,359.0,0.0,808.588,-0.6,null
2018-06-25 07:00:00,15.49,75.7,1.964,4.17,9.9,0.0,808.871,32.0,null
2018-06-25 08:00:00,16.54,71.2,1.485,3.35,30.2,0.0,809.384,163.2,null
2018-06-25 09:00:00,17.66,73.4,1.325,2.59,138.9,0.0,809.564,249.9,null
2018-06-25 10:00:00,19.46,67.0,1.158,2.84,181.2,0.0,809.607,553.9,null
2018-06-25 11:00:00,21.07,55.5,1.404,3.38,223.1,0.0,809.418,581.3,null
2018-06-25 12:00:00,23.26,46.8,1.578,4.14,216.4,0.0,809.005,1003.7,null
2018-06-25 13:00:00,24.36,42.2,1.799,4.24,242.1,0.0,808.371,1085.0,null
2018-06-25 14:00:00,24.11,45.6,2.867,5.41,266.8,0.0,807.723,485.8,null
2018-06-25 15:00:00,24.14,57.1,3.417,7.18,306.1,0.0,805.903,100.3,null
2018-06-25 16:00:00,21.15,68.2,3.114,6.52,69.5,0.0,807.44,213.3,null
2018-06-25 17:00:00,18.71,70.7,4.993,11.41,57.7,0.0,807.244,240.4,null
2018-06-25 18:00:00,18.39,73.1,2.162,6.79,331.3,0.5,807.631,20.2,null
2018-06-25 19:00:00,17.3,88.7,1.407,3.33,338.6,0.4,807.935,8.4,null
2018-06-25 20:00:00,17.38,86.7,1.254,2.5,107.3,0.0,808.871,0.1,null
2018-06-25 21:00:00,17.24,88.2,2.021,3.83,158.2,0.0,809.668,-0.8,null
2018-06-25 22:00:00,16.27,95.9,1.311,3.3,135.8,1.8,810.201,-0.5,null
2018-06-25 23:00:00,16.1,93.9,1.811,3.94,125.6,0.4,810.632,-0.9,null
2018-06-26 00:00:00,15.65,89.9,1.791,6.09,75.1,0.0,810.667,-1.1,null
2018-06-26 01:00:00,15.45,89.1,1.436,2.72,31.2,0.0,810.238,-1.0,null
2018-06-26 02:00:00,15.41,92.3,2.077,3.32,3.4,0.0,809.756,-0.7,null
2018-06-26 03:00:00,15.52,91.5,1.926,3.11,0.1,0.0,809.704,-0.5,null
2018-06-26 04:00:00,15.46,92.4,1.471,2.9,92.2,0.0,809.702,-0.4,null
2018-06-26 05:00:00,15.5,93.0,0.808,1.83,286.0,0.0,809.827,-0.5,null
2018-06-26 06:00:00,15.49,92.0,1.265,2.57,103.6,0.0,809.841,-0.5,null
2018-06-26 07:00:00,15.77,90.8,1.043,2.35,0.9,0.0,810.099,6.1,null
2018-06-26 08:00:00,16.07,90.8,1.064,2.06,152.0,0.0,810.722,62.2,null
2018-06-26 09:00:00,16.63,83.3,1.43,4.03,103.0,0.0,811.208,159.5,null
2018-06-26 10:00:00,17.57,77.3,1.804,3.96,64.5,0.0,811.464,273.9,null
2018-06-26 11:00:00,19.01,70.3,2.348,5.27,70.7,0.0,811.356,603.0,null
2018-06-26 12:00:00,20.29,63.9,3.438,6.09,86.1,0.0,811.146,690.9,null
2018-06-26 13:00:00,21.71,57.4,3.416,6.38,82.2,0.0,810.435,1039.0,null
2018-06-26 14:00:00,22.48,51.2,3.099,6.7,73.7,0.0,809.761,851.0,null
2018-06-26 15:00:00,23.64,46.3,2.535,5.53,73.6,0.0,808.903,927.1,null
2018-06-26 16:00:00,24.1,43.6,2.906,11.16,79.8,0.0,808.301,789.0,null
2018-06-26 17:00:00,24.34,45.5,2.636,7.88,27.2,0.0,807.665,539.4,null
2018-06-26 18:00:00,23.66,50.3,4.074,6.85,334.6,0.0,807.456,279.9,null
2018-06-26 19:00:00,22.55,54.1,3.173,5.53,344.2,0.0,807.567,57.0,null
2018-06-26 20:00:00,20.68,66.5,4.502,14.44,14.3,12.4,808.336,13.4,null
2018-06-26 21:00:00,16.08,93.0,3.537,7.55,130.9,14.1,808.93,-5.3,null
2018-06-26 22:00:00,17.75,91.5,2.338,6.6,150.0,0.1,810.134,-1.4,null
2018-06-26 23:00:00,16.77,97.9,0.947,2.2,302.9,0.0,810.859,-0.5,null
2018-06-27 00:00:00,17.11,96.8,0.614,1.76,248.8,0.1,811.023,-0.5,null
2018-06-27 01:00:00,17.1,92.8,1.022,2.16,122.0,0.0,810.847,-0.8,null
2018-06-27 02:00:00,17.02,90.7,1.46,2.8,102.6,0.0,810.3,-1.2,null
2018-06-27 03:00:00,16.78,91.3,1.64,4.13,116.7,0.0,809.984,-0.6,null
2018-06-27 04:00:00,16.47,92.3,1.85,5.8,84.5,0.0,809.919,-0.5,null
2018-06-27 05:00:00,14.87,90.1,3.259,6.5,106.9,0.5,809.756,-4.6,null
2018-06-27 06:00:00,14.85,93.1,1.958,3.59,321.1,0.2,810.297,-1.0,null
2018-06-27 07:00:00,14.91,94.2,1.844,3.03,346.6,0.0,810.383,28.5,null
2018-06-27 08:00:00,15.77,86.2,0.732,1.48,303.3,0.0,810.851,116.4,null
2018-06-27 09:00:00,17.26,79.8,0.807,2.28,236.7,0.0,811.306,348.7,null
2018-06-27 10:00:00,18.77,73.7,1.269,3.47,145.2,0.0,811.25,586.3,null
2018-06-27 11:00:00,19.98,68.6,1.36,3.18,142.5,0.0,811.051,793.7,null
2018-06-27 12:00:00,22.37,56.1,2.028,4.46,226.3,0.0,810.705,1002.9,null
2018-06-27 13:00:00,23.53,48.1,2.092,4.86,204.8,0.0,810.063,1053.5,null
2018-06-27 14:00:00,24.95,43.8,1.979,4.52,235.6,0.0,809.521,1044.3,null
2018-06-27 15:00:00,25.96,41.6,2.158,4.93,239.5,0.0,808.63,958.2,null
2018-06-27 16:00:00,26.02,41.4,2.196,8.85,257.7,0.0,807.652,470.8,null
2018-06-27 17:00:00,20.62,64.7,6.888,12.38,358.6,2.7,807.836,71.7,null
2018-06-27 18:00:00,19.01,73.6,3.554,8.09,350.2,1.5,808.787,34.9,null
2018-06-27 19:00:00,18.93,76.3,2.506,5.79,159.9,0.0,807.988,22.9,null
2018-06-27 20:00:00,18.98,76.1,1.595,4.53,179.3,0.8,808.768,-0.4,null
2018-06-27 21:00:00,20.98,84.0,1.564,3.02,112.4,1.4,809.257,-1.8,null
2018-06-27 22:00:00,19.44,89.4,4.003,9.26,112.0,23.0,808.836,-6.5,null
2018-06-27 23:00:00,null,64.9,2.275,3.74,319.8,1.8,804.85,-3.0,null
2018-06-28 00:00:00,17.71,95.7,2.671,5.04,351.0,4.2,811.543,-7.1,null
2018-06-28 01:00:00,19.14,95.5,2.37,4.36,291.5,8.7,810.241,-0.8,null
2018-06-28 02:00:00,14.65,98.8,2.2,4.39,7.4,5.3,811.196,0.2,null
2018-06-28 03:00:00,14.29,99.6,2.371,4.6,355.1,9.7,810.658,0.2,null
2018-06-28 04:00:00,14.5,98.1,2.059,5.45,341.3,0.9,810.395,-0.3,null
2018-06-28 05:00:00,14.53,94.0,3.384,6.23,9.9,0.2,810.282,0.2,null
2018-06-28 06:00:00,14.55,93.3,3.14,5.54,11.8,0.6,810.486,-0.4,null
2018-06-28 07:00:00,16.27,92.6,0.882,3.34,351.3,2.6,810.636,28.4,null
2018-06-28 08:00:00,15.49,93.5,1.009,2.49,321.8,0.0,811.212,209.9,null
2018-06-28 09:00:00,17.39,82.4,1.261,2.46,283.6,0.0,811.197,406.6,null
2018-06-28 10:00:00,19.34,74.3,1.421,3.44,152.3,0.0,811.192,672.0,null
2018-06-28 11:00:00,19.71,69.1,1.364,3.92,80.5,0.0,811.177,464.6,null
2018-06-28 12:00:00,21.99,57.8,1.378,3.61,169.4,0.0,811.001,872.9,null
2018-06-28 13:00:00,22.28,54.7,2.07,5.1,163.4,0.0,810.497,575.9,null
2018-06-28 14:00:00,22.31,50.0,1.932,4.02,150.6,0.0,809.767,369.9,null
2018-06-28 15:00:00,23.81,46.4,1.843,4.25,262.6,0.0,808.851,701.4,null
2018-06-28 16:00:00,24.24,46.6,2.055,3.89,254.6,0.0,807.882,359.1,null
2018-06-28 17:00:00,22.46,60.2,3.267,5.51,322.4,0.0,807.443,209.3,null
2018-06-28 18:00:00,21.88,60.3,3.652,6.73,348.9,0.0,807.387,179.0,null
2018-06-28 19:00:00,21.04,64.0,3.133,7.39,345.5,0.0,807.939,61.0,null
2018-06-28 20:00:00,13.52,64.8,2.765,7.75,121.6,1.0,810.912,4.5,null
2018-06-28 21:00:00,22.02,85.1,2.193,5.34,175.3,0.0,805.311,-30.3,null
2018-06-28 22:00:00,15.43,88.9,2.082,3.95,231.2,0.0,811.091,-0.7,null
2018-06-28 23:00:00,14.64,89.3,2.088,4.16,350.1,0.0,811.252,-1.1,null
2018-06-29 00:00:00,15.01,89.6,2.109,3.23,8.4,0.0,811.152,-1.2,null
2018-06-29 01:00:00,14.7,90.5,2.283,3.21,14.4,0.0,810.914,-1.2,null
2018-06-29 02:00:00,14.52,88.2,2.242,3.44,20.8,0.0,810.668,-1.4,null
2018-06-29 03:00:00,14.72,84.5,2.859,4.0,23.2,0.0,810.408,-1.2,null
2018-06-29 04:00:00,15.07,86.2,1.85,3.17,37.6,0.0,810.359,-0.6,null
2018-06-29 05:00:00,14.72,90.2,1.147,1.8,353.4,0.0,810.391,-0.7,null
2018-06-29 06:00:00,14.79,90.9,1.784,2.4,12.5,0.0,810.596,-1.0,null
2018-06-29 07:00:00,15.14,91.3,1.168,2.24,70.0,0.0,811.165,37.4,null
2018-06-29 08:00:00,15.71,91.1,0.842,1.83,142.1,0.0,811.62,90.1,null
2018-06-29 09:00:00,16.85,85.7,1.183,2.95,233.7,0.0,811.883,182.1,null
2018-06-29 10:00:00,17.48,82.6,1.294,2.72,184.6,0.0,812.139,298.9,null
2018-06-29 11:00:00,19.84,67.7,1.697,3.97,178.8,0.0,811.819,796.4,null
2018-06-29 12:00:00,21.49,59.9,1.339,3.52,195.3,0.0,811.161,680.0,null
2018-06-29 13:00:00,22.44,55.7,1.631,4.36,251.3,0.0,810.41,704.1,null
2018-06-29 14:00:00,24.1,47.7,1.654,4.12,281.4,0.0,809.686,831.5,null
2018-06-29 15:00:00,25.01,41.7,1.766,4.64,143.9,0.0,808.689,717.1,null
2018-06-29 16:00:00,25.13,42.3,2.208,8.5,93.5,0.0,807.771,598.8,null
2018-06-29 17:00:00,24.51,57.5,3.732,9.1,9.9,5.7,807.789,245.0,null
2018-06-29 18:00:00,23.96,67.9,2.846,5.25,17.4,0.0,804.992,42.2,null
2018-06-29 19:00:00,19.57,65.1,2.818,7.84,4.4,0.0,808.617,21.3,null
2018-06-29 20:00:00,17.64,68.7,2.258,5.96,250.0,0.0,809.226,1.7,null
2018-06-29 21:00:00,17.31,70.6,2.2,5.2,242.8,0.0,809.967,-0.7,null
2018-06-29 22:00:00,15.74,85.2,3.358,10.33,150.7,16.2,811.776,4.3,null
2018-06-29 23:00:00,16.69,75.3,2.948,4.73,334.7,1.1,812.309,1.5,null
2018-06-30 00:00:00,14.4,92.7,2.997,4.9,61.0,0.0,810.828,-1.1,null
2018-06-30 01:00:00,13.99,93.1,1.739,4.1,22.7,0.0,811.079,-1.1,null
2018-06-30 02:00:00,13.78,97.0,1.715,2.48,353.6,0.0,811.012,-1.3,null
2018-06-30 03:00:00,13.74,95.0,1.635,3.0,6.2,0.0,810.723,-1.2,null
2018-06-30 04:00:00,13.43,97.2,1.902,2.77,10.8,0.0,810.568,-1.1,null
2018-06-30 05:00:00,13.25,96.0,2.179,3.31,19.7,0.0,810.516,-1.1,null
2018-06-30 06:00:00,13.2,94.6,1.132,2.85,17.7,0.0,810.567,-0.9,null
2018-06-30 07:00:00,13.26,93.7,1.784,2.58,30.2,0.0,810.881,46.2,null
2018-06-30 08:00:00,14.72,87.9,1.473,2.81,345.9,0.0,811.173,235.0,null
2018-06-30 09:00:00,16.93,77.3,1.0,2.51,154.1,0.0,811.403,464.5,null
2018-06-30 10:00:00,18.58,68.9,1.319,3.21,181.4,0.0,811.364,693.3,null
2018-06-30 11:00:00,20.46,63.3,1.487,3.61,189.5,0.0,811.229,868.7,null
2018-06-30 12:00:00,21.59,59.1,2.121,5.38,139.6,0.0,810.907,999.4,null
2018-06-30 13:00:00,23.28,52.2,2.4,5.77,159.0,0.0,810.403,1043.4,null
2018-06-30 14:00:00,24.56,46.0,1.901,4.64,195.8,0.0,809.66,925.6,null
2018-06-30 15:00:00,24.68,42.0,1.727,4.7,140.3,0.0,808.768,626.0,null
2018-06-30 16:00:00,25.84,36.2,1.917,5.15,152.5,0.0,808.023,801.5,null
2018-06-30 17:00:00,26.1,34.4,2.327,6.16,121.6,0.0,807.43,589.8,null
2018-06-30 18:00:00,25.14,39.9,2.969,9.06,65.6,0.0,807.154,280.7,null
2018-06-30 19:00:00,22.08,55.8,5.52,10.53,60.9,0.0,807.37,38.0,null
2018-06-30 20:00:00,21.16,59.3,3.975,8.11,36.3,0.0,807.79,2.9,null
2018-06-30 21:00:00,20.19,65.9,2.189,5.72,37.1,0.0,808.532,-1.1,null
2018-06-30 22:00:00,19.41,63.5,2.516,6.77,44.1,0.0,809.124,-1.4,null
2018-06-30 23:00:00,19.15,60.8,3.222,7.38,68.8,0.0,810.108,-1.6,null
