Red Universitaria de Observatorios Atmosfericos (RUOA)
Atmospheric Observatory Juriquilla (jqro), Queretaro
Lat 20.703 N, Lon 100.4473 W, Alt 1945 masl
Time UTC-6h
Meteorological data
 
TIMESTAMP,Temp_Avg,RH_Avg,WSpeed_Avg,WSpeed_Max,WDir_Avg,Rain_Tot,Press_Avg,Rad_Avg,Visibility_Avg
yyyy-mm-dd HH:MM:SS,�C,%,m/s,m/s,deg,mm,hPa,W/m^2,m
2020-01-01 00:00:00,null,null,null,null,null,null,null,null,null
2020-01-01 01:00:00,null,null,null,null,null,null,null,null,null
2020-01-01 02:00:00,null,null,null,null,null,null,null,null,null
2020-01-01 03:00:00,null,null,null,null,null,null,null,null,null
2020-01-01 04:00:00,null,null,null,null,null,null,null,null,null
2020-01-01 05:00:00,null,null,null,null,null,null,null,null,null
2020-01-01 06:00:00,null,null,null,null,null,null,null,null,null
2020-01-01 07:00:00,null,null,null,null,null,null,null,null,null
2020-01-01 08:00:00,null,null,null,null,null,null,null,null,null
2020-01-01 09:00:00,null,null,null,null,null,null,null,null,null
2020-01-01 10:00:00,null,null,null,null,null,null,null,null,null
2020-01-01 11:00:00,null,null,null,null,null,null,null,null,null
2020-01-01 12:00:00,null,null,null,null,null,null,null,null,null
2020-01-01 13:00:00,null,null,null,null,null,null,null,null,null
2020-01-01 14:00:00,null,null,null,null,null,null,null,null,null
2020-01-01 15:00:00,null,null,null,null,null,null,null,null,null
2020-01-01 16:00:00,null,null,null,null,null,null,null,null,null
2020-01-01 17:00:00,null,null,null,null,null,null,null,null,null
2020-01-01 18:00:00,null,null,null,null,null,null,null,null,null
2020-01-01 19:00:00,null,null,null,null,null,null,null,null,null
2020-01-01 20:00:00,null,null,null,null,null,null,null,null,null
2020-01-01 21:00:00,null,null,null,null,null,null,null,null,null
2020-01-01 22:00:00,null,null,null,null,null,null,null,null,null
2020-01-01 23:00:00,null,null,null,null,null,null,null,null,null
2020-01-02 00:00:00,null,null,null,null,null,null,null,null,null
2020-01-02 01:00:00,null,null,null,null,null,null,null,null,null
2020-01-02 02:00:00,null,null,null,null,null,null,null,null,null
2020-01-02 03:00:00,null,null,null,null,null,null,null,null,null
2020-01-02 04:00:00,null,null,null,null,null,null,null,null,null
2020-01-02 05:00:00,null,null,null,null,null,null,null,null,null
2020-01-02 06:00:00,null,null,null,null,null,null,null,null,null
2020-01-02 07:00:00,null,null,null,null,null,null,null,null,null
2020-01-02 08:00:00,null,null,null,null,null,null,null,null,null
2020-01-02 09:00:00,null,null,null,null,null,null,null,null,null
2020-01-02 10:00:00,null,null,null,null,null,null,null,null,null
2020-01-02 11:00:00,null,null,null,null,null,null,null,null,null
2020-01-02 12:00:00,null,null,null,null,null,null,null,null,null
2020-01-02 13:00:00,null,null,null,null,null,null,null,null,null
2020-01-02 14:00:00,null,null,null,null,null,null,null,null,null
2020-01-02 15:00:00,null,null,null,null,null,null,null,null,null
2020-01-02 16:00:00,null,null,null,null,null,null,null,null,null
2020-01-02 17:00:00,null,null,null,null,null,null,null,null,null
2020-01-02 18:00:00,null,null,null,null,null,null,null,null,null
2020-01-02 19:00:00,null,null,null,null,null,null,null,null,null
2020-01-02 20:00:00,null,null,null,null,null,null,null,null,null
2020-01-02 21:00:00,null,null,null,null,null,null,null,null,null
2020-01-02 22:00:00,null,null,null,null,null,null,null,null,null
2020-01-02 23:00:00,null,null,null,null,null,null,null,null,null
2020-01-03 00:00:00,null,null,null,null,null,null,null,null,null
2020-01-03 01:00:00,null,null,null,null,null,null,null,null,null
2020-01-03 02:00:00,null,null,null,null,null,null,null,null,null
2020-01-03 03:00:00,null,null,null,null,null,null,null,null,null
2020-01-03 04:00:00,null,null,null,null,null,null,null,null,null
2020-01-03 05:00:00,null,null,null,null,null,null,null,null,null
2020-01-03 06:00:00,null,null,null,null,null,null,null,null,null
2020-01-03 07:00:00,null,null,null,null,null,null,null,null,null
2020-01-03 08:00:00,null,null,null,null,null,null,null,null,null
2020-01-03 09:00:00,null,null,null,null,null,null,null,null,null
2020-01-03 10:00:00,null,null,null,null,null,null,null,null,null
2020-01-03 11:00:00,null,null,null,null,null,null,null,null,null
2020-01-03 12:00:00,null,null,null,null,null,null,null,null,null
2020-01-03 13:00:00,null,null,null,null,null,null,null,null,null
2020-01-03 14:00:00,null,null,null,null,null,null,null,null,null
2020-01-03 15:00:00,null,null,null,null,null,null,null,null,null
2020-01-03 16:00:00,null,null,null,null,null,null,null,null,null
2020-01-03 17:00:00,null,null,null,null,null,null,null,null,null
2020-01-03 18:00:00,null,null,null,null,null,null,null,null,null
2020-01-03 19:00:00,null,null,null,null,null,null,null,null,null
2020-01-03 20:00:00,null,null,null,null,null,null,null,null,null
2020-01-03 21:00:00,null,null,null,null,null,null,null,null,null
2020-01-03 22:00:00,null,null,null,null,null,null,null,null,null
2020-01-03 23:00:00,null,null,null,null,null,null,null,null,null
2020-01-04 00:00:00,null,null,null,null,null,null,null,null,null
2020-01-04 01:00:00,null,null,null,null,null,null,null,null,null
2020-01-04 02:00:00,null,null,null,null,null,null,null,null,null
2020-01-04 03:00:00,null,null,null,null,null,null,null,null,null
2020-01-04 04:00:00,null,null,null,null,null,null,null,null,null
2020-01-04 05:00:00,null,null,null,null,null,null,null,null,null
2020-01-04 06:00:00,null,null,null,null,null,null,null,null,null
2020-01-04 07:00:00,null,null,null,null,null,null,null,null,null
2020-01-04 08:00:00,null,null,null,null,null,null,null,null,null
2020-01-04 09:00:00,null,null,null,null,null,null,null,null,null
2020-01-04 10:00:00,null,null,null,null,null,null,null,null,null
2020-01-04 11:00:00,null,null,null,null,null,null,null,null,null
2020-01-04 12:00:00,null,null,null,null,null,null,null,null,null
2020-01-04 13:00:00,null,null,null,null,null,null,null,null,null
2020-01-04 14:00:00,null,null,null,null,null,null,null,null,null
2020-01-04 15:00:00,null,null,null,null,null,null,null,null,null
2020-01-04 16:00:00,null,null,null,null,null,null,null,null,null
2020-01-04 17:00:00,null,null,null,null,null,null,null,null,null
2020-01-04 18:00:00,null,null,null,null,null,null,null,null,null
2020-01-04 19:00:00,null,null,null,null,null,null,null,null,null
2020-01-04 20:00:00,null,null,null,null,null,null,null,null,null
2020-01-04 21:00:00,null,null,null,null,null,null,null,null,null
2020-01-04 22:00:00,null,null,null,null,null,null,null,null,null
2020-01-04 23:00:00,null,null,null,null,null,null,null,null,null
2020-01-05 00:00:00,null,null,null,null,null,null,null,null,null
2020-01-05 01:00:00,null,null,null,null,null,null,null,null,null
2020-01-05 02:00:00,null,null,null,null,null,null,null,null,null
2020-01-05 03:00:00,null,null,null,null,null,null,null,null,null
2020-01-05 04:00:00,null,null,null,null,null,null,null,null,null
2020-01-05 05:00:00,null,null,null,null,null,null,null,null,null
2020-01-05 06:00:00,null,null,null,null,null,null,null,null,null
2020-01-05 07:00:00,null,null,null,null,null,null,null,null,null
2020-01-05 08:00:00,null,null,null,null,null,null,null,null,null
2020-01-05 09:00:00,null,null,null,null,null,null,null,null,null
2020-01-05 10:00:00,null,null,null,null,null,null,null,null,null
2020-01-05 11:00:00,null,null,null,null,null,null,null,null,null
2020-01-05 12:00:00,null,null,null,null,null,null,null,null,null
2020-01-05 13:00:00,null,null,null,null,null,null,null,null,null
2020-01-05 14:00:00,null,null,null,null,null,null,null,null,null
2020-01-05 15:00:00,null,null,null,null,null,null,null,null,null
2020-01-05 16:00:00,null,null,null,null,null,null,null,null,null
2020-01-05 17:00:00,null,null,null,null,null,null,null,null,null
2020-01-05 18:00:00,null,null,null,null,null,null,null,null,null
2020-01-05 19:00:00,null,null,null,null,null,null,null,null,null
2020-01-05 20:00:00,null,null,null,null,null,null,null,null,null
2020-01-05 21:00:00,null,null,null,null,null,null,null,null,null
2020-01-05 22:00:00,null,null,null,null,null,null,null,null,null
2020-01-05 23:00:00,null,null,null,null,null,null,null,null,null
2020-01-06 00:00:00,null,null,null,null,null,null,null,null,null
2020-01-06 01:00:00,null,null,null,null,null,null,null,null,null
2020-01-06 02:00:00,null,null,null,null,null,null,null,null,null
2020-01-06 03:00:00,null,null,null,null,null,null,null,null,null
2020-01-06 04:00:00,null,null,null,null,null,null,null,null,null
2020-01-06 05:00:00,null,null,null,null,null,null,null,null,null
2020-01-06 06:00:00,null,null,null,null,null,null,null,null,null
2020-01-06 07:00:00,null,null,null,null,null,null,null,null,null
2020-01-06 08:00:00,null,null,null,null,null,null,null,null,null
2020-01-06 09:00:00,null,null,null,null,null,null,null,null,null
2020-01-06 10:00:00,null,null,null,null,null,null,null,null,null
2020-01-06 11:00:00,null,null,null,null,null,null,null,null,null
2020-01-06 12:00:00,null,null,null,null,null,null,null,null,null
2020-01-06 13:00:00,null,null,null,null,null,null,null,null,null
2020-01-06 14:00:00,null,null,null,null,null,null,null,null,null
2020-01-06 15:00:00,null,null,null,null,null,null,null,null,null
2020-01-06 16:00:00,null,null,null,null,null,null,null,null,null
2020-01-06 17:00:00,null,null,null,null,null,null,null,null,null
2020-01-06 18:00:00,null,null,null,null,null,null,null,null,null
2020-01-06 19:00:00,null,null,null,null,null,null,null,null,null
2020-01-06 20:00:00,null,null,null,null,null,null,null,null,null
2020-01-06 21:00:00,null,null,null,null,null,null,null,null,null
2020-01-06 22:00:00,null,null,null,null,null,null,null,null,null
2020-01-06 23:00:00,null,null,null,null,null,null,null,null,null
2020-01-07 00:00:00,null,null,null,null,null,null,null,null,null
2020-01-07 01:00:00,null,null,null,null,null,null,null,null,null
2020-01-07 02:00:00,null,null,null,null,null,null,null,null,null
2020-01-07 03:00:00,null,null,null,null,null,null,null,null,null
2020-01-07 04:00:00,null,null,null,null,null,null,null,null,null
2020-01-07 05:00:00,null,null,null,null,null,null,null,null,null
2020-01-07 06:00:00,null,null,null,null,null,null,null,null,null
2020-01-07 07:00:00,null,null,null,null,null,null,null,null,null
2020-01-07 08:00:00,null,null,null,null,null,null,null,null,null
2020-01-07 09:00:00,null,null,null,null,null,null,null,null,null
2020-01-07 10:00:00,null,null,null,null,null,null,null,null,null
2020-01-07 11:00:00,null,null,null,null,null,null,null,null,null
2020-01-07 12:00:00,null,null,null,null,null,null,null,null,null
2020-01-07 13:00:00,null,null,null,null,null,null,null,null,null
2020-01-07 14:00:00,null,null,null,null,null,null,null,null,null
2020-01-07 15:00:00,null,null,null,null,null,null,null,null,null
2020-01-07 16:00:00,null,null,null,null,null,null,null,null,null
2020-01-07 17:00:00,null,null,null,null,null,null,null,null,null
2020-01-07 18:00:00,null,null,null,null,null,null,null,null,null
2020-01-07 19:00:00,null,null,null,null,null,null,null,null,null
2020-01-07 20:00:00,null,null,null,null,null,null,null,null,null
2020-01-07 21:00:00,null,null,null,null,null,null,null,null,null
2020-01-07 22:00:00,null,null,null,null,null,null,null,null,null
2020-01-07 23:00:00,null,null,null,null,null,null,null,null,null
2020-01-08 00:00:00,null,null,null,null,null,null,null,null,null
2020-01-08 01:00:00,null,null,null,null,null,null,null,null,null
2020-01-08 02:00:00,null,null,null,null,null,null,null,null,null
2020-01-08 03:00:00,null,null,null,null,null,null,null,null,null
2020-01-08 04:00:00,null,null,null,null,null,null,null,null,null
2020-01-08 05:00:00,5.41,74.65,2.589,4.89,353.6,0.0,813.166,-1.2,null
2020-01-08 06:00:00,5.59,77.03,2.446,4.69,3.3,0.0,813.086,-1.8,null
2020-01-08 07:00:00,5.42,79.34,2.44,4.37,8.8,0.0,813.33,-1.6,null
2020-01-08 08:00:00,6.17,79.64,2.837,5.47,33.4,0.0,813.589,20.8,null
2020-01-08 09:00:00,7.83,75.07,2.311,5.08,40.2,0.0,814.073,194.1,null
2020-01-08 10:00:00,10.16,64.71,1.698,4.94,107.0,0.0,814.257,417.5,null
2020-01-08 11:00:00,12.82,53.62,1.509,3.39,200.9,0.0,814.076,608.9,null
2020-01-08 12:00:00,15.45,44.96,1.763,3.59,205.7,0.0,813.224,746.0,null
2020-01-08 13:00:00,18.15,37.29,1.834,3.85,194.3,0.0,811.98,808.5,null
2020-01-08 14:00:00,20.08,28.44,1.949,4.8,192.0,0.0,810.776,798.3,null
2020-01-08 15:00:00,21.48,23.8,2.228,4.6,189.6,0.0,809.783,722.2,null
2020-01-08 16:00:00,22.17,23.02,2.266,4.62,174.7,0.0,809.135,518.9,null
2020-01-08 17:00:00,22.63,22.79,2.245,4.38,175.7,0.0,808.908,360.4,null
2020-01-08 18:00:00,22.03,24.42,1.955,4.64,189.6,0.0,808.984,118.2,null
2020-01-08 19:00:00,19.78,27.84,1.559,3.5,294.5,0.0,809.308,6.5,null
2020-01-08 20:00:00,18.51,30.2,1.0,2.84,351.8,0.0,809.706,-2.1,null
2020-01-08 21:00:00,16.58,34.73,2.321,3.58,43.9,0.0,810.397,-1.4,null
2020-01-08 22:00:00,15.58,39.02,2.248,4.51,22.2,0.0,810.836,-1.3,null
2020-01-08 23:00:00,14.19,43.53,2.537,3.54,10.6,0.0,811.175,-1.1,null
2020-01-09 00:00:00,12.65,48.86,2.784,3.74,0.5,0.0,811.147,-1.2,null
2020-01-09 01:00:00,12.15,51.67,2.892,3.61,9.1,0.0,811.09,-1.5,null
2020-01-09 02:00:00,11.77,54.38,3.049,4.66,13.3,0.0,810.609,-1.3,null
2020-01-09 03:00:00,10.09,58.98,3.437,4.97,358.6,0.0,809.879,-0.8,null
2020-01-09 04:00:00,9.55,60.59,3.26,4.19,358.2,0.0,809.691,-1.2,null
2020-01-09 05:00:00,9.67,60.05,3.361,4.46,16.4,0.0,809.826,-2.0,null
2020-01-09 06:00:00,9.07,62.92,2.83,3.91,19.2,0.0,810.049,-0.8,null
2020-01-09 07:00:00,8.57,64.94,2.024,3.3,27.3,0.0,810.465,-1.7,null
2020-01-09 08:00:00,7.85,66.95,2.293,3.91,7.4,0.0,810.882,20.4,null
2020-01-09 09:00:00,10.02,59.03,1.884,3.03,357.7,0.0,811.511,181.8,null
2020-01-09 10:00:00,14.1,47.31,1.212,2.78,177.7,0.0,811.801,402.0,null
2020-01-09 11:00:00,15.86,42.93,1.92,3.36,176.0,0.0,811.792,593.6,null
2020-01-09 12:00:00,18.13,37.5,2.171,5.55,168.6,0.0,811.401,722.6,null
2020-01-09 13:00:00,20.66,32.87,2.601,4.73,179.1,0.0,810.189,781.0,null
2020-01-09 14:00:00,22.53,28.83,2.509,5.98,181.8,0.0,809.023,773.1,null
2020-01-09 15:00:00,23.21,26.96,3.285,6.14,181.4,0.0,808.023,695.3,null
2020-01-09 16:00:00,24.1,25.03,3.529,7.62,208.8,0.0,807.582,539.7,null
2020-01-09 17:00:00,23.89,23.71,3.694,6.54,228.3,0.0,807.511,306.8,null
2020-01-09 18:00:00,22.77,24.97,3.146,5.68,213.7,0.0,807.409,132.2,null
2020-01-09 19:00:00,20.85,29.18,1.59,3.86,215.4,0.0,807.548,4.5,null
2020-01-09 20:00:00,19.6,32.36,0.702,1.64,24.2,0.0,807.828,-2.1,null
2020-01-09 21:00:00,18.23,35.1,1.496,2.46,41.6,0.0,808.085,-2.2,null
2020-01-09 22:00:00,16.44,39.13,2.659,3.64,13.8,0.0,808.212,-1.1,null
2020-01-09 23:00:00,15.38,41.7,2.012,3.3,52.9,0.0,809.043,-2.0,null
2020-01-10 00:00:00,14.18,45.39,1.715,2.67,21.3,0.0,809.082,-1.2,null
2020-01-10 01:00:00,13.06,47.87,2.542,3.29,3.1,0.0,808.938,-1.3,null
2020-01-10 02:00:00,13.54,47.01,2.122,3.61,16.7,0.0,808.985,-2.2,null
2020-01-10 03:00:00,12.05,52.48,1.607,3.14,332.4,0.0,808.94,-1.3,null
2020-01-10 04:00:00,12.63,54.47,0.508,3.0,220.8,0.0,808.807,-1.3,null
2020-01-10 05:00:00,12.12,57.53,0.869,1.59,95.7,0.0,808.778,-2.0,null
2020-01-10 06:00:00,11.5,60.28,0.793,1.99,127.2,0.0,808.848,-1.5,null
2020-01-10 07:00:00,10.88,62.23,0.683,1.28,180.3,0.0,809.397,-1.8,null
2020-01-10 08:00:00,12.05,60.06,1.179,2.02,131.1,0.0,809.971,19.4,null
2020-01-10 09:00:00,13.16,56.69,1.013,1.77,157.9,0.0,810.549,179.4,null
2020-01-10 10:00:00,14.9,51.96,1.626,2.67,170.9,0.0,811.244,405.6,null
2020-01-10 11:00:00,16.61,48.7,2.175,4.2,165.2,0.0,811.217,595.6,null
2020-01-10 12:00:00,19.0,43.3,4.751,10.58,227.9,0.0,810.511,734.5,null
2020-01-10 13:00:00,20.49,37.54,4.882,9.56,220.3,0.0,809.498,828.0,null
2020-01-10 14:00:00,21.19,34.69,5.051,11.06,211.8,0.0,808.439,776.7,null
2020-01-10 15:00:00,22.06,31.65,5.036,9.7,228.6,0.0,807.621,716.2,null
2020-01-10 16:00:00,22.68,30.36,4.963,9.21,245.6,0.0,807.135,548.4,null
2020-01-10 17:00:00,22.51,29.79,4.855,9.52,243.2,0.0,807.015,330.1,null
2020-01-10 18:00:00,22.14,25.13,4.976,8.62,258.2,0.0,807.157,138.2,null
2020-01-10 19:00:00,20.38,26.88,2.54,5.28,272.0,0.0,807.494,4.5,null
2020-01-10 20:00:00,18.83,29.62,1.28,2.14,302.0,0.0,807.999,-2.0,null
2020-01-10 21:00:00,18.2,28.65,1.066,2.48,253.8,0.0,808.634,-2.2,null
2020-01-10 22:00:00,16.53,32.82,1.716,3.34,166.8,0.0,809.022,-1.6,null
2020-01-10 23:00:00,15.82,32.97,1.536,2.55,152.0,0.0,809.263,-2.2,null
2020-01-11 00:00:00,15.14,33.44,1.228,2.52,17.5,0.0,809.403,-1.7,null
2020-01-11 01:00:00,15.42,34.92,1.103,2.46,68.9,0.0,809.413,-1.7,null
2020-01-11 02:00:00,15.28,41.66,0.794,1.93,17.4,0.0,809.474,-1.8,null
2020-01-11 03:00:00,14.54,44.99,1.336,3.39,285.5,0.0,809.201,-1.7,null
2020-01-11 04:00:00,12.82,49.07,2.104,3.59,29.6,0.0,808.987,-2.2,null
2020-01-11 05:00:00,12.61,50.61,1.833,3.44,105.0,0.0,809.081,-1.9,null
2020-01-11 06:00:00,10.85,56.84,2.195,3.68,84.0,0.0,809.269,-1.2,null
2020-01-11 07:00:00,9.89,58.32,2.774,4.28,2.5,0.0,809.869,-1.5,null
2020-01-11 08:00:00,8.71,61.64,3.606,5.15,359.8,0.0,810.311,17.4,null
2020-01-11 09:00:00,10.14,57.72,2.416,3.77,0.2,0.0,810.904,204.9,null
2020-01-11 10:00:00,14.66,45.19,1.491,3.13,19.3,0.0,811.407,441.8,null
2020-01-11 11:00:00,18.19,37.54,1.778,3.46,193.3,0.0,811.218,636.3,null
2020-01-11 12:00:00,20.61,28.28,2.044,4.54,189.6,0.0,810.665,772.9,null
2020-01-11 13:00:00,22.42,20.23,3.353,7.0,148.7,0.0,809.676,816.6,null
2020-01-11 14:00:00,23.47,16.06,3.299,6.96,128.7,0.0,808.398,716.5,null
2020-01-11 15:00:00,24.26,14.6,4.136,9.07,130.2,0.0,807.406,723.3,null
2020-01-11 16:00:00,24.49,14.1,4.372,8.41,153.7,0.0,807.026,606.2,null
2020-01-11 17:00:00,24.46,13.11,2.787,6.4,120.1,0.0,806.849,356.8,null
2020-01-11 18:00:00,23.58,15.28,3.094,6.01,75.3,0.0,806.907,135.4,null
2020-01-11 19:00:00,21.04,25.23,3.97,7.56,69.8,0.0,807.226,3.5,null
2020-01-11 20:00:00,18.51,37.81,4.94,8.63,58.1,0.0,807.736,-1.0,null
2020-01-11 21:00:00,16.74,46.55,2.856,7.01,4.0,0.0,808.626,-1.2,null
2020-01-11 22:00:00,15.56,50.98,1.885,4.99,8.8,0.0,809.496,-1.5,null
2020-01-11 23:00:00,14.1,57.16,1.643,3.32,4.1,0.0,810.106,-0.7,null
2020-01-12 00:00:00,12.29,64.27,2.568,6.13,20.9,0.0,810.206,-0.8,null
2020-01-12 01:00:00,11.44,66.71,2.162,5.73,50.4,0.0,810.039,-1.2,null
2020-01-12 02:00:00,10.88,67.33,2.695,5.99,38.8,0.0,809.768,-1.4,null
2020-01-12 03:00:00,10.16,69.17,2.974,7.86,53.1,0.0,809.503,-1.4,null
2020-01-12 04:00:00,9.58,72.13,2.151,5.72,43.0,0.0,809.647,-1.5,null
2020-01-12 05:00:00,8.07,79.21,2.802,3.8,352.6,0.0,809.668,-1.0,null
2020-01-12 06:00:00,8.01,79.8,2.701,4.35,357.4,0.0,809.905,-1.2,null
2020-01-12 07:00:00,7.48,81.21,2.747,5.0,1.4,0.0,810.199,-1.4,null
2020-01-12 08:00:00,7.44,80.75,2.529,3.83,0.5,0.0,810.599,25.2,null
2020-01-12 09:00:00,8.77,75.04,2.04,3.62,342.7,0.0,811.275,182.4,null
2020-01-12 10:00:00,11.86,65.01,1.07,2.48,11.6,0.0,811.834,388.2,null
2020-01-12 11:00:00,15.06,55.68,1.418,3.14,305.7,0.0,812.054,550.1,null
2020-01-12 12:00:00,18.26,43.49,1.351,3.09,234.9,0.0,811.55,572.8,null
2020-01-12 13:00:00,19.88,37.93,2.181,4.71,162.8,0.0,810.58,612.2,null
2020-01-12 14:00:00,21.41,32.66,2.305,4.66,189.3,0.0,809.569,614.4,null
2020-01-12 15:00:00,22.95,29.22,1.868,3.71,240.1,0.0,808.75,613.8,null
2020-01-12 16:00:00,23.99,26.28,2.048,5.21,229.4,0.0,808.134,462.4,null
2020-01-12 17:00:00,24.13,25.76,1.817,3.66,225.2,0.0,807.93,320.4,null
2020-01-12 18:00:00,23.84,26.9,1.611,3.13,185.9,0.0,808.075,155.2,null
2020-01-12 19:00:00,21.91,29.55,1.608,4.02,123.3,0.0,808.635,5.3,null
2020-01-12 20:00:00,19.66,33.81,3.938,7.43,61.0,0.0,809.1,-1.3,null
2020-01-12 21:00:00,17.96,39.33,3.411,5.99,12.4,0.0,809.952,-1.1,null
2020-01-12 22:00:00,16.4,43.94,2.767,5.87,45.5,0.0,810.508,-1.6,null
2020-01-12 23:00:00,15.49,48.4,2.373,3.41,31.4,0.0,810.735,-1.5,null
2020-01-13 00:00:00,15.13,49.53,2.02,3.41,39.6,0.0,810.739,-1.8,null
2020-01-13 01:00:00,12.93,55.05,3.309,4.56,351.3,0.0,810.607,-0.9,null
2020-01-13 02:00:00,11.92,58.53,3.118,4.14,4.4,0.0,810.571,-1.3,null
2020-01-13 03:00:00,11.65,58.74,3.315,4.5,11.6,0.0,810.333,-1.1,null
2020-01-13 04:00:00,10.6,60.58,3.868,4.89,9.0,0.0,810.045,-1.4,null
2020-01-13 05:00:00,9.92,61.6,4.056,5.4,17.0,0.0,809.994,-1.2,null
2020-01-13 06:00:00,9.32,62.68,2.976,4.14,10.8,0.0,810.231,-1.3,null
2020-01-13 07:00:00,9.44,61.6,3.008,4.3,15.5,0.0,810.712,-1.8,null
2020-01-13 08:00:00,9.29,61.65,2.269,2.99,0.5,0.0,811.453,25.7,null
2020-01-13 09:00:00,11.46,54.45,1.256,2.31,357.1,0.0,812.137,177.3,null
2020-01-13 10:00:00,15.1,45.49,1.234,2.55,169.7,0.0,812.554,415.7,null
2020-01-13 11:00:00,17.57,39.72,1.519,3.21,190.2,0.0,812.587,614.4,null
2020-01-13 12:00:00,20.02,33.9,1.862,3.87,189.4,0.0,812.079,749.2,null
2020-01-13 13:00:00,22.27,30.4,1.755,3.46,193.7,0.0,811.249,813.2,null
2020-01-13 14:00:00,23.79,26.56,1.914,4.74,203.1,0.0,810.199,800.4,null
2020-01-13 15:00:00,25.0,22.49,2.332,7.19,196.2,0.0,809.253,721.4,null
2020-01-13 16:00:00,25.48,18.68,2.106,4.89,3.0,0.0,808.798,578.6,null
2020-01-13 17:00:00,25.92,19.76,1.62,4.19,263.4,0.0,808.681,351.5,null
2020-01-13 18:00:00,25.18,21.28,1.578,5.64,173.1,0.0,808.885,139.4,null
2020-01-13 19:00:00,22.01,36.28,3.883,6.92,48.7,0.0,809.339,8.8,null
2020-01-13 20:00:00,19.5,44.03,3.493,6.69,357.6,0.0,810.077,-0.8,null
2020-01-13 21:00:00,17.76,50.18,4.249,7.61,11.8,0.0,810.45,-1.3,null
2020-01-13 22:00:00,16.8,52.15,2.521,6.39,34.8,0.0,810.955,-1.7,null
2020-01-13 23:00:00,16.1,55.44,2.729,3.89,71.0,0.0,811.211,-1.9,null
2020-01-14 00:00:00,15.52,58.69,2.363,3.78,43.3,0.0,811.219,-1.5,null
2020-01-14 01:00:00,13.3,67.63,2.171,4.28,337.9,0.0,811.139,-0.8,null
2020-01-14 02:00:00,12.87,71.85,2.494,4.06,24.2,0.0,811.111,-2.1,null
2020-01-14 03:00:00,12.08,74.33,3.947,5.93,11.0,0.0,810.686,-1.1,null
2020-01-14 04:00:00,10.97,76.57,3.651,5.17,359.5,0.0,810.405,-1.4,null
2020-01-14 05:00:00,10.22,77.87,2.552,4.62,4.1,0.0,810.251,-1.3,null
2020-01-14 06:00:00,9.69,79.26,1.934,3.33,10.6,0.0,810.458,-1.1,null
2020-01-14 07:00:00,8.97,82.87,1.983,3.08,353.7,0.0,810.828,-1.7,null
2020-01-14 08:00:00,10.4,78.35,1.995,3.2,29.5,0.0,811.423,30.7,null
2020-01-14 09:00:00,11.32,76.43,1.795,3.56,351.7,0.0,812.015,172.8,null
2020-01-14 10:00:00,13.98,67.43,1.84,3.7,7.5,0.0,812.489,409.4,null
2020-01-14 11:00:00,17.09,55.98,1.822,3.95,29.0,0.0,812.422,615.5,null
2020-01-14 12:00:00,19.34,46.45,1.618,3.63,45.4,0.0,812.034,730.8,null
2020-01-14 13:00:00,21.11,41.75,1.506,3.35,200.0,0.0,810.932,781.4,null
2020-01-14 14:00:00,23.43,29.79,1.695,5.19,283.5,0.0,809.718,771.9,null
2020-01-14 15:00:00,24.43,25.32,1.673,4.29,271.1,0.0,808.786,729.6,null
2020-01-14 16:00:00,25.12,25.19,2.0,5.03,171.7,0.0,808.185,578.0,null
2020-01-14 17:00:00,25.16,24.83,2.238,5.82,182.9,0.0,807.98,372.5,null
2020-01-14 18:00:00,24.44,26.68,1.736,3.82,151.4,0.0,808.106,143.9,null
2020-01-14 19:00:00,22.8,32.64,1.912,7.21,201.3,0.0,808.481,8.0,null
2020-01-14 20:00:00,19.21,49.98,4.086,6.92,6.9,0.0,809.076,-0.3,null
2020-01-14 21:00:00,17.38,57.56,3.916,6.24,7.2,0.0,809.712,-1.3,null
2020-01-14 22:00:00,16.41,61.21,2.673,5.08,25.2,0.0,810.182,-1.3,null
2020-01-14 23:00:00,15.73,64.05,2.401,4.11,14.5,0.0,810.442,-1.4,null
2020-01-15 00:00:00,14.83,68.13,2.679,4.5,10.4,0.0,810.568,-1.4,null
2020-01-15 01:00:00,14.08,72.93,3.352,5.74,14.5,0.0,810.481,-1.3,null
2020-01-15 02:00:00,13.07,75.54,3.354,6.07,7.5,0.0,810.218,-0.9,null
2020-01-15 03:00:00,12.41,77.11,2.337,4.02,6.4,0.0,809.891,-1.4,null
2020-01-15 04:00:00,12.23,77.79,2.244,4.06,31.2,0.0,809.524,-1.5,null
2020-01-15 05:00:00,11.81,79.72,1.223,3.23,50.3,0.0,809.394,-1.3,null
2020-01-15 06:00:00,11.14,82.32,1.567,2.63,32.7,0.0,809.513,-1.6,null
2020-01-15 07:00:00,10.73,90.2,2.166,4.47,38.9,0.0,809.964,-1.3,null
2020-01-15 08:00:00,10.61,92.74,1.813,3.31,64.5,0.0,810.446,14.4,null
2020-01-15 09:00:00,11.94,85.33,1.504,4.55,76.0,0.0,811.048,149.6,null
2020-01-15 10:00:00,14.24,73.16,2.092,4.51,81.6,0.0,811.52,412.0,null
2020-01-15 11:00:00,16.28,62.08,1.594,3.22,98.2,0.0,811.652,616.8,null
2020-01-15 12:00:00,18.77,53.77,1.451,3.53,224.7,0.0,811.177,750.6,null
2020-01-15 13:00:00,20.93,45.5,1.931,4.61,241.6,0.0,810.218,754.3,null
2020-01-15 14:00:00,22.85,39.49,1.767,4.05,224.9,0.0,808.964,734.4,null
2020-01-15 15:00:00,24.66,31.39,1.959,4.91,245.3,0.0,807.872,740.0,null
2020-01-15 16:00:00,24.96,26.47,2.253,5.29,16.5,0.0,807.198,578.6,null
2020-01-15 17:00:00,25.02,27.2,2.532,8.5,35.6,0.0,807.026,382.4,null
2020-01-15 18:00:00,24.45,27.4,1.775,8.3,272.7,0.0,807.343,87.7,null
2020-01-15 19:00:00,22.05,36.9,4.058,7.98,355.4,0.0,807.729,4.4,null
2020-01-15 20:00:00,19.08,46.94,5.053,9.47,4.9,0.0,808.469,-0.1,null
2020-01-15 21:00:00,17.03,58.54,4.175,7.69,19.7,0.0,809.404,-0.5,null
2020-01-15 22:00:00,16.25,66.61,2.062,5.02,94.5,0.0,810.322,-1.2,null
2020-01-15 23:00:00,15.48,70.27,2.399,7.98,109.4,0.0,810.707,-1.6,null
2020-01-16 00:00:00,14.89,71.96,2.544,6.95,68.4,0.0,810.891,-1.4,null
2020-01-16 01:00:00,14.35,74.18,2.371,5.65,48.6,0.0,810.698,-1.7,null
2020-01-16 02:00:00,13.87,76.99,2.259,5.98,39.7,0.0,810.573,-1.4,null
2020-01-16 03:00:00,12.9,81.93,2.735,4.19,14.2,0.0,810.262,-1.4,null
2020-01-16 04:00:00,12.1,82.69,2.902,4.37,10.0,0.0,810.11,-0.9,null
2020-01-16 05:00:00,12.93,79.9,2.64,4.42,21.9,0.0,809.953,-0.7,null
2020-01-16 06:00:00,12.79,80.81,2.449,4.13,18.1,0.0,810.394,-0.6,null
2020-01-16 07:00:00,12.64,83.39,2.784,6.86,53.0,0.0,810.806,-0.9,null
2020-01-16 08:00:00,12.3,78.71,4.319,8.16,82.0,0.0,811.15,22.5,null
2020-01-16 09:00:00,13.18,71.94,4.102,9.55,74.6,0.0,811.808,225.9,null
2020-01-16 10:00:00,13.87,66.8,4.657,8.37,69.8,0.0,812.575,173.3,null
2020-01-16 11:00:00,15.01,60.08,3.864,7.81,71.4,0.0,812.647,379.6,null
2020-01-16 12:00:00,16.43,54.44,3.737,8.09,69.5,0.0,812.132,537.2,null
2020-01-16 13:00:00,18.64,44.24,4.003,8.73,81.4,0.0,811.119,724.6,null
2020-01-16 14:00:00,20.94,36.36,2.675,6.21,68.1,0.0,809.781,833.8,null
2020-01-16 15:00:00,22.68,27.54,3.279,8.02,86.4,0.0,808.681,721.6,null
2020-01-16 16:00:00,22.45,30.89,4.47,8.22,81.5,0.0,807.918,447.3,null
2020-01-16 17:00:00,21.75,31.51,4.203,8.27,76.5,0.0,807.865,253.7,null
2020-01-16 18:00:00,20.46,37.66,5.279,10.93,66.5,0.0,808.324,167.6,null
2020-01-16 19:00:00,18.22,48.71,5.555,10.66,68.4,0.0,808.784,12.7,null
2020-01-16 20:00:00,16.24,58.39,5.087,10.34,63.3,0.0,809.669,-1.1,null
2020-01-16 21:00:00,15.59,63.79,4.857,10.04,57.8,0.0,810.495,-1.3,null
2020-01-16 22:00:00,14.92,70.55,2.231,5.09,21.4,0.0,811.32,-1.5,null
2020-01-16 23:00:00,14.51,76.05,3.214,9.53,56.7,0.0,811.346,-1.4,null
2020-01-17 00:00:00,14.17,79.31,2.823,6.38,35.8,0.0,811.508,-1.4,null
2020-01-17 01:00:00,13.82,81.2,4.305,7.55,50.5,0.0,811.083,-1.2,null
2020-01-17 02:00:00,13.45,82.57,3.071,7.49,61.3,0.0,810.884,-1.2,null
2020-01-17 03:00:00,13.15,83.9,1.843,4.44,15.1,0.0,810.538,-1.5,null
2020-01-17 04:00:00,13.3,82.69,2.947,6.71,28.2,0.0,810.422,-1.6,null
2020-01-17 05:00:00,13.06,83.25,2.269,4.74,8.5,0.0,810.489,-1.3,null
2020-01-17 06:00:00,12.64,84.41,2.863,5.0,356.6,0.0,810.597,-1.5,null
2020-01-17 07:00:00,12.67,82.42,2.326,5.46,15.3,0.0,810.947,-1.5,null
2020-01-17 08:00:00,12.82,82.43,2.214,4.79,24.2,0.0,811.422,21.9,null
2020-01-17 09:00:00,13.93,77.09,1.969,6.07,34.3,0.0,811.878,202.8,null
2020-01-17 10:00:00,15.87,67.38,2.768,6.54,74.9,0.0,812.26,412.5,null
2020-01-17 11:00:00,17.42,59.41,2.332,5.08,97.7,0.0,812.4,573.1,null
2020-01-17 12:00:00,19.01,52.67,2.412,4.62,127.8,0.0,811.863,706.6,null
2020-01-17 13:00:00,21.07,42.39,2.225,5.05,147.0,0.0,810.983,819.8,null
2020-01-17 14:00:00,22.77,32.88,2.35,4.7,184.9,0.0,809.754,797.7,null
2020-01-17 15:00:00,23.92,26.95,2.38,5.22,186.9,0.0,808.645,741.0,null
2020-01-17 16:00:00,24.46,20.68,2.024,5.94,233.3,0.0,808.016,605.9,null
2020-01-17 17:00:00,24.35,21.58,1.631,4.98,228.2,0.0,807.755,352.9,null
2020-01-17 18:00:00,23.82,22.23,1.398,3.55,270.8,0.0,807.806,128.8,null
2020-01-17 19:00:00,21.69,33.32,2.282,5.09,336.5,0.0,808.263,9.2,null
2020-01-17 20:00:00,19.38,53.83,3.375,7.28,20.1,0.0,809.049,-0.4,null
2020-01-17 21:00:00,17.78,59.48,2.511,5.39,2.5,0.0,810.109,-0.8,null
2020-01-17 22:00:00,16.58,64.37,2.419,5.2,35.4,0.0,810.761,-1.4,null
2020-01-17 23:00:00,15.52,69.67,2.481,5.82,25.4,0.0,811.047,-1.3,null
2020-01-18 00:00:00,14.49,75.03,3.102,5.3,18.1,0.0,811.042,-1.1,null
2020-01-18 01:00:00,13.56,78.77,2.553,4.0,18.6,0.0,810.944,-1.3,null
2020-01-18 02:00:00,12.72,81.92,2.829,4.65,11.0,0.0,810.784,-1.2,null
2020-01-18 03:00:00,12.48,83.6,2.783,4.76,0.8,0.0,810.461,-1.2,null
2020-01-18 04:00:00,12.09,83.48,2.934,4.49,6.0,0.0,810.108,-1.2,null
2020-01-18 05:00:00,11.63,84.88,2.694,4.55,5.8,0.0,810.183,-1.2,null
2020-01-18 06:00:00,11.27,87.43,2.836,4.62,8.4,0.0,810.347,-1.4,null
2020-01-18 07:00:00,11.01,88.96,2.29,3.92,21.1,0.0,810.679,-1.2,null
2020-01-18 08:00:00,10.76,90.85,1.154,3.02,71.0,0.0,811.173,19.4,null
2020-01-18 09:00:00,11.92,85.07,1.721,4.56,44.6,0.0,811.766,195.7,null
2020-01-18 10:00:00,13.81,76.79,2.083,4.55,115.9,0.0,812.315,400.7,null
2020-01-18 11:00:00,15.21,69.75,1.968,5.15,23.3,0.0,812.334,489.7,null
2020-01-18 12:00:00,17.56,59.34,1.772,3.71,350.3,0.0,811.837,681.4,null
2020-01-18 13:00:00,20.62,48.28,1.912,4.11,176.7,0.0,810.742,809.8,null
2020-01-18 14:00:00,22.92,38.15,1.766,4.67,196.6,0.0,809.56,797.5,null
2020-01-18 15:00:00,23.76,29.86,1.818,5.02,133.6,0.0,808.802,722.9,null
2020-01-18 16:00:00,23.51,30.71,2.654,6.25,42.9,0.0,808.266,311.3,null
2020-01-18 17:00:00,22.17,52.97,4.251,8.8,30.4,0.2,808.008,39.3,null
2020-01-18 18:00:00,17.8,55.31,4.357,8.42,340.0,0.0,809.086,53.1,null
2020-01-18 19:00:00,16.93,53.37,3.964,7.65,5.6,0.0,809.361,3.9,null
2020-01-18 20:00:00,16.61,58.5,2.327,5.35,14.8,0.0,809.882,-1.1,null
2020-01-18 21:00:00,15.38,68.7,2.237,5.23,74.9,0.0,810.835,-1.2,null
2020-01-18 22:00:00,14.47,72.92,2.853,6.14,53.1,0.0,811.754,-1.3,null
2020-01-18 23:00:00,13.76,77.09,3.771,7.05,84.3,0.0,812.295,-1.3,null
2020-01-19 00:00:00,13.68,76.86,3.647,6.48,71.1,0.0,812.372,-1.3,null
2020-01-19 01:00:00,13.7,77.35,3.591,6.2,50.1,0.0,811.991,-0.9,null
2020-01-19 02:00:00,12.66,80.56,2.199,3.79,348.9,0.0,811.815,-0.6,null
2020-01-19 03:00:00,12.64,79.58,1.758,3.75,4.2,0.0,811.568,-1.1,null
2020-01-19 04:00:00,13.64,77.6,4.131,8.21,54.8,0.0,811.348,-0.8,null
2020-01-19 05:00:00,13.8,76.04,3.303,6.7,56.3,0.0,811.28,-0.6,null
2020-01-19 06:00:00,13.9,73.74,3.448,6.97,63.1,0.0,811.461,-0.5,null
2020-01-19 07:00:00,13.8,74.46,4.229,7.16,67.6,0.0,811.893,-0.4,null
2020-01-19 08:00:00,13.72,75.83,4.038,7.51,62.1,0.0,812.318,7.7,null
2020-01-19 09:00:00,14.03,74.99,4.657,7.67,57.5,0.0,813.003,94.6,null
2020-01-19 10:00:00,14.71,73.55,4.336,8.52,69.9,0.0,813.735,218.2,null
2020-01-19 11:00:00,15.76,68.18,4.62,10.57,79.1,0.0,814.094,303.7,null
2020-01-19 12:00:00,17.01,62.98,6.092,10.23,76.7,0.0,813.598,631.4,null
2020-01-19 13:00:00,18.13,56.63,5.848,9.98,82.9,0.0,813.007,596.1,null
2020-01-19 14:00:00,18.14,55.55,5.663,12.04,67.1,0.0,812.253,416.2,null
2020-01-19 15:00:00,18.1,53.71,6.748,11.86,76.6,0.0,811.558,502.1,null
2020-01-19 16:00:00,17.64,54.72,6.095,10.75,78.2,0.0,811.351,278.3,null
2020-01-19 17:00:00,17.4,53.82,7.018,12.08,73.9,0.0,811.171,273.2,null
2020-01-19 18:00:00,15.78,60.74,6.596,11.27,81.1,0.0,811.625,33.9,null
2020-01-19 19:00:00,14.48,68.27,5.937,11.81,77.5,0.0,812.486,1.3,null
2020-01-19 20:00:00,12.96,82.71,4.204,8.22,69.7,3.4,813.318,-6.3,null
2020-01-19 21:00:00,14.47,85.07,3.162,6.23,55.5,2.8,811.491,-15.4,null
2020-01-19 22:00:00,11.95,76.8,3.107,7.99,63.6,0.7,815.037,0.8,null
2020-01-19 23:00:00,11.59,87.26,1.481,3.9,6.3,0.0,814.89,-0.4,null
2020-01-20 00:00:00,11.15,88.52,2.642,6.84,38.0,0.5,814.68,-0.8,null
2020-01-20 01:00:00,11.05,88.15,2.439,5.62,142.7,0.5,814.253,-6.4,null
2020-01-20 02:00:00,15.39,84.85,1.723,5.48,118.0,3.0,814.574,-9.0,null
2020-01-20 03:00:00,19.38,79.91,2.902,8.67,41.0,0.1,813.542,-10.3,null
2020-01-20 04:00:00,14.65,75.21,3.115,8.04,264.4,0.1,813.012,-4.2,null
2020-01-20 05:00:00,14.48,88.43,3.187,7.8,55.5,0.0,813.388,-0.9,null
2020-01-20 06:00:00,10.33,87.91,2.573,6.08,63.7,0.0,813.783,-0.8,null
2020-01-20 07:00:00,10.39,88.39,2.815,6.94,32.2,0.0,814.047,-0.6,null
2020-01-20 08:00:00,10.59,87.1,2.223,5.93,19.7,0.0,814.61,3.8,null
2020-01-20 09:00:00,10.82,86.09,2.439,6.37,8.5,0.0,815.341,54.7,null
2020-01-20 10:00:00,11.55,82.69,2.285,6.77,85.6,0.0,815.943,167.8,null
2020-01-20 11:00:00,12.13,79.2,1.86,5.96,42.9,0.0,816.279,224.5,null
2020-01-20 12:00:00,13.12,74.03,2.588,6.44,46.8,0.0,816.167,412.3,null
2020-01-20 13:00:00,13.92,68.65,3.449,7.66,83.5,0.0,815.561,571.7,null
2020-01-20 14:00:00,14.79,63.52,5.145,10.33,79.0,0.0,814.504,522.6,null
2020-01-20 15:00:00,15.17,60.76,5.563,10.14,74.4,0.0,813.525,481.4,null
2020-01-20 16:00:00,15.63,58.49,4.819,8.82,76.9,0.0,812.938,378.8,null
2020-01-20 17:00:00,15.93,54.51,5.456,9.46,84.7,0.0,812.789,330.2,null
2020-01-20 18:00:00,15.22,58.24,4.816,8.99,75.3,0.0,812.825,129.0,null
2020-01-20 19:00:00,13.9,63.44,5.206,10.55,76.5,0.0,813.077,13.5,null
2020-01-20 20:00:00,12.38,71.88,5.758,10.15,68.4,0.0,813.644,-0.8,null
2020-01-20 21:00:00,11.13,76.45,5.251,9.53,68.8,0.0,814.058,-0.9,null
2020-01-20 22:00:00,10.0,80.43,3.043,8.85,70.6,0.0,814.516,-1.0,null
2020-01-20 23:00:00,9.44,79.43,1.91,6.63,7.6,0.0,814.623,-1.4,null
2020-01-21 00:00:00,8.16,85.26,2.082,4.98,26.7,0.0,814.516,-1.2,null
2020-01-21 01:00:00,7.91,86.54,2.301,5.74,34.1,0.0,814.084,-1.6,null
2020-01-21 02:00:00,7.77,87.26,2.001,3.9,40.6,0.0,813.804,-1.6,null
2020-01-21 03:00:00,7.56,88.46,1.391,3.66,39.8,0.0,813.517,-1.3,null
2020-01-21 04:00:00,6.81,91.16,1.364,2.44,353.1,0.0,813.278,-1.1,null
2020-01-21 05:00:00,7.17,90.61,1.857,4.02,13.9,0.0,813.258,-0.7,null
2020-01-21 06:00:00,7.43,89.4,2.25,4.24,33.1,0.0,813.577,-0.1,null
2020-01-21 07:00:00,7.07,91.21,2.362,4.75,66.4,0.0,814.148,0.0,null
2020-01-21 08:00:00,6.84,91.73,2.715,5.23,63.7,0.0,814.839,4.4,null
2020-01-21 09:00:00,6.6,92.08,2.738,5.65,71.4,0.0,815.541,41.3,null
2020-01-21 10:00:00,6.96,90.22,2.803,5.92,71.7,0.0,816.089,103.4,null
2020-01-21 11:00:00,7.76,86.78,2.334,5.86,81.0,0.0,816.155,156.3,null
2020-01-21 12:00:00,8.79,81.86,2.583,5.43,70.2,0.0,815.669,280.6,null
2020-01-21 13:00:00,10.9,71.8,2.174,5.86,56.2,0.0,814.477,781.4,null
2020-01-21 14:00:00,14.52,57.68,1.593,3.69,168.0,0.0,813.116,847.3,null
2020-01-21 15:00:00,17.39,47.77,1.889,4.21,183.3,0.0,811.806,775.7,null
2020-01-21 16:00:00,19.23,38.29,2.155,4.7,186.2,0.0,810.806,623.1,null
2020-01-21 17:00:00,19.96,32.79,2.152,4.47,175.1,0.0,810.181,418.0,null
2020-01-21 18:00:00,19.6,32.88,1.778,4.28,155.6,0.0,810.067,166.9,null
2020-01-21 19:00:00,18.25,36.12,2.088,3.7,138.2,0.0,810.088,14.8,null
2020-01-21 20:00:00,16.39,42.02,1.703,2.45,71.4,0.0,810.346,-1.7,null
2020-01-21 21:00:00,15.14,46.46,2.211,4.3,23.6,0.0,810.719,-1.7,null
2020-01-21 22:00:00,13.7,53.9,2.018,3.23,1.5,0.0,810.991,-1.4,null
2020-01-21 23:00:00,12.24,59.89,2.383,3.36,354.2,0.0,811.159,-1.6,null
2020-01-22 00:00:00,11.92,63.74,2.586,4.57,9.4,0.0,810.943,-1.4,null
2020-01-22 01:00:00,10.78,70.95,2.367,4.2,5.6,0.0,810.702,-1.1,null
2020-01-22 02:00:00,9.54,79.66,2.346,3.47,13.3,0.0,810.525,-1.2,null
2020-01-22 03:00:00,8.86,84.49,2.396,3.88,15.9,0.0,810.117,-1.4,null
2020-01-22 04:00:00,7.6,89.74,3.143,4.66,1.6,0.0,809.694,-0.7,null
2020-01-22 05:00:00,6.67,94.09,2.655,3.74,0.1,0.0,809.41,-0.9,null
2020-01-22 06:00:00,6.18,93.6,2.53,3.35,3.4,0.0,809.259,-1.2,null
2020-01-22 07:00:00,5.68,93.88,2.286,3.49,12.3,0.0,809.281,-1.1,null
2020-01-22 08:00:00,5.7,91.97,2.165,3.79,10.3,0.0,809.719,20.9,null
2020-01-22 09:00:00,7.21,86.52,1.18,2.15,345.8,0.0,810.343,168.5,null
2020-01-22 10:00:00,9.79,78.96,0.964,2.39,327.3,0.0,810.556,249.6,null
2020-01-22 11:00:00,12.59,67.39,0.783,1.86,203.9,0.0,810.55,237.4,null
2020-01-22 12:00:00,14.07,61.9,0.832,2.21,285.4,0.0,810.235,189.6,null
2020-01-22 13:00:00,16.25,56.77,1.429,4.17,225.9,0.0,809.568,348.7,null
2020-01-22 14:00:00,18.24,49.21,3.938,7.91,243.2,0.0,808.478,576.8,null
2020-01-22 15:00:00,20.61,39.97,5.426,10.15,236.2,0.0,807.343,786.1,null
2020-01-22 16:00:00,21.11,37.45,5.594,12.04,251.6,0.0,806.631,418.6,null
2020-01-22 17:00:00,21.01,38.56,5.545,9.85,251.4,0.0,806.229,343.8,null
2020-01-22 18:00:00,21.17,35.61,5.135,9.67,242.7,0.0,806.083,167.8,null
2020-01-22 19:00:00,19.89,38.57,2.662,6.85,220.5,0.0,806.355,10.7,null
2020-01-22 20:00:00,18.82,42.29,1.185,2.0,213.9,0.0,806.982,-1.5,null
2020-01-22 21:00:00,18.18,42.41,1.537,3.38,245.0,0.0,807.467,-1.4,null
2020-01-22 22:00:00,17.11,45.75,1.094,2.59,252.8,0.0,807.847,-1.8,null
2020-01-22 23:00:00,16.23,56.79,2.511,3.74,236.2,0.0,807.908,-1.5,null
2020-01-23 00:00:00,15.23,63.34,1.957,3.69,226.2,0.0,807.773,-1.3,null
2020-01-23 01:00:00,14.18,67.09,1.215,1.93,96.6,0.0,807.468,-1.6,null
2020-01-23 02:00:00,13.95,67.62,1.23,1.93,94.1,0.0,807.172,-1.6,null
2020-01-23 03:00:00,12.93,70.67,0.599,1.55,338.9,0.0,806.929,-1.1,null
2020-01-23 04:00:00,13.17,66.9,1.102,1.81,325.4,0.0,806.702,-1.2,null
2020-01-23 05:00:00,13.16,65.41,0.535,1.09,186.4,0.0,806.493,-1.4,null
2020-01-23 06:00:00,12.3,69.32,1.07,2.1,254.9,0.0,806.606,-1.4,null
2020-01-23 07:00:00,12.28,71.78,1.5,2.34,129.6,0.0,807.129,-1.2,null
2020-01-23 08:00:00,12.06,75.61,1.37,3.74,118.8,0.0,807.772,15.0,null
2020-01-23 09:00:00,12.55,74.5,1.07,2.45,202.4,0.0,808.519,90.5,null
2020-01-23 10:00:00,13.64,69.76,1.279,3.06,205.5,0.0,809.017,158.8,null
2020-01-23 11:00:00,14.7,65.64,1.837,4.03,185.1,0.0,809.246,248.9,null
2020-01-23 12:00:00,16.33,58.87,2.637,6.32,211.6,0.0,809.052,418.9,null
2020-01-23 13:00:00,17.01,50.85,3.317,7.8,212.2,0.0,808.08,273.3,null
2020-01-23 14:00:00,17.95,44.1,3.133,5.87,207.2,0.0,807.217,414.7,null
2020-01-23 15:00:00,18.01,44.01,3.448,6.63,222.2,0.0,806.956,270.5,null
2020-01-23 16:00:00,17.54,43.35,4.032,7.74,289.0,0.0,806.7,125.3,null
2020-01-23 17:00:00,14.46,57.9,2.788,6.09,15.5,0.3,806.978,29.2,null
2020-01-23 18:00:00,12.79,67.95,3.002,6.85,172.2,0.2,807.165,19.3,null
2020-01-23 19:00:00,12.23,73.17,2.773,6.75,137.9,0.1,807.43,0.7,null
2020-01-23 20:00:00,12.04,72.4,1.571,3.08,81.7,0.0,807.825,-0.6,null
2020-01-23 21:00:00,11.57,77.27,1.912,3.76,10.8,0.0,807.966,-0.7,null
2020-01-23 22:00:00,11.27,77.57,2.252,4.34,28.0,0.0,808.259,-0.7,null
2020-01-23 23:00:00,10.91,78.43,2.372,4.44,17.8,0.0,808.123,-0.9,null
2020-01-24 00:00:00,10.81,76.08,1.554,2.83,3.3,0.0,808.194,-1.3,null
2020-01-24 01:00:00,9.94,80.62,2.626,4.31,355.4,0.0,807.864,-0.8,null
2020-01-24 02:00:00,9.2,83.7,3.046,4.17,358.9,0.0,807.747,-1.4,null
2020-01-24 03:00:00,8.53,83.98,2.972,4.52,350.7,0.0,807.475,-0.8,null
2020-01-24 04:00:00,8.14,83.31,3.103,4.54,357.0,0.0,807.186,-1.8,null
2020-01-24 05:00:00,8.34,81.55,2.786,4.33,8.5,0.0,807.315,-1.1,null
2020-01-24 06:00:00,7.5,83.75,2.647,3.74,12.9,0.0,807.676,-1.6,null
2020-01-24 07:00:00,7.13,84.27,3.393,4.7,13.8,0.0,808.226,-1.1,null
2020-01-24 08:00:00,6.47,86.09,2.744,3.86,353.6,0.0,809.038,21.0,null
2020-01-24 09:00:00,8.21,81.55,2.179,3.64,333.9,0.0,809.855,208.3,null
2020-01-24 10:00:00,12.13,69.59,1.323,2.56,271.5,0.0,810.718,440.2,null
2020-01-24 11:00:00,14.98,59.84,1.661,3.96,164.5,0.0,810.856,643.1,null
2020-01-24 12:00:00,16.83,51.5,1.703,4.14,155.8,0.0,810.24,785.1,null
2020-01-24 13:00:00,18.77,44.0,1.821,5.2,203.5,0.0,809.206,866.0,null
2020-01-24 14:00:00,19.71,38.6,2.711,6.15,186.0,0.0,808.137,826.1,null
2020-01-24 15:00:00,20.11,36.64,2.138,5.53,159.2,0.0,807.237,642.3,null
2020-01-24 16:00:00,20.9,33.56,2.162,4.98,136.9,0.0,806.521,599.6,null
2020-01-24 17:00:00,21.43,32.39,1.582,4.55,272.6,0.0,806.025,354.2,null
2020-01-24 18:00:00,21.49,31.72,1.161,3.23,224.5,0.0,805.995,173.6,null
2020-01-24 19:00:00,19.88,36.1,2.183,7.25,132.8,0.0,806.213,18.0,null
2020-01-24 20:00:00,16.59,53.41,6.041,10.49,80.6,0.0,806.842,0.1,null
2020-01-24 21:00:00,14.59,64.39,2.746,9.11,85.5,0.0,807.967,-0.8,null
2020-01-24 22:00:00,13.54,70.94,2.584,5.81,320.3,0.0,808.905,-1.2,null
2020-01-24 23:00:00,12.48,77.42,2.819,9.13,49.2,0.0,809.318,-1.2,null
2020-01-25 00:00:00,11.92,80.36,2.832,6.69,47.7,0.0,809.582,-1.6,null
2020-01-25 01:00:00,11.52,82.14,2.576,7.12,38.0,0.0,809.44,-1.4,null
2020-01-25 02:00:00,11.3,82.25,2.079,6.54,21.3,0.0,809.312,-1.6,null
2020-01-25 03:00:00,11.02,82.94,2.296,4.84,36.3,0.0,808.785,-1.5,null
2020-01-25 04:00:00,10.43,85.18,1.867,3.88,11.8,0.0,808.326,-1.5,null
2020-01-25 05:00:00,9.76,87.35,2.199,3.77,1.4,0.0,808.224,-1.3,null
2020-01-25 06:00:00,9.09,88.91,2.001,3.0,2.5,0.0,808.464,-1.3,null
2020-01-25 07:00:00,8.46,90.26,2.202,3.01,0.5,0.0,809.122,-1.1,null
2020-01-25 08:00:00,8.53,91.72,1.546,2.63,43.1,0.0,809.941,18.8,null
2020-01-25 09:00:00,9.35,88.37,1.359,2.8,340.0,0.0,810.779,199.1,null
2020-01-25 10:00:00,11.36,80.97,1.264,2.59,326.6,0.0,811.206,350.0,null
2020-01-25 11:00:00,14.09,67.35,1.358,2.96,269.6,0.0,811.258,587.1,null
2020-01-25 12:00:00,16.35,52.84,1.885,4.79,190.7,0.0,810.857,719.4,null
2020-01-25 13:00:00,18.34,41.41,2.369,6.22,185.4,0.0,809.761,778.3,null
2020-01-25 14:00:00,20.26,34.09,3.538,7.49,200.6,0.0,808.736,821.0,null
2020-01-25 15:00:00,21.26,27.39,4.784,9.02,234.7,0.0,807.865,595.8,null
2020-01-25 16:00:00,21.37,27.73,4.235,8.4,229.5,0.0,807.413,445.7,null
2020-01-25 17:00:00,20.9,28.94,4.149,8.94,248.6,0.0,807.305,243.3,null
2020-01-25 18:00:00,20.45,30.55,3.836,6.86,245.6,0.0,807.522,126.6,null
2020-01-25 19:00:00,19.41,33.4,3.825,6.24,245.3,0.0,807.729,12.5,null
2020-01-25 20:00:00,17.66,38.81,2.387,5.53,273.2,0.0,808.108,-1.3,null
2020-01-25 21:00:00,16.7,41.88,2.393,5.37,229.8,0.0,808.915,-1.8,null
2020-01-25 22:00:00,15.71,43.66,1.783,3.45,211.8,0.0,809.566,-1.3,null
2020-01-25 23:00:00,14.49,48.95,1.165,3.25,332.7,0.0,809.877,-1.5,null
2020-01-26 00:00:00,14.59,49.91,1.533,3.41,226.1,0.0,810.25,-2.1,null
2020-01-26 01:00:00,13.92,54.88,1.517,3.02,213.4,0.0,809.972,-1.3,null
2020-01-26 02:00:00,13.16,56.63,2.055,3.36,139.7,0.0,809.53,-1.5,null
2020-01-26 03:00:00,12.72,57.54,1.117,2.83,164.1,0.0,809.337,-1.1,null
2020-01-26 04:00:00,12.48,59.26,0.992,2.29,106.9,0.0,809.279,-1.2,null
2020-01-26 05:00:00,12.23,60.23,1.863,2.51,126.6,0.0,809.143,-0.8,null
2020-01-26 06:00:00,11.43,62.11,1.439,3.1,149.7,0.0,809.135,-1.2,null
2020-01-26 07:00:00,10.82,65.06,1.464,2.36,102.0,0.0,809.495,-1.6,null
2020-01-26 08:00:00,10.82,67.26,1.036,1.71,176.6,0.0,810.221,15.9,null
2020-01-26 09:00:00,11.27,67.04,0.873,1.96,190.6,0.0,811.03,47.6,null
2020-01-26 10:00:00,12.15,66.01,1.216,2.25,170.6,0.0,811.798,89.9,null
2020-01-26 11:00:00,13.53,61.8,1.199,2.51,160.7,0.0,812.003,185.5,null
2020-01-26 12:00:00,14.28,58.76,1.125,3.78,184.1,0.0,811.703,175.0,null
2020-01-26 13:00:00,14.99,58.08,1.85,5.34,191.8,0.0,811.06,231.2,null
2020-01-26 14:00:00,15.65,56.45,2.212,4.41,214.2,0.0,810.144,252.2,null
2020-01-26 15:00:00,16.33,54.46,1.99,4.29,191.3,0.0,809.211,397.0,null
2020-01-26 16:00:00,18.02,46.84,2.055,4.36,185.2,0.0,808.558,511.7,null
2020-01-26 17:00:00,18.48,42.33,2.984,6.02,206.3,0.0,808.067,300.0,null
2020-01-26 18:00:00,18.63,42.48,2.773,4.88,184.2,0.0,807.868,214.4,null
2020-01-26 19:00:00,17.4,47.22,1.68,4.16,190.0,0.0,807.985,16.8,null
2020-01-26 20:00:00,16.17,51.09,1.372,2.72,10.4,0.0,808.352,-1.8,null
2020-01-26 21:00:00,15.37,53.35,2.238,3.11,24.4,0.0,808.761,-1.3,null
2020-01-26 22:00:00,14.98,54.94,2.358,3.87,15.7,0.0,809.211,-1.3,null
2020-01-26 23:00:00,14.12,59.14,2.059,3.47,51.6,0.0,809.47,-0.9,null
2020-01-27 00:00:00,13.47,62.91,1.434,2.26,351.9,0.0,809.634,-0.7,null
2020-01-27 01:00:00,12.8,66.81,1.258,2.36,346.4,0.0,809.552,-0.9,null
2020-01-27 02:00:00,12.6,66.96,0.99,2.28,2.6,0.0,809.336,-0.8,null
2020-01-27 03:00:00,12.21,67.05,0.921,2.24,92.5,0.0,809.182,-1.5,null
2020-01-27 04:00:00,11.31,69.94,1.545,2.74,39.3,0.0,808.93,-1.4,null
2020-01-27 05:00:00,11.74,67.87,0.637,1.66,354.3,0.0,808.923,-1.0,null
2020-01-27 06:00:00,10.81,72.56,1.18,2.35,25.1,0.0,808.867,-1.3,null
2020-01-27 07:00:00,10.32,73.95,1.068,1.69,71.3,0.0,809.313,-2.0,null
2020-01-27 08:00:00,9.84,75.65,1.446,2.34,42.9,0.0,809.689,28.8,null
2020-01-27 09:00:00,12.39,67.12,0.783,2.03,142.3,0.0,810.219,245.4,null
2020-01-27 10:00:00,14.15,61.05,1.635,3.83,182.8,0.0,810.537,482.3,null
2020-01-27 11:00:00,16.04,54.99,2.696,6.62,190.7,0.0,810.451,670.8,null
2020-01-27 12:00:00,17.8,45.24,3.712,7.91,223.8,0.0,810.099,822.7,null
2020-01-27 13:00:00,19.08,37.35,4.063,8.76,221.7,0.0,809.366,876.7,null
2020-01-27 14:00:00,20.43,28.33,4.886,9.52,220.9,0.0,808.353,888.9,null
2020-01-27 15:00:00,21.39,28.5,4.703,8.79,218.3,0.0,807.409,805.3,null
2020-01-27 16:00:00,22.36,22.18,4.073,8.89,232.7,0.0,806.679,659.8,null
2020-01-27 17:00:00,22.63,20.22,4.59,7.94,250.0,0.0,806.255,459.3,null
2020-01-27 18:00:00,22.02,26.08,4.369,7.88,252.2,0.0,806.115,204.5,null
2020-01-27 19:00:00,20.34,27.63,3.047,6.9,283.4,0.0,806.172,20.7,null
2020-01-27 20:00:00,18.32,24.07,1.582,3.56,270.0,0.0,806.579,-1.9,null
2020-01-27 21:00:00,17.38,24.66,1.083,3.35,158.6,0.0,807.311,-2.3,null
2020-01-27 22:00:00,16.5,30.12,2.046,5.46,220.4,0.0,807.903,-2.3,null
2020-01-27 23:00:00,15.64,38.02,1.354,4.87,57.6,0.0,808.057,-1.7,null
2020-01-28 00:00:00,14.98,40.58,0.822,2.04,123.7,0.0,808.041,-2.1,null
2020-01-28 01:00:00,14.18,42.1,0.967,2.77,156.5,0.0,807.729,-2.3,null
2020-01-28 02:00:00,12.96,45.08,1.478,2.47,113.9,0.0,807.451,-2.0,null
2020-01-28 03:00:00,11.82,47.82,1.181,2.56,111.1,0.0,807.135,-1.6,null
2020-01-28 04:00:00,10.76,52.9,0.652,1.77,335.4,0.0,807.047,-1.6,null
2020-01-28 05:00:00,10.72,52.47,1.053,2.12,61.1,0.0,806.971,-2.7,null
2020-01-28 06:00:00,9.57,56.39,1.113,2.24,107.5,0.0,806.719,-1.5,null
2020-01-28 07:00:00,8.81,59.92,1.417,2.19,36.3,0.0,807.084,-2.5,null
2020-01-28 08:00:00,7.84,63.26,2.159,3.79,32.1,0.0,807.53,28.8,null
2020-01-28 09:00:00,10.81,54.29,0.993,2.27,104.6,0.0,808.018,228.8,null
2020-01-28 10:00:00,13.86,44.54,1.287,3.65,192.4,0.0,808.245,475.2,null
2020-01-28 11:00:00,16.11,37.37,3.115,6.58,195.2,0.0,808.189,683.8,null
2020-01-28 12:00:00,18.17,28.35,4.295,8.89,206.5,0.0,807.638,832.3,null
2020-01-28 13:00:00,19.32,25.7,4.635,8.86,210.1,0.0,806.893,899.9,null
2020-01-28 14:00:00,20.52,19.57,4.545,7.84,232.5,0.0,806.0,901.3,null
2020-01-28 15:00:00,21.65,12.14,5.194,9.6,241.3,0.0,805.226,837.7,null
2020-01-28 16:00:00,22.0,12.32,5.326,10.5,232.6,0.0,804.751,643.0,null
2020-01-28 17:00:00,21.14,10.71,5.504,10.69,266.3,0.0,804.706,231.8,null
2020-01-28 18:00:00,20.51,13.85,3.985,7.53,286.8,0.0,804.935,83.9,null
2020-01-28 19:00:00,19.89,19.53,1.671,4.38,329.7,0.0,805.296,20.8,null
2020-01-28 20:00:00,19.22,21.44,1.449,2.18,24.2,0.0,805.658,-1.9,null
2020-01-28 21:00:00,16.9,26.11,2.383,3.62,9.7,0.0,806.231,-1.2,null
2020-01-28 22:00:00,15.86,28.21,2.297,4.74,304.5,0.0,806.928,-1.3,null
2020-01-28 23:00:00,15.46,30.4,0.847,2.17,37.6,0.0,807.485,-1.6,null
2020-01-29 00:00:00,14.9,32.0,1.018,2.06,348.9,0.0,807.712,-2.4,null
2020-01-29 01:00:00,13.71,35.46,0.954,2.16,125.5,0.0,807.822,-2.2,null
2020-01-29 02:00:00,12.72,38.44,1.642,2.82,65.9,0.0,807.792,-2.2,null
2020-01-29 03:00:00,10.95,47.16,2.495,4.01,4.2,0.0,807.664,-1.1,null
2020-01-29 04:00:00,9.95,50.68,2.363,6.08,350.5,0.0,807.313,-1.0,null
2020-01-29 05:00:00,10.64,66.74,2.445,6.02,352.0,0.0,807.52,-2.6,null
2020-01-29 06:00:00,11.49,75.99,2.848,9.16,31.4,0.0,807.661,-1.7,null
2020-01-29 07:00:00,11.26,78.61,2.834,9.39,76.7,0.0,807.913,-1.3,null
2020-01-29 08:00:00,11.01,80.52,1.716,6.0,21.9,0.0,808.185,21.4,null
2020-01-29 09:00:00,12.02,75.48,2.282,7.14,274.1,0.0,808.533,286.2,null
2020-01-29 10:00:00,12.89,69.82,5.571,11.55,109.1,0.0,808.869,495.5,null
2020-01-29 11:00:00,14.8,59.7,4.941,9.56,105.8,0.0,808.56,659.8,null
2020-01-29 12:00:00,17.58,43.79,4.063,7.01,116.3,0.0,807.766,801.5,null
2020-01-29 13:00:00,19.41,32.61,2.594,5.32,157.6,0.0,806.569,880.0,null
2020-01-29 14:00:00,20.61,28.6,2.139,4.9,180.2,0.0,805.289,868.3,null
2020-01-29 15:00:00,22.6,20.07,3.214,7.85,190.1,0.0,804.057,799.2,null
2020-01-29 16:00:00,24.09,13.17,4.995,10.87,221.5,0.0,803.302,648.0,null
2020-01-29 17:00:00,24.13,11.18,6.329,12.56,215.6,0.0,803.06,450.2,null
2020-01-29 18:00:00,23.15,12.35,5.912,11.56,207.6,0.0,803.572,206.1,null
2020-01-29 19:00:00,21.01,14.17,4.652,9.59,210.5,0.0,803.967,19.3,null
2020-01-29 20:00:00,19.1,15.7,3.979,7.19,224.2,0.0,804.674,-1.8,null
2020-01-29 21:00:00,17.73,16.63,2.89,6.15,221.9,0.0,805.459,-1.9,null
2020-01-29 22:00:00,16.3,18.29,1.233,3.08,91.7,0.0,806.337,-2.1,null
2020-01-29 23:00:00,15.16,22.55,2.667,5.43,278.3,0.0,806.922,-2.6,null
2020-01-30 00:00:00,14.32,29.36,2.376,5.1,278.8,0.0,806.78,-1.8,null
2020-01-30 01:00:00,13.83,37.48,2.452,5.21,251.9,0.0,806.442,-2.2,null
2020-01-30 02:00:00,12.69,33.41,1.308,3.43,186.7,0.0,806.038,-1.6,null
2020-01-30 03:00:00,11.7,35.15,1.727,3.45,146.1,0.0,805.703,-1.8,null
2020-01-30 04:00:00,11.85,33.34,1.657,2.78,141.8,0.0,805.346,-2.4,null
2020-01-30 05:00:00,11.37,32.96,0.785,2.23,108.4,0.0,805.051,-2.0,null
2020-01-30 06:00:00,10.3,31.49,1.55,2.47,343.8,0.0,805.104,-2.1,null
2020-01-30 07:00:00,10.58,26.67,0.784,2.33,167.8,0.0,805.479,-2.0,null
2020-01-30 08:00:00,10.63,25.71,1.136,2.22,135.0,0.0,806.054,33.6,null
2020-01-30 09:00:00,12.07,24.31,1.138,2.29,125.5,0.0,806.512,175.6,null
2020-01-30 10:00:00,14.86,21.06,1.338,3.36,211.1,0.0,806.897,455.3,null
2020-01-30 11:00:00,17.4,16.23,3.923,7.55,220.5,0.0,806.717,653.9,null
2020-01-30 12:00:00,19.14,15.08,7.167,13.28,221.0,0.0,806.315,717.8,null
2020-01-30 13:00:00,19.8,14.42,8.161,14.15,227.0,0.0,805.774,675.5,null
2020-01-30 14:00:00,20.91,15.39,7.732,14.96,227.5,0.0,804.999,760.6,null
2020-01-30 15:00:00,20.72,19.25,7.092,13.3,218.3,0.0,804.371,370.0,null
2020-01-30 16:00:00,20.8,17.14,8.648,14.89,243.4,0.0,804.263,285.5,null
2020-01-30 17:00:00,19.26,19.86,10.17,18.82,252.0,0.0,804.87,181.9,null
2020-01-30 18:00:00,17.32,31.18,8.047,17.74,255.8,0.0,805.306,70.5,null
2020-01-30 19:00:00,16.86,34.7,6.44,11.29,239.9,0.0,805.784,4.2,null
2020-01-30 20:00:00,16.36,36.32,4.596,11.87,249.3,0.0,806.041,-1.0,null
2020-01-30 21:00:00,15.4,41.94,3.828,7.01,272.2,0.0,806.362,-0.7,null
2020-01-30 22:00:00,14.72,47.34,4.912,9.05,252.1,0.0,806.558,-1.2,null
2020-01-30 23:00:00,14.35,48.85,3.529,6.62,253.7,0.0,806.641,-1.4,null
2020-01-31 00:00:00,14.36,49.62,3.657,7.62,226.6,0.0,806.524,-0.9,null
2020-01-31 01:00:00,13.98,51.44,2.621,5.42,204.4,0.0,806.211,-0.8,null
2020-01-31 02:00:00,13.66,53.74,2.456,5.1,182.4,0.0,805.861,-0.5,null
2020-01-31 03:00:00,13.16,56.06,2.002,4.41,19.0,0.0,806.187,-1.3,null
2020-01-31 04:00:00,12.41,59.23,1.839,4.04,313.1,0.0,806.198,-1.2,null
2020-01-31 05:00:00,12.04,61.13,0.736,1.86,167.3,0.0,806.29,-1.3,null
2020-01-31 06:00:00,11.12,64.74,1.367,2.29,122.6,0.0,806.58,-1.6,null
2020-01-31 07:00:00,9.9,70.5,1.65,2.6,122.7,0.0,807.378,-1.4,null
2020-01-31 08:00:00,9.29,72.16,1.227,2.07,97.1,0.0,807.745,32.5,null
2020-01-31 09:00:00,11.37,66.23,1.286,2.71,151.5,0.0,808.195,214.5,null
2020-01-31 10:00:00,13.83,57.25,1.358,3.93,172.0,0.0,808.883,436.0,null
2020-01-31 11:00:00,15.15,53.23,2.032,4.33,199.0,0.0,809.209,527.1,null
2020-01-31 12:00:00,17.34,44.58,2.757,6.33,181.6,0.0,808.551,759.1,null
2020-01-31 13:00:00,18.81,32.47,4.718,11.3,214.1,0.0,807.908,781.6,null
2020-01-31 14:00:00,19.95,23.49,5.337,11.84,235.8,0.0,807.121,781.1,null
2020-01-31 15:00:00,20.14,23.05,6.288,11.12,245.1,0.0,806.318,596.8,null
2020-01-31 16:00:00,20.62,26.9,4.71,11.38,243.6,0.0,805.631,442.5,null
2020-01-31 17:00:00,20.66,26.95,4.404,8.51,263.0,0.0,805.442,292.7,null
2020-01-31 18:00:00,20.11,26.51,4.154,8.6,274.8,0.0,805.829,121.0,null
2020-01-31 19:00:00,19.24,26.45,2.972,5.56,285.6,0.0,806.489,11.1,null
2020-01-31 20:00:00,18.29,27.65,1.884,4.56,275.5,0.0,807.237,-1.2,null
2020-01-31 21:00:00,17.3,28.96,1.26,2.38,283.5,0.0,808.017,-1.5,null
2020-01-31 22:00:00,16.39,28.08,1.3,2.65,280.2,0.0,808.766,-1.5,null
2020-01-31 23:00:00,16.04,27.6,1.417,2.28,289.8,0.0,809.059,-1.4,null
