Red Universitaria de Observatorios Atmosfericos (RUOA)
Atmospheric Observatory Juriquilla (jqro), Queretaro
Lat 20.703 N, Lon 100.4473 W, Alt 1945 masl
Time UTC-6h
Meteorological data
 
TIMESTAMP,Temp_Avg,RH_Avg,WSpeed_Avg,WSpeed_Max,WDir_Avg,Rain_Tot,Press_Avg,Rad_Avg
yyyy-mm-dd HH:MM:SS,�C,%,m/s,m/s,deg,mm,hPa,W/m^2
2021-06-01 00:00:00,null,null,null,null,null,null,null,null
2021-06-01 01:00:00,null,null,null,null,null,null,null,null
2021-06-01 02:00:00,null,null,null,null,null,null,null,null
2021-06-01 03:00:00,null,null,null,null,null,null,null,null
2021-06-01 04:00:00,null,null,null,null,null,null,null,null
2021-06-01 05:00:00,null,null,null,null,null,null,null,null
2021-06-01 06:00:00,null,null,null,null,null,null,null,null
2021-06-01 07:00:00,null,null,null,null,null,null,null,null
2021-06-01 08:00:00,null,null,null,null,null,null,null,null
2021-06-01 09:00:00,null,null,null,null,null,null,null,null
2021-06-01 10:00:00,null,null,null,null,null,null,null,null
2021-06-01 11:00:00,null,null,null,null,null,null,null,null
2021-06-01 12:00:00,null,null,null,null,null,null,null,null
2021-06-01 13:00:00,null,null,null,null,null,null,null,null
2021-06-01 14:00:00,null,null,null,null,null,null,null,null
2021-06-01 15:00:00,null,null,null,null,null,null,null,null
2021-06-01 16:00:00,null,null,null,null,null,null,null,null
2021-06-01 17:00:00,null,null,null,null,null,null,null,null
2021-06-01 18:00:00,null,null,null,null,null,null,null,null
2021-06-01 19:00:00,null,null,null,null,null,null,null,null
2021-06-01 20:00:00,null,null,null,null,null,null,null,null
2021-06-01 21:00:00,null,null,null,null,null,null,null,null
2021-06-01 22:00:00,null,null,null,null,null,null,null,null
2021-06-01 23:00:00,null,null,null,null,null,null,null,null
2021-06-02 00:00:00,null,null,null,null,null,null,null,null
2021-06-02 01:00:00,null,null,null,null,null,null,null,null
2021-06-02 02:00:00,null,null,null,null,null,null,null,null
2021-06-02 03:00:00,null,null,null,null,null,null,null,null
2021-06-02 04:00:00,null,null,null,null,null,null,null,null
2021-06-02 05:00:00,null,null,null,null,null,null,null,null
2021-06-02 06:00:00,null,null,null,null,null,null,null,null
2021-06-02 07:00:00,null,null,null,null,null,null,null,null
2021-06-02 08:00:00,null,null,null,null,null,null,null,null
2021-06-02 09:00:00,null,null,null,null,null,null,null,null
2021-06-02 10:00:00,null,null,null,null,null,null,null,null
2021-06-02 11:00:00,null,null,null,null,null,null,null,null
2021-06-02 12:00:00,null,null,null,null,null,null,null,null
2021-06-02 13:00:00,null,null,null,null,null,null,null,null
2021-06-02 14:00:00,null,null,null,null,null,null,null,null
2021-06-02 15:00:00,null,null,null,null,null,null,null,null
2021-06-02 16:00:00,null,null,null,null,null,null,null,null
2021-06-02 17:00:00,null,null,null,null,null,null,null,null
2021-06-02 18:00:00,null,null,null,null,null,null,null,null
2021-06-02 19:00:00,null,null,null,null,null,null,null,null
2021-06-02 20:00:00,null,null,null,null,null,null,null,null
2021-06-02 21:00:00,null,null,null,null,null,null,null,null
2021-06-02 22:00:00,null,null,null,null,null,null,null,null
2021-06-02 23:00:00,null,null,null,null,null,null,null,null
2021-06-03 00:00:00,null,null,null,null,null,null,null,null
2021-06-03 01:00:00,null,null,null,3.86,null,null,808.778,null
2021-06-03 02:00:00,15.0,99.9,0.855,2.07,112.6,1.8,808.627,-0.7
2021-06-03 03:00:00,14.76,99.9,1.401,2.8,338.2,2.1,808.197,-0.4
2021-06-03 04:00:00,14.85,99.9,1.607,2.95,358.3,0.2,807.78,-0.5
2021-06-03 05:00:00,14.94,99.9,2.202,3.49,350.6,0.6,808.146,-0.5
2021-06-03 06:00:00,14.84,99.9,1.923,4.15,14.2,0.6,808.091,-0.6
2021-06-03 07:00:00,14.82,99.9,1.879,3.6,17.7,0.0,808.158,11.3
2021-06-03 08:00:00,15.43,99.86,0.876,1.74,52.0,0.0,808.543,99.9
2021-06-03 09:00:00,16.41,92.24,1.027,2.09,120.1,0.0,808.866,226.4
2021-06-03 10:00:00,17.41,79.14,1.124,3.28,132.9,0.0,809.131,322.1
2021-06-03 11:00:00,19.27,65.57,1.463,3.81,164.8,0.0,808.778,772.0
2021-06-03 12:00:00,21.53,54.8,1.838,4.98,236.0,0.0,808.433,1054.2
2021-06-03 13:00:00,22.72,50.57,1.883,4.46,250.8,0.0,807.799,931.4
2021-06-03 14:00:00,23.94,46.3,1.942,4.66,257.2,0.0,807.044,1047.4
2021-06-03 15:00:00,23.88,46.57,1.921,4.53,238.8,0.0,806.357,531.8
2021-06-03 16:00:00,23.88,46.81,1.547,4.05,227.1,0.1,805.658,280.4
2021-06-03 17:00:00,20.42,68.09,3.191,7.1,29.0,1.1,805.479,133.1
2021-06-03 18:00:00,18.5,78.63,2.184,6.33,195.5,0.5,805.92,27.5
2021-06-03 19:00:00,18.53,74.37,1.09,2.66,224.5,0.2,806.64,14.0
2021-06-03 20:00:00,16.56,83.49,2.973,5.2,341.5,0.7,807.63,-0.6
2021-06-03 21:00:00,16.38,92.59,1.453,3.78,262.1,0.0,808.381,-1.2
2021-06-03 22:00:00,16.51,88.79,0.835,2.61,200.8,0.2,809.051,-1.5
2021-06-03 23:00:00,15.96,83.79,0.984,2.56,213.8,0.3,809.347,-1.6
2021-06-04 00:00:00,15.78,86.34,0.79,1.89,71.2,0.1,809.511,-1.5
2021-06-04 01:00:00,15.71,86.11,1.204,2.9,14.2,0.1,809.183,-1.6
2021-06-04 02:00:00,15.27,98.88,1.908,2.77,3.2,0.2,808.755,-1.1
2021-06-04 03:00:00,15.35,99.69,1.251,2.05,354.4,0.0,808.391,-0.6
2021-06-04 04:00:00,15.36,99.9,0.984,1.88,359.3,0.0,808.179,-0.6
2021-06-04 05:00:00,15.34,99.9,0.804,1.37,93.0,0.0,808.192,-0.6
2021-06-04 06:00:00,15.39,99.9,0.817,1.71,183.2,0.0,808.352,-0.5
2021-06-04 07:00:00,15.57,99.89,1.081,2.19,207.9,0.0,808.725,34.5
2021-06-04 08:00:00,15.86,95.16,1.532,2.75,242.6,0.0,809.306,35.1
2021-06-04 09:00:00,15.52,97.95,2.096,3.79,244.9,0.5,809.891,58.0
2021-06-04 10:00:00,15.42,99.9,1.71,3.26,227.1,0.2,810.121,136.6
2021-06-04 11:00:00,15.95,91.61,2.438,5.06,357.9,0.0,810.022,143.5
2021-06-04 12:00:00,17.52,73.57,2.211,4.87,267.3,0.0,809.854,345.5
2021-06-04 13:00:00,17.94,74.74,2.769,4.71,172.0,0.0,809.283,559.2
2021-06-04 14:00:00,20.3,64.49,1.914,4.53,176.3,0.0,808.453,965.4
2021-06-04 15:00:00,22.07,57.58,1.651,4.29,185.0,0.0,807.901,780.9
2021-06-04 16:00:00,22.89,53.5,2.224,5.76,192.7,0.0,807.47,717.5
2021-06-04 17:00:00,22.79,51.43,2.008,4.89,182.1,0.0,807.173,231.6
2021-06-04 18:00:00,23.36,48.73,2.052,4.65,224.2,0.0,807.015,253.8
2021-06-04 19:00:00,21.73,50.06,2.755,5.91,329.6,0.0,807.336,60.5
2021-06-04 20:00:00,20.75,50.67,1.982,4.34,6.6,0.0,807.822,5.2
2021-06-04 21:00:00,20.24,54.84,1.301,1.88,318.4,0.0,808.493,-1.0
2021-06-04 22:00:00,19.67,57.35,1.567,2.52,44.2,0.0,808.826,-0.8
2021-06-04 23:00:00,18.92,59.79,1.953,2.78,20.0,0.0,808.955,-1.2
2021-06-05 00:00:00,18.26,63.15,1.612,3.69,83.1,0.0,808.973,-0.8
2021-06-05 01:00:00,18.0,70.23,1.076,2.3,305.7,0.0,808.731,-0.9
2021-06-05 02:00:00,17.87,74.51,1.079,2.13,17.2,0.0,808.492,-0.7
2021-06-05 03:00:00,17.58,77.58,1.458,2.86,46.3,0.0,808.328,-0.7
2021-06-05 04:00:00,17.4,79.22,1.198,3.22,50.9,0.0,808.305,-0.8
2021-06-05 05:00:00,16.99,80.79,1.518,3.09,31.9,0.0,808.518,-0.8
2021-06-05 06:00:00,16.66,85.35,1.042,1.86,28.2,0.0,808.869,-0.5
2021-06-05 07:00:00,16.58,90.51,1.059,1.8,10.0,0.0,809.258,33.6
2021-06-05 08:00:00,17.95,79.85,0.941,2.02,319.9,0.0,809.575,214.8
2021-06-05 09:00:00,19.75,69.3,0.952,2.59,220.4,0.0,809.612,458.6
2021-06-05 10:00:00,21.21,62.2,1.29,3.94,183.3,0.0,809.769,714.4
2021-06-05 11:00:00,22.7,56.89,1.582,4.47,200.4,0.0,809.612,689.4
2021-06-05 12:00:00,23.03,53.0,2.364,5.48,193.7,0.0,809.19,365.1
2021-06-05 13:00:00,23.45,48.23,1.951,4.04,210.4,0.0,808.6,351.9
2021-06-05 14:00:00,24.59,41.24,1.697,4.49,208.4,0.0,808.01,335.0
2021-06-05 15:00:00,25.45,33.91,2.527,6.42,313.7,0.0,807.08,548.7
2021-06-05 16:00:00,26.29,28.09,2.351,5.55,330.6,0.0,806.226,526.3
2021-06-05 17:00:00,26.47,28.79,2.424,4.45,298.9,0.0,805.821,384.0
2021-06-05 18:00:00,26.58,26.41,1.979,3.66,307.0,0.0,805.503,279.4
2021-06-05 19:00:00,24.69,39.93,3.361,7.48,106.7,0.0,806.125,60.4
2021-06-05 20:00:00,22.85,45.45,4.263,8.86,103.7,0.0,806.843,2.6
2021-06-05 21:00:00,21.55,48.87,2.87,7.01,91.8,0.0,807.788,-1.0
2021-06-05 22:00:00,20.29,53.25,1.986,5.67,101.5,0.0,808.567,-0.9
2021-06-05 23:00:00,19.9,54.97,1.249,2.71,246.5,0.0,809.072,-1.3
2021-06-06 00:00:00,19.09,62.11,1.686,3.99,229.2,0.0,809.56,-1.1
2021-06-06 01:00:00,18.57,63.9,1.784,7.06,57.1,0.0,809.746,-0.8
2021-06-06 02:00:00,18.14,63.16,3.823,7.6,317.7,0.0,809.395,-0.4
2021-06-06 03:00:00,16.65,68.04,2.3,5.04,4.7,0.0,808.879,0.1
2021-06-06 04:00:00,16.62,66.74,1.531,3.9,10.8,0.0,808.67,-0.8
2021-06-06 05:00:00,16.81,68.59,1.488,3.42,194.9,0.0,808.187,-1.0
2021-06-06 06:00:00,16.77,71.39,1.346,2.88,208.2,0.0,808.335,-0.4
2021-06-06 07:00:00,16.54,74.04,1.41,2.28,203.3,0.0,808.971,28.1
2021-06-06 08:00:00,17.16,71.47,1.497,3.06,198.9,0.0,809.389,197.8
2021-06-06 09:00:00,18.77,63.33,2.279,4.08,225.3,0.0,809.65,391.3
2021-06-06 10:00:00,20.45,57.57,1.942,5.67,250.3,0.0,809.573,687.8
2021-06-06 11:00:00,22.38,51.79,1.91,4.59,220.2,0.0,809.406,908.8
2021-06-06 12:00:00,24.28,45.46,1.734,5.66,210.0,0.0,809.128,941.5
2021-06-06 13:00:00,25.93,39.38,1.766,4.03,242.1,0.0,808.368,1064.8
2021-06-06 14:00:00,27.35,29.5,1.906,7.83,170.5,0.0,807.533,899.9
2021-06-06 15:00:00,24.21,40.55,4.595,9.97,49.7,0.3,807.213,279.3
2021-06-06 16:00:00,26.67,31.13,2.213,4.77,63.3,0.0,806.551,855.6
2021-06-06 17:00:00,27.78,28.19,2.215,6.64,28.4,0.0,805.966,568.4
2021-06-06 18:00:00,27.07,29.72,1.949,4.68,28.0,0.0,805.81,183.1
2021-06-06 19:00:00,26.91,29.88,1.488,5.35,185.3,0.0,805.973,110.5
2021-06-06 20:00:00,25.18,34.02,3.033,5.58,62.8,0.0,806.585,6.7
2021-06-06 21:00:00,24.34,36.16,2.387,4.21,58.4,0.0,807.207,-1.0
2021-06-06 22:00:00,21.91,51.29,2.65,5.59,175.5,0.6,808.349,-1.0
2021-06-06 23:00:00,20.99,54.64,0.987,2.13,143.5,0.0,809.128,-1.5
2021-06-07 00:00:00,20.55,54.1,0.746,1.61,294.7,0.0,809.248,-1.6
2021-06-07 01:00:00,19.4,59.62,1.183,1.83,36.4,0.0,809.014,-2.0
2021-06-07 02:00:00,18.18,64.16,2.257,3.01,20.2,0.0,808.602,-1.1
2021-06-07 03:00:00,17.28,68.14,1.236,2.62,8.7,0.0,808.447,-1.4
2021-06-07 04:00:00,17.04,68.5,0.65,1.47,45.5,0.0,808.327,-1.5
2021-06-07 05:00:00,16.27,71.8,1.297,2.31,115.7,0.0,808.568,-1.7
2021-06-07 06:00:00,15.77,75.24,0.929,1.84,358.2,0.0,808.861,-1.3
2021-06-07 07:00:00,15.98,73.37,1.151,1.87,37.6,0.0,809.284,58.0
2021-06-07 08:00:00,18.22,64.53,1.334,2.73,141.5,0.0,809.566,258.9
2021-06-07 09:00:00,19.77,59.1,1.441,3.01,155.5,0.0,809.86,486.2
2021-06-07 10:00:00,22.1,51.94,1.574,3.69,179.8,0.0,809.796,697.9
2021-06-07 11:00:00,24.22,46.72,1.492,3.56,178.8,0.0,809.458,877.8
2021-06-07 12:00:00,26.46,37.63,1.768,5.37,215.7,0.0,809.106,1003.3
2021-06-07 13:00:00,27.58,32.92,2.03,4.47,147.6,0.0,808.459,950.0
2021-06-07 14:00:00,28.93,29.18,2.146,5.45,333.8,0.0,807.737,1079.3
2021-06-07 15:00:00,28.82,27.79,2.268,6.74,264.3,0.0,807.015,454.2
2021-06-07 16:00:00,28.12,26.04,3.066,5.67,104.1,0.0,806.409,286.7
2021-06-07 17:00:00,29.44,22.31,2.483,8.91,155.1,0.0,805.803,596.0
2021-06-07 18:00:00,29.11,19.47,2.833,7.24,49.0,0.0,805.656,125.3
2021-06-07 19:00:00,27.91,19.25,4.311,7.3,70.7,0.0,806.056,35.1
2021-06-07 20:00:00,26.48,18.3,5.419,9.04,59.0,0.0,806.878,2.2
2021-06-07 21:00:00,25.27,19.0,4.712,9.42,54.7,0.0,807.454,-1.6
2021-06-07 22:00:00,23.19,24.31,2.676,5.53,56.1,0.0,808.026,-1.6
2021-06-07 23:00:00,21.83,31.72,1.598,2.9,340.6,0.0,808.715,-2.1
2021-06-08 00:00:00,21.24,42.5,1.852,3.21,356.9,0.0,808.94,-1.8
2021-06-08 01:00:00,19.68,48.31,2.372,3.37,18.1,0.0,808.631,-1.8
2021-06-08 02:00:00,19.22,47.22,2.733,3.95,63.0,0.0,808.424,-2.4
2021-06-08 03:00:00,18.78,49.91,2.534,5.06,62.2,0.0,808.361,-1.4
2021-06-08 04:00:00,17.31,55.88,3.183,4.85,18.0,0.0,808.298,-1.1
2021-06-08 05:00:00,16.14,60.75,2.338,4.07,354.2,0.0,808.478,-1.3
2021-06-08 06:00:00,15.41,60.36,2.03,3.7,357.7,0.0,808.526,-0.8
2021-06-08 07:00:00,14.98,62.66,2.065,3.83,344.9,0.0,808.966,64.2
2021-06-08 08:00:00,17.01,56.84,1.88,3.99,325.6,0.0,809.255,260.0
2021-06-08 09:00:00,20.24,48.35,2.304,4.89,358.9,0.0,809.334,501.9
2021-06-08 10:00:00,22.63,40.87,1.594,3.52,204.3,0.0,809.765,711.7
2021-06-08 11:00:00,24.96,30.65,1.462,3.85,198.1,0.0,809.661,902.2
2021-06-08 12:00:00,26.9,25.64,1.823,4.99,214.1,0.0,809.511,1009.9
2021-06-08 13:00:00,27.98,22.81,1.995,4.79,323.2,0.0,809.031,1051.8
2021-06-08 14:00:00,29.45,19.94,1.991,4.48,317.4,0.0,808.327,1033.7
2021-06-08 15:00:00,30.16,17.95,2.909,8.35,91.7,0.0,807.488,957.1
2021-06-08 16:00:00,30.05,19.23,3.886,8.58,81.3,0.0,806.839,665.3
2021-06-08 17:00:00,29.32,22.46,4.154,8.88,79.8,0.0,806.634,388.9
2021-06-08 18:00:00,29.6,19.59,3.875,7.62,43.9,0.0,806.766,379.2
2021-06-08 19:00:00,28.33,17.94,4.353,7.86,40.7,0.0,807.18,144.7
2021-06-08 20:00:00,26.06,21.95,3.705,6.97,40.2,0.0,807.932,5.4
2021-06-08 21:00:00,23.83,26.66,2.569,6.8,43.1,0.0,808.897,-1.7
2021-06-08 22:00:00,22.01,52.87,5.084,9.93,65.1,0.0,809.836,-1.6
2021-06-08 23:00:00,20.81,57.4,4.045,8.39,83.6,0.0,810.555,-1.5
2021-06-09 00:00:00,19.75,62.29,4.489,8.41,75.5,0.0,810.966,-1.5
2021-06-09 01:00:00,19.01,65.54,4.171,7.44,74.4,0.0,811.084,-1.4
2021-06-09 02:00:00,18.07,72.04,2.893,5.69,58.4,0.0,810.829,-1.4
2021-06-09 03:00:00,17.44,71.22,1.541,4.11,4.6,0.0,810.388,-1.4
2021-06-09 04:00:00,17.23,72.43,1.177,3.62,24.8,0.0,810.186,-2.0
2021-06-09 05:00:00,17.29,74.55,2.08,4.6,50.0,0.0,810.135,-1.3
2021-06-09 06:00:00,16.51,77.54,2.0,4.44,10.2,0.0,810.559,-0.7
2021-06-09 07:00:00,16.44,78.02,1.396,2.72,318.2,0.0,810.88,55.4
2021-06-09 08:00:00,18.07,73.1,1.611,3.58,340.4,0.0,811.19,238.4
2021-06-09 09:00:00,20.47,67.96,2.593,5.45,61.2,0.0,811.506,488.5
2021-06-09 10:00:00,21.63,61.31,2.701,5.41,60.9,0.0,811.565,606.3
2021-06-09 11:00:00,23.16,52.24,2.575,5.65,53.0,0.0,811.292,805.5
2021-06-09 12:00:00,24.98,42.95,2.126,5.01,61.9,0.0,810.85,1038.3
2021-06-09 13:00:00,27.1,34.7,1.966,5.12,351.5,0.0,810.196,1068.1
2021-06-09 14:00:00,27.96,34.1,2.419,6.24,341.4,0.0,809.472,967.9
2021-06-09 15:00:00,28.37,28.51,3.228,7.16,64.4,0.0,808.749,791.3
2021-06-09 16:00:00,28.37,30.04,2.691,6.03,44.6,0.0,807.957,540.7
2021-06-09 17:00:00,23.36,47.21,3.247,8.77,351.9,6.7,807.588,190.8
2021-06-09 18:00:00,23.64,56.17,2.213,4.96,353.4,0.7,807.591,107.7
2021-06-09 19:00:00,24.52,53.1,3.42,10.31,26.0,0.0,807.646,152.0
2021-06-09 20:00:00,23.46,47.04,4.508,8.67,53.7,0.0,808.692,12.5
2021-06-09 21:00:00,21.59,53.8,4.368,9.28,84.4,0.0,809.795,-0.7
2021-06-09 22:00:00,null,null,null,10.52,null,null,810.542,null
2021-06-09 23:00:00,null,null,null,null,null,null,null,null
2021-06-10 00:00:00,null,null,null,null,null,null,null,null
2021-06-10 01:00:00,null,null,null,null,null,null,null,null
2021-06-10 02:00:00,null,null,null,null,null,null,null,null
2021-06-10 03:00:00,null,null,null,null,null,null,null,null
2021-06-10 04:00:00,null,null,null,null,null,null,null,null
2021-06-10 05:00:00,null,null,null,null,null,null,null,null
2021-06-10 06:00:00,null,null,null,null,null,null,null,null
2021-06-10 07:00:00,null,null,null,null,null,null,null,null
2021-06-10 08:00:00,null,null,null,null,null,null,null,null
2021-06-10 09:00:00,null,null,null,null,null,null,null,null
2021-06-10 10:00:00,null,null,null,null,null,null,null,null
2021-06-10 11:00:00,null,null,null,null,null,null,null,null
2021-06-10 12:00:00,null,null,null,null,null,null,null,null
2021-06-10 13:00:00,null,null,null,null,null,null,null,null
2021-06-10 14:00:00,null,null,null,null,null,null,null,null
2021-06-10 15:00:00,null,null,null,null,null,null,null,null
2021-06-10 16:00:00,null,null,null,null,null,null,null,null
2021-06-10 17:00:00,null,null,null,null,null,null,null,null
2021-06-10 18:00:00,null,null,null,null,null,null,null,null
2021-06-10 19:00:00,null,null,null,null,null,null,null,null
2021-06-10 20:00:00,null,null,null,null,null,null,null,null
2021-06-10 21:00:00,null,null,null,null,null,null,null,null
2021-06-10 22:00:00,null,null,null,null,null,null,null,null
2021-06-10 23:00:00,null,null,null,null,null,null,null,null
2021-06-11 00:00:00,null,null,null,null,null,null,null,null
2021-06-11 01:00:00,null,null,null,null,null,null,null,null
2021-06-11 02:00:00,null,null,null,null,null,null,null,null
2021-06-11 03:00:00,null,null,null,null,null,null,null,null
2021-06-11 04:00:00,null,null,null,null,null,null,null,null
2021-06-11 05:00:00,null,null,null,null,null,null,null,null
2021-06-11 06:00:00,null,null,null,null,null,null,null,null
2021-06-11 07:00:00,null,null,null,null,null,null,null,null
2021-06-11 08:00:00,null,null,null,null,null,null,null,null
2021-06-11 09:00:00,null,null,null,null,null,null,null,null
2021-06-11 10:00:00,null,null,null,null,null,null,null,null
2021-06-11 11:00:00,null,null,null,null,null,null,null,null
2021-06-11 12:00:00,null,null,null,null,null,null,null,null
2021-06-11 13:00:00,null,null,null,null,null,null,null,null
2021-06-11 14:00:00,null,null,null,null,null,null,null,null
2021-06-11 15:00:00,null,null,null,null,null,null,null,null
2021-06-11 16:00:00,null,null,null,null,null,null,null,null
2021-06-11 17:00:00,null,null,null,null,null,null,null,null
2021-06-11 18:00:00,null,null,null,null,null,null,null,null
2021-06-11 19:00:00,null,null,null,null,null,null,null,null
2021-06-11 20:00:00,null,null,null,null,null,null,null,null
2021-06-11 21:00:00,null,null,null,null,null,null,null,null
2021-06-11 22:00:00,null,null,null,null,null,null,null,null
2021-06-11 23:00:00,null,null,null,null,null,null,null,null
2021-06-12 00:00:00,null,null,null,null,null,null,null,null
2021-06-12 01:00:00,null,null,null,null,null,null,null,null
2021-06-12 02:00:00,null,null,null,null,null,null,null,null
2021-06-12 03:00:00,null,null,null,null,null,null,null,null
2021-06-12 04:00:00,null,null,null,null,null,null,null,null
2021-06-12 05:00:00,null,null,null,null,null,null,null,null
2021-06-12 06:00:00,null,null,null,null,null,null,null,null
2021-06-12 07:00:00,null,null,null,null,null,null,null,null
2021-06-12 08:00:00,null,null,null,null,null,null,null,null
2021-06-12 09:00:00,null,null,null,null,null,null,null,null
2021-06-12 10:00:00,null,null,null,null,null,null,null,null
2021-06-12 11:00:00,null,null,null,null,null,null,null,null
2021-06-12 12:00:00,null,null,null,null,null,null,null,null
2021-06-12 13:00:00,null,null,null,null,null,null,null,null
2021-06-12 14:00:00,null,null,null,null,null,null,null,null
2021-06-12 15:00:00,null,null,null,null,null,null,null,null
2021-06-12 16:00:00,null,null,null,null,null,null,null,null
2021-06-12 17:00:00,null,null,null,null,null,null,null,null
2021-06-12 18:00:00,null,null,null,null,null,null,null,null
2021-06-12 19:00:00,null,null,null,null,null,null,null,null
2021-06-12 20:00:00,null,null,null,null,null,null,null,null
2021-06-12 21:00:00,null,null,null,null,null,null,null,null
2021-06-12 22:00:00,null,null,null,null,null,null,null,null
2021-06-12 23:00:00,null,null,null,null,null,null,null,null
2021-06-13 00:00:00,null,null,null,null,null,null,null,null
2021-06-13 01:00:00,null,null,null,null,null,null,null,null
2021-06-13 02:00:00,null,null,null,null,null,null,null,null
2021-06-13 03:00:00,null,null,null,null,null,null,null,null
2021-06-13 04:00:00,null,null,null,null,null,null,null,null
2021-06-13 05:00:00,null,null,null,null,null,null,null,null
2021-06-13 06:00:00,null,null,null,null,null,null,null,null
2021-06-13 07:00:00,null,null,null,null,null,null,null,null
2021-06-13 08:00:00,null,null,null,null,null,null,null,null
2021-06-13 09:00:00,null,null,null,null,null,null,null,null
2021-06-13 10:00:00,null,null,null,null,null,null,null,null
2021-06-13 11:00:00,null,null,null,null,null,null,null,null
2021-06-13 12:00:00,null,null,null,null,null,null,null,null
2021-06-13 13:00:00,null,null,null,null,null,null,null,null
2021-06-13 14:00:00,null,null,null,null,null,null,null,null
2021-06-13 15:00:00,null,null,null,null,null,null,null,null
2021-06-13 16:00:00,null,null,null,null,null,null,null,null
2021-06-13 17:00:00,null,null,null,null,null,null,null,null
2021-06-13 18:00:00,null,null,null,null,null,null,null,null
2021-06-13 19:00:00,null,null,null,null,null,null,null,null
2021-06-13 20:00:00,null,null,null,null,null,null,null,null
2021-06-13 21:00:00,null,null,null,null,null,null,null,null
2021-06-13 22:00:00,null,null,null,null,null,null,null,null
2021-06-13 23:00:00,null,null,null,null,null,null,null,null
2021-06-14 00:00:00,null,null,null,null,null,null,null,null
2021-06-14 01:00:00,null,null,null,null,null,null,null,null
2021-06-14 02:00:00,15.72,95.94,3.15,4.93,71.8,null,808.761,-0.3
2021-06-14 03:00:00,15.49,94.59,2.626,5.56,60.5,0.0,808.368,-0.5
2021-06-14 04:00:00,15.16,97.52,2.809,4.62,48.9,0.0,808.075,-0.9
2021-06-14 05:00:00,15.12,99.57,2.673,4.51,49.1,0.0,808.12,-0.7
2021-06-14 06:00:00,15.29,96.95,2.432,4.11,43.6,0.0,808.525,-0.5
2021-06-14 07:00:00,15.55,93.15,2.654,4.68,52.2,0.0,808.911,19.6
2021-06-14 08:00:00,16.07,91.16,2.331,5.1,50.2,0.0,809.258,136.0
2021-06-14 09:00:00,17.29,81.36,2.762,5.23,62.1,0.0,809.472,302.3
2021-06-14 10:00:00,18.89,70.89,2.857,8.09,48.0,0.0,809.473,448.6
2021-06-14 11:00:00,20.5,61.06,4.658,9.08,81.0,0.0,809.549,663.6
2021-06-14 12:00:00,21.7,56.62,4.133,7.24,82.0,0.0,809.228,809.6
2021-06-14 13:00:00,22.49,52.69,4.583,8.92,80.2,0.0,808.626,684.2
2021-06-14 14:00:00,22.73,51.69,5.103,9.29,88.8,0.0,808.156,574.8
2021-06-14 15:00:00,22.74,52.32,5.61,13.1,88.5,0.0,807.644,539.7
2021-06-14 16:00:00,23.45,46.56,5.554,10.83,89.1,0.0,807.032,585.4
2021-06-14 17:00:00,24.05,45.64,6.202,10.54,81.9,0.0,806.631,702.9
2021-06-14 18:00:00,23.05,46.89,6.9,12.17,82.2,0.0,806.753,357.7
2021-06-14 19:00:00,21.71,54.36,4.975,10.11,65.2,0.0,807.272,65.6
2021-06-14 20:00:00,19.76,64.04,4.435,10.31,72.4,0.0,807.999,3.2
2021-06-14 21:00:00,18.62,68.84,3.787,7.21,69.1,0.0,808.607,-0.4
2021-06-14 22:00:00,18.04,70.58,4.62,8.17,73.1,0.0,809.301,-0.3
2021-06-14 23:00:00,17.52,74.6,4.356,8.44,66.3,0.0,809.948,-0.7
2021-06-15 00:00:00,17.01,72.88,4.323,9.57,72.5,0.0,810.051,-0.7
2021-06-15 01:00:00,16.55,73.96,3.947,7.66,73.2,0.0,809.906,-0.6
2021-06-15 02:00:00,16.08,76.02,2.434,7.36,83.8,0.0,809.678,-0.7
2021-06-15 03:00:00,15.76,77.05,2.794,6.69,99.9,0.0,809.344,-0.7
2021-06-15 04:00:00,15.66,75.91,2.547,5.03,108.6,0.0,809.192,-0.9
2021-06-15 05:00:00,15.68,73.86,2.545,4.86,100.1,0.0,809.121,-0.7
2021-06-15 06:00:00,15.3,76.16,2.052,4.29,116.2,0.0,808.988,-0.1
2021-06-15 07:00:00,15.55,74.89,1.861,3.71,106.4,0.0,809.24,76.2
2021-06-15 08:00:00,16.65,71.0,2.818,6.31,102.1,0.0,809.632,205.2
2021-06-15 09:00:00,17.99,63.9,3.617,7.1,75.3,0.0,809.738,490.8
2021-06-15 10:00:00,19.53,55.37,3.742,9.06,93.4,0.0,809.92,674.8
2021-06-15 11:00:00,21.48,45.81,4.604,10.1,72.9,0.0,809.77,892.5
2021-06-15 12:00:00,23.06,38.7,4.744,9.78,71.5,0.0,809.443,1010.1
2021-06-15 13:00:00,24.25,34.08,5.959,10.6,84.7,0.0,808.973,1080.8
2021-06-15 14:00:00,24.98,32.2,5.346,10.46,57.3,0.0,808.458,1050.0
2021-06-15 15:00:00,25.24,29.6,5.202,11.22,77.1,0.0,807.984,864.8
2021-06-15 16:00:00,25.51,27.95,6.411,12.05,90.6,0.0,807.449,815.5
2021-06-15 17:00:00,25.14,30.27,6.598,12.63,91.1,0.0,807.321,584.7
2021-06-15 18:00:00,24.68,29.97,6.136,11.44,80.6,0.0,807.25,376.4
2021-06-15 19:00:00,23.39,39.23,5.767,9.78,80.8,0.0,807.813,115.6
2021-06-15 20:00:00,21.59,48.14,5.27,9.7,67.0,0.0,808.542,8.8
2021-06-15 21:00:00,20.25,45.02,4.556,8.81,51.2,0.0,809.408,-1.3
2021-06-15 22:00:00,19.16,45.62,4.633,9.94,59.9,0.0,809.992,-1.4
2021-06-15 23:00:00,17.92,52.79,4.099,7.0,62.1,0.0,810.385,-1.2
2021-06-16 00:00:00,16.86,60.67,4.017,7.58,62.9,0.0,810.493,-1.5
2021-06-16 01:00:00,16.22,66.61,3.313,5.67,70.1,0.0,810.211,-1.5
2021-06-16 02:00:00,15.58,71.19,1.877,5.15,81.3,0.0,809.696,-1.6
2021-06-16 03:00:00,15.25,74.44,1.378,3.9,103.8,0.0,809.08,-1.7
2021-06-16 04:00:00,14.7,78.26,1.175,2.89,11.2,0.0,808.774,-1.6
2021-06-16 05:00:00,14.28,81.57,2.392,5.2,75.6,0.0,808.706,-1.6
2021-06-16 06:00:00,14.2,82.31,2.012,3.87,60.0,0.0,808.839,-0.9
2021-06-16 07:00:00,14.17,82.06,2.403,4.13,63.4,0.0,809.011,38.7
2021-06-16 08:00:00,15.44,78.71,2.474,5.81,82.5,0.0,809.336,109.2
2021-06-16 09:00:00,16.79,72.63,3.759,7.27,92.3,0.0,809.662,213.3
2021-06-16 10:00:00,17.78,65.24,4.161,7.46,87.4,0.0,809.76,247.3
2021-06-16 11:00:00,18.97,57.48,3.462,7.21,71.1,0.0,809.566,266.0
2021-06-16 12:00:00,20.41,47.84,3.691,6.88,60.9,0.0,809.091,450.1
2021-06-16 13:00:00,22.07,42.81,3.432,7.65,72.3,0.0,808.548,861.7
2021-06-16 14:00:00,23.58,36.93,4.419,9.37,78.5,0.0,807.859,989.1
2021-06-16 15:00:00,24.13,34.27,4.229,9.89,69.2,0.0,807.241,731.2
2021-06-16 16:00:00,24.19,32.94,4.387,9.33,66.4,0.0,806.758,497.3
2021-06-16 17:00:00,23.47,36.33,4.687,10.27,48.6,0.0,806.549,229.4
2021-06-16 18:00:00,23.2,36.76,4.301,8.34,31.4,0.0,806.64,265.3
2021-06-16 19:00:00,22.56,39.79,5.194,10.77,67.8,0.0,806.96,162.4
2021-06-16 20:00:00,20.79,46.16,4.617,9.51,60.6,0.0,807.504,8.6
2021-06-16 21:00:00,19.45,51.92,3.839,7.51,58.8,0.0,808.562,-1.4
2021-06-16 22:00:00,18.46,58.26,3.829,7.04,72.2,0.0,809.365,-1.1
2021-06-16 23:00:00,17.44,63.83,4.419,8.65,63.8,0.0,809.645,-1.1
2021-06-17 00:00:00,15.95,71.47,4.891,9.86,68.9,0.0,809.496,-0.3
2021-06-17 01:00:00,15.01,80.45,4.209,7.6,73.7,0.0,808.981,-0.8
2021-06-17 02:00:00,14.6,80.75,3.499,6.39,83.2,0.0,808.597,-1.4
2021-06-17 03:00:00,14.24,78.89,2.741,5.06,105.3,0.0,808.203,-1.5
2021-06-17 04:00:00,14.0,78.94,2.575,4.66,94.6,0.0,807.979,-1.6
2021-06-17 05:00:00,13.35,84.18,2.369,4.55,80.0,0.0,807.583,-1.3
2021-06-17 06:00:00,12.88,88.47,1.697,4.29,58.2,0.0,807.606,-1.3
2021-06-17 07:00:00,13.47,83.96,1.378,3.31,29.4,0.0,807.954,16.1
2021-06-17 08:00:00,14.99,74.59,2.396,4.79,73.8,0.0,808.384,72.6
2021-06-17 09:00:00,15.83,70.67,3.173,6.5,71.7,0.0,808.726,131.8
2021-06-17 10:00:00,16.88,67.74,4.081,9.47,82.3,0.0,808.772,347.3
2021-06-17 11:00:00,18.63,60.67,6.109,11.39,89.1,0.0,808.566,706.7
2021-06-17 12:00:00,20.12,55.75,5.71,10.14,84.5,0.0,808.055,821.8
2021-06-17 13:00:00,21.23,50.85,5.765,11.43,79.5,0.0,807.364,812.7
2021-06-17 14:00:00,22.82,45.02,5.224,10.14,70.7,0.0,806.933,848.4
2021-06-17 15:00:00,22.79,46.59,6.126,11.94,81.5,0.0,806.536,773.4
2021-06-17 16:00:00,22.54,46.5,5.833,11.52,75.9,0.0,806.089,529.0
2021-06-17 17:00:00,22.54,45.75,5.469,10.06,77.2,0.0,805.776,327.7
2021-06-17 18:00:00,22.34,48.35,6.128,10.82,66.1,0.0,805.766,383.4
2021-06-17 19:00:00,20.5,55.25,6.454,12.98,73.8,0.0,805.921,138.5
2021-06-17 20:00:00,18.67,61.8,4.657,9.89,79.8,0.0,806.832,5.0
2021-06-17 21:00:00,17.75,66.29,4.462,11.01,74.6,0.0,807.599,-0.7
2021-06-17 22:00:00,16.83,74.92,4.431,8.6,68.0,0.0,808.318,-0.3
2021-06-17 23:00:00,16.08,79.61,5.396,10.8,79.1,0.0,808.756,-0.4
2021-06-18 00:00:00,15.68,82.63,4.489,8.77,80.0,0.0,808.982,-0.7
2021-06-18 01:00:00,15.51,79.29,5.545,10.15,79.6,0.0,808.503,-0.7
2021-06-18 02:00:00,15.23,81.81,4.225,7.7,78.5,0.0,807.936,-0.8
2021-06-18 03:00:00,15.01,82.29,4.295,7.86,86.1,0.0,807.725,-0.3
2021-06-18 04:00:00,14.62,83.57,3.753,6.97,83.0,0.0,807.27,-0.7
2021-06-18 05:00:00,14.48,85.37,2.807,4.59,64.2,0.0,807.332,-0.7
2021-06-18 06:00:00,14.35,90.32,2.328,5.38,77.0,0.0,807.358,-0.6
2021-06-18 07:00:00,14.47,85.37,3.172,6.51,81.8,0.0,807.518,26.5
2021-06-18 08:00:00,15.62,75.88,3.884,7.98,80.6,0.0,807.922,199.0
2021-06-18 09:00:00,16.83,68.48,4.646,9.57,80.4,0.0,808.231,351.4
2021-06-18 10:00:00,17.97,63.42,4.465,9.5,74.8,0.0,808.165,474.4
2021-06-18 11:00:00,18.39,62.19,3.992,7.26,75.6,0.0,808.048,383.2
2021-06-18 12:00:00,19.27,58.92,3.866,7.96,94.3,0.0,807.75,427.5
2021-06-18 13:00:00,20.79,54.55,3.802,7.75,68.9,0.0,807.324,586.4
2021-06-18 14:00:00,21.75,52.01,3.928,7.28,72.8,0.0,806.662,514.4
2021-06-18 15:00:00,22.13,51.73,4.557,8.98,76.0,0.0,806.026,524.9
2021-06-18 16:00:00,23.05,48.94,5.077,9.45,68.9,0.0,805.348,796.4
2021-06-18 17:00:00,23.24,47.48,5.215,9.22,73.7,0.0,805.037,612.0
2021-06-18 18:00:00,22.17,51.11,6.155,10.74,77.2,0.0,805.095,277.9
2021-06-18 19:00:00,20.09,59.46,6.473,11.48,83.1,0.0,805.869,35.5
2021-06-18 20:00:00,17.16,81.45,5.168,9.74,76.2,0.1,806.786,0.1
2021-06-18 21:00:00,16.15,91.27,4.399,8.05,64.3,0.1,807.514,-1.4
2021-06-18 22:00:00,15.61,94.85,4.806,9.49,56.6,0.4,807.976,-1.1
2021-06-18 23:00:00,15.51,97.91,4.877,9.48,59.4,0.4,808.373,-1.3
2021-06-19 00:00:00,15.54,99.0,3.671,6.74,53.0,0.0,808.442,-1.3
2021-06-19 01:00:00,15.46,96.68,3.02,5.84,46.1,0.0,808.064,-1.5
2021-06-19 02:00:00,15.33,94.73,3.492,6.32,53.7,0.1,807.706,-1.0
2021-06-19 03:00:00,15.0,97.96,3.205,6.31,47.1,0.1,807.321,-1.3
2021-06-19 04:00:00,14.87,99.72,2.52,5.95,32.7,0.4,807.083,-1.1
2021-06-19 05:00:00,14.91,98.34,1.602,3.8,30.9,0.0,806.954,-1.4
2021-06-19 06:00:00,15.04,96.74,2.057,4.32,37.0,0.0,807.174,-0.7
2021-06-19 07:00:00,15.21,92.74,2.675,5.71,52.2,0.0,807.608,29.3
2021-06-19 08:00:00,15.82,87.55,2.345,5.28,45.6,0.0,807.889,135.4
2021-06-19 09:00:00,17.49,77.5,2.433,6.71,84.7,0.0,808.089,446.5
2021-06-19 10:00:00,19.14,69.11,2.908,6.02,107.0,0.0,808.093,594.5
2021-06-19 11:00:00,19.81,66.62,4.163,9.15,103.0,0.0,807.981,556.6
2021-06-19 12:00:00,20.48,64.68,3.062,6.23,86.1,0.0,807.692,267.2
2021-06-19 13:00:00,21.02,62.63,3.32,8.92,91.1,0.0,807.328,214.4
2021-06-19 14:00:00,19.66,76.5,2.388,5.45,244.8,2.4,807.134,145.5
2021-06-19 15:00:00,17.63,98.82,1.357,4.57,218.8,4.7,807.316,133.2
2021-06-19 16:00:00,18.26,98.64,1.173,3.88,322.1,0.1,807.058,156.6
2021-06-19 17:00:00,19.49,78.94,2.231,6.1,195.8,0.0,806.941,179.0
2021-06-19 18:00:00,19.36,75.89,2.342,4.9,203.9,0.3,807.333,76.1
2021-06-19 19:00:00,18.49,80.17,1.832,4.04,207.4,0.3,807.744,35.4
2021-06-19 20:00:00,18.58,75.82,3.381,8.46,205.5,0.0,808.301,2.3
2021-06-19 21:00:00,18.61,73.16,2.721,7.65,187.6,0.0,808.822,-0.6
2021-06-19 22:00:00,18.02,77.11,2.029,4.49,200.4,0.0,809.44,-0.6
2021-06-19 23:00:00,17.73,78.74,1.342,2.95,208.7,0.0,809.775,-0.9
2021-06-20 00:00:00,17.34,81.7,1.176,2.59,219.0,0.0,809.79,-0.9
2021-06-20 01:00:00,17.06,84.17,1.644,3.07,214.3,0.0,809.478,-0.9
2021-06-20 02:00:00,16.97,84.99,1.613,3.05,190.7,0.0,809.059,-0.7
2021-06-20 03:00:00,16.68,87.83,1.971,4.42,206.8,0.0,808.722,-0.9
2021-06-20 04:00:00,16.3,93.07,1.294,3.16,185.2,0.0,808.607,-1.1
2021-06-20 05:00:00,15.67,99.76,0.941,1.87,101.1,0.0,808.804,-1.0
2021-06-20 06:00:00,15.6,98.5,1.404,2.39,22.8,0.0,809.148,-0.9
2021-06-20 07:00:00,15.96,96.66,1.073,1.77,93.6,0.0,809.722,63.1
2021-06-20 08:00:00,17.75,82.36,1.112,2.66,272.4,0.0,810.238,267.9
2021-06-20 09:00:00,19.15,72.49,2.288,4.87,222.3,0.0,810.727,452.1
2021-06-20 10:00:00,20.55,65.7,2.614,6.69,226.8,0.0,810.914,693.6
2021-06-20 11:00:00,21.93,59.13,4.314,7.28,222.2,0.0,810.715,738.5
2021-06-20 12:00:00,23.23,53.88,4.532,8.6,230.2,0.0,810.257,933.1
2021-06-20 13:00:00,24.66,49.03,4.172,8.23,222.1,0.0,809.829,1068.8
2021-06-20 14:00:00,25.45,45.04,3.936,7.21,241.3,0.0,809.242,918.3
2021-06-20 15:00:00,26.48,42.24,3.287,6.39,247.4,0.0,808.418,930.3
2021-06-20 16:00:00,26.94,39.53,3.022,6.27,240.5,0.0,807.571,759.4
2021-06-20 17:00:00,26.93,40.01,2.879,6.39,276.7,0.0,806.974,478.2
2021-06-20 18:00:00,26.97,39.33,3.824,6.99,262.7,0.0,806.975,370.5
2021-06-20 19:00:00,24.22,51.69,5.514,11.58,227.1,0.0,807.68,150.6
2021-06-20 20:00:00,21.57,62.14,3.672,8.4,216.9,0.0,808.205,7.9
2021-06-20 21:00:00,20.86,63.96,2.769,5.99,197.4,0.0,808.91,-1.1
2021-06-20 22:00:00,19.69,68.56,2.695,7.2,210.1,0.0,809.638,-0.6
2021-06-20 23:00:00,19.4,70.3,1.657,3.53,213.7,0.0,810.28,-1.1
2021-06-21 00:00:00,19.23,69.89,2.051,4.11,219.9,0.0,810.695,-0.7
2021-06-21 01:00:00,18.4,76.55,1.365,2.92,197.8,0.0,810.385,-1.3
2021-06-21 02:00:00,18.17,80.11,1.8,3.58,214.3,0.0,809.614,-1.3
2021-06-21 03:00:00,18.08,79.77,1.814,3.98,262.1,0.0,808.74,-0.8
2021-06-21 04:00:00,17.94,80.04,0.889,2.13,272.0,0.0,808.483,-1.0
2021-06-21 05:00:00,17.98,79.01,0.991,3.03,203.2,0.0,808.261,-0.6
2021-06-21 06:00:00,17.3,85.02,1.195,3.03,135.4,0.0,808.804,-0.8
2021-06-21 07:00:00,16.87,94.47,1.971,4.46,155.1,0.0,809.564,14.7
2021-06-21 08:00:00,17.69,90.83,2.071,4.37,216.4,0.0,809.854,146.7
2021-06-21 09:00:00,18.68,81.85,2.742,6.18,215.5,0.0,810.085,280.1
2021-06-21 10:00:00,20.02,73.7,3.37,5.95,203.1,0.0,810.41,511.8
2021-06-21 11:00:00,22.18,62.86,3.382,6.64,213.5,0.0,810.244,814.6
2021-06-21 12:00:00,23.29,57.78,3.65,6.76,195.1,0.0,809.816,768.5
2021-06-21 13:00:00,24.44,52.76,3.868,8.7,220.9,0.0,809.361,772.7
2021-06-21 14:00:00,25.2,49.73,4.272,8.5,220.0,0.0,808.868,787.4
2021-06-21 15:00:00,26.09,46.05,4.32,9.12,240.1,0.0,807.979,705.5
2021-06-21 16:00:00,25.55,47.01,3.29,6.35,241.3,0.0,807.244,203.0
2021-06-21 17:00:00,26.36,44.67,2.281,5.1,249.9,0.0,806.669,394.2
2021-06-21 18:00:00,26.52,43.7,2.702,6.28,227.5,0.0,806.567,242.2
2021-06-21 19:00:00,25.55,47.74,3.332,5.8,190.6,0.0,806.799,113.3
2021-06-21 20:00:00,24.6,50.37,2.271,5.82,206.5,0.0,807.465,6.3
2021-06-21 21:00:00,24.02,52.12,1.185,2.23,198.9,0.0,808.035,-1.3
2021-06-21 22:00:00,23.28,55.77,1.481,4.82,231.0,0.0,808.349,-0.6
2021-06-21 23:00:00,21.77,63.75,3.48,6.5,198.7,0.0,809.107,-0.3
2021-06-22 00:00:00,21.17,67.05,2.702,5.43,272.6,0.0,809.127,-0.8
2021-06-22 01:00:00,20.7,67.81,2.387,5.32,248.6,0.0,809.116,-0.9
2021-06-22 02:00:00,20.16,69.76,2.355,5.73,215.7,0.0,808.475,-1.0
2021-06-22 03:00:00,19.47,72.67,1.448,3.17,214.0,0.0,808.567,-0.8
2021-06-22 04:00:00,19.41,72.85,1.371,5.98,353.7,0.0,808.293,-0.8
2021-06-22 05:00:00,19.25,72.56,3.062,6.53,344.3,0.0,808.425,0.1
2021-06-22 06:00:00,15.1,96.56,3.81,11.77,159.6,2.2,809.701,2.3
2021-06-22 07:00:00,14.56,99.9,1.729,3.63,222.2,1.5,809.731,1.1
2021-06-22 08:00:00,14.84,99.57,2.227,4.66,140.6,0.0,809.566,21.4
2021-06-22 09:00:00,15.39,97.95,2.191,5.7,119.1,0.0,809.159,102.0
2021-06-22 10:00:00,17.0,91.12,1.765,3.64,318.4,0.0,810.048,364.7
2021-06-22 11:00:00,20.15,63.88,1.707,4.18,332.1,0.0,810.23,817.7
2021-06-22 12:00:00,22.19,56.86,2.532,5.18,195.8,0.0,810.03,919.0
2021-06-22 13:00:00,22.99,56.18,2.603,6.1,194.6,0.0,809.55,917.8
2021-06-22 14:00:00,23.96,52.0,2.562,5.51,212.8,0.0,808.62,653.6
2021-06-22 15:00:00,23.6,55.25,2.996,5.9,201.9,0.0,808.011,406.5
2021-06-22 16:00:00,22.85,58.12,2.613,5.49,194.0,0.0,807.777,259.7
2021-06-22 17:00:00,22.67,60.05,2.023,3.65,191.3,0.0,807.486,207.1
2021-06-22 18:00:00,22.57,61.29,1.959,3.82,173.4,0.0,807.622,161.3
2021-06-22 19:00:00,22.3,59.43,2.151,7.49,164.8,0.0,808.07,48.8
2021-06-22 20:00:00,20.8,66.71,5.068,10.41,93.4,0.0,808.652,3.8
2021-06-22 21:00:00,19.67,72.07,5.165,10.36,81.1,0.0,809.43,-0.4
2021-06-22 22:00:00,18.62,73.82,4.349,9.06,71.4,0.0,809.783,0.0
2021-06-22 23:00:00,17.51,66.35,3.408,9.38,9.8,0.0,809.605,-1.2
2021-06-23 00:00:00,17.55,64.52,1.535,3.27,134.4,0.0,809.665,-1.0
2021-06-23 01:00:00,16.72,69.8,1.72,3.33,129.3,0.0,809.718,-0.7
2021-06-23 02:00:00,16.88,67.38,1.96,4.31,35.3,0.0,809.545,-0.9
2021-06-23 03:00:00,16.4,69.83,1.224,2.9,24.9,0.0,809.315,-0.7
2021-06-23 04:00:00,16.29,70.97,1.631,3.04,350.8,0.0,809.003,-1.0
2021-06-23 05:00:00,15.97,71.91,1.624,3.02,9.0,0.0,809.109,-1.1
2021-06-23 06:00:00,15.88,71.04,1.892,3.68,38.1,0.0,809.577,-0.8
2021-06-23 07:00:00,15.51,75.65,2.226,3.53,338.5,0.0,809.762,37.7
2021-06-23 08:00:00,16.78,70.02,1.402,2.68,82.4,0.0,810.409,192.8
2021-06-23 09:00:00,19.1,60.86,1.246,4.23,204.9,0.0,810.811,459.4
2021-06-23 10:00:00,19.48,63.61,2.83,6.27,204.4,0.0,810.929,507.6
2021-06-23 11:00:00,20.45,63.3,2.204,5.03,196.7,0.0,810.98,696.3
2021-06-23 12:00:00,22.13,58.32,2.139,4.98,184.8,0.0,810.821,805.0
2021-06-23 13:00:00,23.6,53.36,2.972,5.9,213.9,0.0,810.354,799.4
2021-06-23 14:00:00,24.48,50.53,4.233,9.49,227.3,0.0,809.762,998.0
2021-06-23 15:00:00,24.88,48.77,5.059,9.06,211.7,0.0,809.056,952.5
2021-06-23 16:00:00,24.38,48.14,4.089,8.06,208.8,0.0,808.808,404.4
2021-06-23 17:00:00,21.94,55.4,3.352,6.51,348.1,0.2,808.938,95.2
2021-06-23 18:00:00,18.6,82.4,2.476,4.96,2.5,2.7,808.903,20.0
2021-06-23 19:00:00,17.75,86.47,3.595,6.41,1.1,0.2,808.605,8.4
2021-06-23 20:00:00,17.36,82.17,3.189,6.18,44.1,0.3,809.532,-0.6
2021-06-23 21:00:00,17.22,87.91,3.149,8.55,85.6,0.9,810.757,-1.0
2021-06-23 22:00:00,16.01,96.69,3.104,8.25,50.1,1.3,811.068,-1.0
2021-06-23 23:00:00,16.11,99.91,2.492,4.66,3.9,0.2,810.853,-0.9
2021-06-24 00:00:00,16.3,95.48,2.953,6.36,76.8,0.0,811.237,-1.4
2021-06-24 01:00:00,16.18,88.56,1.787,6.82,293.4,0.0,811.348,-0.7
2021-06-24 02:00:00,15.94,84.26,1.746,3.22,32.8,0.0,811.014,-0.5
2021-06-24 03:00:00,15.73,92.5,1.917,3.17,355.6,0.0,810.575,-0.5
2021-06-24 04:00:00,15.91,96.01,1.237,2.85,12.4,0.0,810.288,-0.5
2021-06-24 05:00:00,15.65,99.66,1.058,1.82,101.0,0.1,810.33,-0.7
2021-06-24 06:00:00,15.7,99.91,1.496,5.54,64.8,0.0,810.492,-1.0
2021-06-24 07:00:00,15.57,97.76,2.462,6.11,36.3,0.0,810.798,5.9
2021-06-24 08:00:00,15.22,96.74,2.425,5.19,13.1,0.6,810.731,23.4
2021-06-24 09:00:00,15.02,99.58,2.508,4.76,11.0,0.1,810.599,121.0
2021-06-24 10:00:00,17.44,79.69,1.333,3.82,354.5,0.0,810.493,512.2
2021-06-24 11:00:00,20.41,64.76,2.524,5.21,93.6,0.0,810.106,820.2
2021-06-24 12:00:00,21.91,61.58,2.583,5.82,100.7,0.0,809.967,713.5
2021-06-24 13:00:00,23.37,53.0,3.468,7.42,90.4,0.0,809.504,814.2
2021-06-24 14:00:00,24.09,50.8,4.064,8.4,82.2,0.0,808.49,667.5
2021-06-24 15:00:00,24.64,47.8,3.714,7.98,38.0,0.0,807.598,789.7
2021-06-24 16:00:00,25.73,42.19,4.224,9.06,68.4,0.0,806.808,750.4
2021-06-24 17:00:00,25.96,38.46,4.512,8.45,74.3,0.0,806.046,561.3
2021-06-24 18:00:00,25.49,42.23,5.663,10.85,88.1,0.0,805.825,417.3
2021-06-24 19:00:00,23.24,49.94,6.976,15.72,89.0,0.0,806.604,74.3
2021-06-24 20:00:00,19.78,70.77,5.77,11.48,97.4,1.7,807.59,5.1
2021-06-24 21:00:00,17.45,85.03,2.489,7.82,97.8,0.0,808.52,-1.2
2021-06-24 22:00:00,17.71,79.9,3.015,6.45,78.8,0.0,809.293,-0.9
2021-06-24 23:00:00,17.2,78.0,2.003,4.93,63.6,0.0,809.607,-1.2
2021-06-25 00:00:00,16.57,84.62,1.54,3.16,123.5,0.0,809.884,-1.0
2021-06-25 01:00:00,16.67,85.72,2.984,5.06,73.6,0.0,810.338,-1.0
2021-06-25 02:00:00,16.77,88.38,1.182,3.45,65.5,0.0,809.855,-0.6
2021-06-25 03:00:00,16.48,90.67,1.133,2.14,101.4,0.0,809.237,-1.1
2021-06-25 04:00:00,16.57,90.27,1.165,2.32,6.7,0.0,809.125,-0.7
2021-06-25 05:00:00,16.59,90.12,0.907,2.59,49.3,0.0,808.849,-0.5
2021-06-25 06:00:00,16.36,96.68,1.031,1.88,123.1,0.0,808.86,-0.5
2021-06-25 07:00:00,16.44,94.16,1.395,3.4,37.1,0.0,809.239,37.5
2021-06-25 08:00:00,17.34,84.94,1.776,3.31,54.2,0.0,809.579,223.8
2021-06-25 09:00:00,18.12,75.79,2.69,5.35,57.0,0.0,809.767,313.3
2021-06-25 10:00:00,19.5,69.09,3.286,6.77,90.9,0.0,809.586,610.0
2021-06-25 11:00:00,21.12,59.93,3.354,5.79,93.9,0.0,809.383,782.5
2021-06-25 12:00:00,22.2,54.43,3.606,6.6,86.3,0.0,809.249,823.0
2021-06-25 13:00:00,23.57,49.91,3.698,8.09,81.6,0.0,808.562,976.6
2021-06-25 14:00:00,24.52,46.39,3.833,7.52,77.0,0.0,807.411,923.8
2021-06-25 15:00:00,25.51,42.27,4.882,8.85,81.9,0.0,806.295,942.4
2021-06-25 16:00:00,25.25,41.91,4.059,8.47,92.0,0.0,805.691,516.5
2021-06-25 17:00:00,21.29,53.36,4.056,7.47,219.9,0.0,806.257,143.2
2021-06-25 18:00:00,17.35,73.29,4.001,12.39,195.2,0.4,807.696,7.0
2021-06-25 19:00:00,15.79,95.17,1.322,3.06,344.3,1.2,807.657,6.2
2021-06-25 20:00:00,15.72,95.84,2.62,5.37,349.9,0.0,807.298,-0.1
2021-06-25 21:00:00,15.73,92.84,1.854,4.04,45.3,0.0,808.118,-1.2
2021-06-25 22:00:00,15.71,92.01,1.626,2.86,356.0,0.0,808.914,-1.5
2021-06-25 23:00:00,15.57,98.04,1.292,2.81,351.6,0.0,809.239,-1.3
2021-06-26 00:00:00,15.34,93.58,1.782,3.67,50.5,0.0,808.932,-1.4
2021-06-26 01:00:00,15.19,91.0,2.374,5.25,55.4,0.0,808.722,-1.1
2021-06-26 02:00:00,15.4,85.75,1.476,3.62,5.0,0.0,808.443,-0.6
2021-06-26 03:00:00,15.6,83.84,1.741,3.93,17.8,0.0,807.784,-0.6
2021-06-26 04:00:00,15.21,89.56,2.118,4.09,355.9,0.0,807.354,-0.5
2021-06-26 05:00:00,15.41,86.28,0.991,2.62,17.7,0.0,807.282,-0.6
2021-06-26 06:00:00,15.54,87.52,1.058,2.51,359.0,0.0,807.479,-0.5
2021-06-26 07:00:00,15.76,85.69,1.706,2.99,32.2,0.0,807.63,28.0
2021-06-26 08:00:00,16.48,83.08,1.515,3.24,31.9,0.0,807.814,169.8
2021-06-26 09:00:00,18.02,74.58,2.808,5.34,55.8,0.0,807.756,489.2
2021-06-26 10:00:00,19.18,65.01,2.087,5.24,158.7,0.0,807.838,407.6
2021-06-26 11:00:00,20.02,60.57,1.986,5.1,110.7,0.0,807.663,476.5
2021-06-26 12:00:00,21.64,54.13,1.974,5.81,109.3,0.0,807.424,744.3
2021-06-26 13:00:00,23.22,46.99,1.967,5.38,105.3,0.0,807.002,838.4
2021-06-26 14:00:00,23.56,45.72,3.039,6.16,238.4,0.0,806.465,385.6
2021-06-26 15:00:00,22.17,50.0,2.827,6.39,222.8,0.0,806.133,247.4
2021-06-26 16:00:00,22.28,49.79,3.765,8.16,206.3,0.0,805.8,222.4
2021-06-26 17:00:00,19.31,66.02,4.096,8.81,176.2,1.2,805.978,104.6
2021-06-26 18:00:00,19.49,62.69,3.671,7.52,187.9,0.0,805.804,175.7
2021-06-26 19:00:00,19.13,63.87,3.14,5.91,208.8,0.0,806.187,30.2
2021-06-26 20:00:00,18.22,68.14,3.112,5.53,231.6,0.0,806.724,2.4
2021-06-26 21:00:00,17.75,71.03,2.383,5.1,225.3,0.0,807.578,-0.5
2021-06-26 22:00:00,17.47,65.44,3.539,7.59,229.5,0.0,808.162,-0.5
2021-06-26 23:00:00,16.91,65.2,3.311,8.39,213.7,0.0,808.346,-0.2
2021-06-27 00:00:00,16.49,70.78,1.402,4.11,234.6,0.0,808.207,-0.8
2021-06-27 01:00:00,15.98,70.32,1.552,3.22,285.9,0.0,807.977,-0.9
2021-06-27 02:00:00,15.46,71.71,1.747,3.03,288.0,0.0,807.588,-0.6
2021-06-27 03:00:00,15.33,73.02,1.428,2.85,272.1,0.0,807.173,-0.6
2021-06-27 04:00:00,15.14,74.65,1.236,2.57,298.7,0.0,806.77,-0.7
2021-06-27 05:00:00,15.02,75.93,1.004,1.77,289.5,0.0,806.739,-0.6
2021-06-27 06:00:00,14.73,78.13,0.494,1.39,343.8,0.0,806.651,-0.6
2021-06-27 07:00:00,15.0,77.52,0.595,1.42,235.5,0.0,806.913,27.6
2021-06-27 08:00:00,15.78,74.04,0.69,1.64,264.0,0.0,807.366,138.6
2021-06-27 09:00:00,16.4,74.75,0.693,1.92,316.9,0.0,807.594,260.0
2021-06-27 10:00:00,18.25,65.85,1.334,3.7,183.5,0.0,807.485,461.4
2021-06-27 11:00:00,18.32,68.14,2.481,4.92,204.9,0.1,807.397,284.5
2021-06-27 12:00:00,17.43,76.53,2.583,4.89,179.8,0.1,807.419,272.8
2021-06-27 13:00:00,17.57,75.53,1.724,3.58,150.1,0.3,807.126,329.9
2021-06-27 14:00:00,19.52,64.09,1.754,5.16,117.7,0.0,806.486,755.3
2021-06-27 15:00:00,20.26,60.5,4.556,10.12,214.4,0.0,805.973,380.4
2021-06-27 16:00:00,19.94,62.23,4.477,8.85,201.9,0.0,805.802,496.7
2021-06-27 17:00:00,19.65,61.89,3.584,6.46,191.8,0.0,805.612,426.0
2021-06-27 18:00:00,19.0,67.48,2.525,6.4,176.4,0.1,805.463,209.5
2021-06-27 19:00:00,18.15,75.54,2.093,4.21,226.4,0.0,805.462,52.5
2021-06-27 20:00:00,17.61,75.59,2.34,3.88,217.2,0.0,805.79,2.5
2021-06-27 21:00:00,17.23,73.46,2.265,5.02,215.4,0.0,806.532,-0.7
2021-06-27 22:00:00,16.67,76.16,1.887,3.67,222.0,0.0,807.158,-0.6
2021-06-27 23:00:00,16.01,83.16,1.006,2.19,259.3,0.0,807.532,-1.2
2021-06-28 00:00:00,15.24,97.86,1.518,2.56,307.7,0.3,807.661,-1.0
2021-06-28 01:00:00,14.61,99.9,1.886,3.92,292.9,0.7,807.508,-0.6
2021-06-28 02:00:00,14.27,99.9,0.792,2.89,248.7,0.3,807.064,-0.5
2021-06-28 03:00:00,13.97,99.9,1.391,3.04,257.5,2.0,806.801,-0.2
2021-06-28 04:00:00,13.67,99.9,0.988,1.84,326.4,1.1,806.434,-0.3
2021-06-28 05:00:00,13.61,99.9,1.537,2.63,332.7,0.9,806.347,-0.3
2021-06-28 06:00:00,13.67,99.9,1.854,2.61,348.7,0.5,806.283,-0.5
2021-06-28 07:00:00,14.01,99.9,0.786,2.43,47.8,0.0,806.412,19.3
2021-06-28 08:00:00,14.77,99.76,1.175,2.55,56.6,0.0,806.887,145.4
2021-06-28 09:00:00,15.56,97.78,1.175,2.75,36.8,0.0,807.054,184.0
2021-06-28 10:00:00,16.58,90.2,1.122,2.68,217.8,0.0,807.319,239.1
2021-06-28 11:00:00,16.88,82.08,1.586,3.3,247.6,0.0,807.481,322.4
2021-06-28 12:00:00,17.39,79.72,1.59,3.44,296.9,0.0,807.322,463.6
2021-06-28 13:00:00,19.08,68.3,1.409,3.33,297.8,0.0,806.899,500.4
2021-06-28 14:00:00,20.84,61.79,1.541,3.58,234.9,0.0,806.201,764.5
2021-06-28 15:00:00,22.42,56.07,1.826,6.52,226.2,0.0,805.434,726.1
2021-06-28 16:00:00,21.28,58.51,3.65,9.55,184.4,0.0,805.008,346.2
2021-06-28 17:00:00,19.32,68.83,3.229,6.88,179.9,0.0,805.113,121.6
2021-06-28 18:00:00,18.35,75.72,1.402,4.47,168.3,0.0,805.166,183.8
2021-06-28 19:00:00,18.95,70.09,2.828,5.71,324.6,0.0,805.825,61.4
2021-06-28 20:00:00,17.1,75.22,3.676,7.1,352.4,0.0,806.476,2.4
2021-06-28 21:00:00,17.05,74.96,2.332,4.2,16.2,0.0,807.008,-0.8
2021-06-28 22:00:00,16.87,80.2,1.496,2.71,81.9,0.0,807.682,-0.6
2021-06-28 23:00:00,16.03,92.87,1.184,2.62,331.9,0.7,808.169,-0.4
2021-06-29 00:00:00,15.78,99.91,1.305,3.03,356.4,0.0,808.352,-0.6
2021-06-29 01:00:00,15.8,99.9,1.601,2.7,358.0,0.0,808.246,-0.7
2021-06-29 02:00:00,15.66,99.9,1.229,2.09,358.4,0.0,807.907,-0.7
2021-06-29 03:00:00,15.56,99.91,1.141,1.68,31.6,0.0,807.598,-0.9
2021-06-29 04:00:00,15.55,99.9,0.734,1.58,26.7,0.0,807.621,-0.5
2021-06-29 05:00:00,15.48,99.9,1.161,2.12,2.1,0.0,807.51,-0.5
2021-06-29 06:00:00,15.31,99.91,0.831,1.74,25.4,0.0,807.636,-0.6
2021-06-29 07:00:00,15.19,99.91,1.157,1.87,26.8,0.0,808.115,23.6
2021-06-29 08:00:00,16.48,96.17,0.591,1.82,84.6,0.0,808.66,181.3
2021-06-29 09:00:00,18.63,76.52,0.939,3.53,180.5,0.0,808.877,471.4
2021-06-29 10:00:00,19.67,65.09,1.511,3.58,251.9,0.0,808.884,632.5
2021-06-29 11:00:00,21.08,57.9,1.674,4.68,209.3,0.0,808.626,879.4
2021-06-29 12:00:00,22.52,51.59,1.985,4.49,238.2,0.0,808.41,982.1
2021-06-29 13:00:00,23.68,47.22,2.209,4.68,237.8,0.0,807.782,946.8
2021-06-29 14:00:00,24.31,45.38,2.294,5.65,189.0,0.0,807.112,956.8
2021-06-29 15:00:00,25.29,42.81,2.257,5.99,216.3,0.0,806.339,732.4
2021-06-29 16:00:00,22.6,54.61,4.001,9.78,159.9,0.0,805.937,221.5
2021-06-29 17:00:00,21.95,54.43,2.47,5.41,162.8,0.0,805.895,210.3
2021-06-29 18:00:00,21.73,56.68,3.973,10.37,134.0,0.0,806.39,163.3
2021-06-29 19:00:00,18.6,72.06,4.552,10.62,81.2,0.0,807.385,38.8
2021-06-29 20:00:00,17.5,75.19,3.001,7.3,25.6,0.0,808.579,0.2
2021-06-29 21:00:00,17.28,75.8,1.936,3.78,88.3,0.0,809.118,-0.6
2021-06-29 22:00:00,17.41,75.75,0.935,2.56,133.6,0.0,809.443,-1.0
2021-06-29 23:00:00,17.46,76.4,0.767,1.5,276.6,0.0,809.589,-1.3
2021-06-30 00:00:00,17.14,79.56,0.571,1.55,186.0,0.0,809.254,-0.8
2021-06-30 01:00:00,16.7,83.56,0.884,1.89,52.3,0.0,808.873,-1.1
2021-06-30 02:00:00,16.54,84.54,1.206,3.14,37.8,0.0,808.65,-0.7
2021-06-30 03:00:00,16.27,90.95,0.998,1.69,104.4,0.0,808.394,-0.7
2021-06-30 04:00:00,16.11,95.14,1.364,2.45,117.3,0.0,808.34,-0.6
2021-06-30 05:00:00,16.12,98.94,0.507,1.7,91.2,0.0,808.317,-0.7
2021-06-30 06:00:00,16.09,99.91,0.815,1.43,340.9,0.0,808.53,-0.6
2021-06-30 07:00:00,16.17,99.34,1.091,1.84,82.3,0.0,809.051,8.2
2021-06-30 08:00:00,16.65,94.17,0.663,1.52,109.3,0.0,809.598,64.1
2021-06-30 09:00:00,17.56,86.26,0.824,2.62,85.4,0.0,810.046,140.3
2021-06-30 10:00:00,18.24,80.43,1.282,2.78,174.3,0.0,810.092,218.2
2021-06-30 11:00:00,19.46,72.0,1.702,4.15,176.9,0.0,809.966,462.8
2021-06-30 12:00:00,21.2,63.28,1.777,4.37,161.1,0.0,809.332,723.2
2021-06-30 13:00:00,21.67,57.82,1.984,4.4,226.1,0.0,808.852,205.3
2021-06-30 14:00:00,22.0,59.06,1.258,2.84,185.9,0.0,808.192,264.5
2021-06-30 15:00:00,23.3,54.16,1.352,5.35,341.3,0.0,807.5,547.3
2021-06-30 16:00:00,22.87,52.84,5.028,9.81,59.1,0.0,806.997,654.1
2021-06-30 17:00:00,23.23,52.1,3.349,6.89,30.4,0.0,806.654,459.0
2021-06-30 18:00:00,22.48,57.47,2.499,5.17,24.0,0.0,806.655,201.6
2021-06-30 19:00:00,21.63,60.33,2.932,5.28,66.9,0.0,806.959,64.5
2021-06-30 20:00:00,20.53,66.67,4.121,8.11,72.3,0.0,807.482,2.9
2021-06-30 21:00:00,19.36,73.3,4.7,10.09,69.0,0.0,807.699,-0.8
2021-06-30 22:00:00,18.69,74.55,4.893,10.59,81.0,0.0,808.488,-0.3
2021-06-30 23:00:00,18.18,77.39,3.359,8.24,98.7,0.0,809.086,-0.3
