Red Universitaria de Observatorios Atmosfericos (RUOA)
Meteorological Station Temixco (tmix), Morelos
Lat 18.8405 N, Lon 99.2362 W, Alt 1253 masl
Time UTC-6h
Meteorological data
 
TIMESTAMP,Temp_Avg,RH_Avg,WSpeed_Avg,WSpeed_Max,WDir_Avg,Rain_Tot,Press_Avg,Rad_Avg
yyyy-mm-dd HH:MM:SS,�C,%,m/s,m/s,deg,mm,hPa,W/m^2
2020-05-01 00:00:00,null,null,null,null,null,null,null,null
2020-05-01 01:00:00,null,null,null,null,null,null,null,null
2020-05-01 02:00:00,null,null,null,null,null,null,null,null
2020-05-01 03:00:00,null,null,null,null,null,null,null,null
2020-05-01 04:00:00,null,null,null,null,null,null,null,null
2020-05-01 05:00:00,null,null,null,null,null,null,null,null
2020-05-01 06:00:00,null,null,null,null,null,null,null,null
2020-05-01 07:00:00,null,null,null,null,null,null,null,null
2020-05-01 08:00:00,null,null,null,null,null,null,null,null
2020-05-01 09:00:00,null,null,null,null,null,null,null,null
2020-05-01 10:00:00,null,null,null,3.21,null,null,879.487,null
2020-05-01 11:00:00,null,0.42,1.873,4.14,124.0,0.0,879.045,859.8
2020-05-01 12:00:00,null,0.48,1.936,4.48,125.8,0.0,878.188,969.7
2020-05-01 13:00:00,null,0.48,1.837,5.39,196.0,0.0,877.08,1006.0
2020-05-01 14:00:00,null,0.48,2.058,4.87,140.3,0.0,875.951,976.7
2020-05-01 15:00:00,null,0.53,2.317,9.6,260.1,0.0,875.048,607.8
2020-05-01 16:00:00,null,0.47,6.176,12.5,352.9,null,875.006,100.8
2020-05-01 17:00:00,null,null,null,null,null,null,null,null
2020-05-01 18:00:00,null,null,null,null,null,null,null,null
2020-05-01 19:00:00,null,null,null,null,null,null,null,null
2020-05-01 20:00:00,null,null,null,null,null,null,null,null
2020-05-01 21:00:00,null,null,null,null,null,null,null,null
2020-05-01 22:00:00,null,null,null,null,null,null,null,null
2020-05-01 23:00:00,null,null,null,null,null,null,null,null
2020-05-02 00:00:00,null,null,null,null,null,null,null,null
2020-05-02 01:00:00,null,null,null,null,null,null,null,null
2020-05-02 02:00:00,null,null,null,null,null,null,null,null
2020-05-02 03:00:00,null,null,null,null,null,null,null,null
2020-05-02 04:00:00,null,null,null,null,null,null,null,null
2020-05-02 05:00:00,null,null,null,null,null,null,null,null
2020-05-02 06:00:00,null,null,null,null,null,null,null,null
2020-05-02 07:00:00,null,null,null,null,null,null,null,null
2020-05-02 08:00:00,null,null,null,null,null,null,null,null
2020-05-02 09:00:00,null,null,null,null,null,null,null,null
2020-05-02 10:00:00,null,null,null,3.41,null,null,879.395,null
2020-05-02 11:00:00,null,0.45,1.772,4.74,186.6,0.0,879.065,830.7
2020-05-02 12:00:00,null,0.48,2.04,5.73,192.1,0.0,878.189,945.9
2020-05-02 13:00:00,null,0.48,2.013,4.65,228.9,0.0,877.153,969.4
2020-05-02 14:00:00,null,0.53,1.967,4.35,92.2,0.0,876.082,941.6
2020-05-02 15:00:00,null,0.54,2.03,4.28,209.8,0.0,875.153,828.7
2020-05-02 16:00:00,null,0.55,2.912,5.79,231.1,0.0,874.194,654.3
2020-05-02 17:00:00,null,0.54,1.51,3.74,48.2,0.0,873.454,223.0
2020-05-02 18:00:00,null,null,null,5.64,null,null,873.324,null
2020-05-02 19:00:00,null,null,null,null,null,null,null,null
2020-05-02 20:00:00,null,null,null,null,null,null,null,null
2020-05-02 21:00:00,null,null,null,null,null,null,null,null
2020-05-02 22:00:00,null,null,null,null,null,null,null,null
2020-05-02 23:00:00,null,null,null,null,null,null,null,null
2020-05-03 00:00:00,null,null,null,null,null,null,null,null
2020-05-03 01:00:00,null,null,null,null,null,null,null,null
2020-05-03 02:00:00,null,null,null,null,null,null,null,null
2020-05-03 03:00:00,null,null,null,null,null,null,null,null
2020-05-03 04:00:00,null,null,null,null,null,null,null,null
2020-05-03 05:00:00,null,null,null,null,null,null,null,null
2020-05-03 06:00:00,null,null,null,null,null,null,null,null
2020-05-03 07:00:00,null,null,null,null,null,null,null,null
2020-05-03 08:00:00,null,null,null,null,null,null,null,null
2020-05-03 09:00:00,null,null,null,null,null,null,null,null
2020-05-03 10:00:00,null,0.48,2.225,3.88,169.0,null,877.897,707.4
2020-05-03 11:00:00,null,0.48,2.287,5.12,132.8,0.0,877.421,825.8
2020-05-03 12:00:00,null,0.48,2.108,5.6,167.8,0.0,876.514,933.7
2020-05-03 13:00:00,null,0.49,2.628,5.46,139.7,0.0,875.49,968.0
2020-05-03 14:00:00,null,0.54,2.007,4.91,119.0,0.0,874.183,940.2
2020-05-03 15:00:00,null,0.54,2.276,5.05,122.5,0.0,872.823,838.5
2020-05-03 16:00:00,null,0.55,1.974,4.71,167.6,0.0,871.66,668.6
2020-05-03 17:00:00,null,0.55,1.814,4.27,151.3,0.0,870.846,447.7
2020-05-03 18:00:00,null,0.54,2.022,3.83,123.5,0.0,870.648,221.5
2020-05-03 19:00:00,null,null,null,null,null,null,null,null
2020-05-03 20:00:00,null,null,null,null,null,null,null,null
2020-05-03 21:00:00,null,null,null,null,null,null,null,null
2020-05-03 22:00:00,null,null,null,null,null,null,null,null
2020-05-03 23:00:00,null,null,null,null,null,null,null,null
2020-05-04 00:00:00,null,null,null,null,null,null,null,null
2020-05-04 01:00:00,null,null,null,null,null,null,null,null
2020-05-04 02:00:00,null,null,null,null,null,null,null,null
2020-05-04 03:00:00,null,null,null,null,null,null,null,null
2020-05-04 04:00:00,null,null,null,null,null,null,null,null
2020-05-04 05:00:00,null,null,null,null,null,null,null,null
2020-05-04 06:00:00,null,null,null,null,null,null,null,null
2020-05-04 07:00:00,null,null,null,null,null,null,null,null
2020-05-04 08:00:00,null,null,null,null,null,null,null,null
2020-05-04 09:00:00,null,null,null,null,null,null,null,null
2020-05-04 10:00:00,null,null,null,3.8,null,null,875.992,null
2020-05-04 11:00:00,null,0.48,1.691,3.94,144.6,0.0,875.612,806.7
2020-05-04 12:00:00,null,0.49,2.469,5.17,200.2,0.0,874.66,905.4
2020-05-04 13:00:00,null,0.52,2.571,6.23,181.0,0.0,873.482,933.2
2020-05-04 14:00:00,null,0.54,2.933,5.28,135.9,0.0,872.185,900.2
2020-05-04 15:00:00,null,0.54,2.584,5.58,137.2,0.0,870.899,785.7
2020-05-04 16:00:00,null,0.55,1.992,4.6,130.7,0.0,870.021,413.5
2020-05-04 17:00:00,null,0.55,0.883,2.5,178.5,0.0,869.53,95.3
2020-05-04 18:00:00,null,0.54,1.292,3.46,265.0,0.0,869.281,224.8
2020-05-04 19:00:00,null,null,null,4.7,null,null,869.375,null
2020-05-04 20:00:00,null,null,null,null,null,null,null,null
2020-05-04 21:00:00,null,null,null,null,null,null,null,null
2020-05-04 22:00:00,null,null,null,null,null,null,null,null
2020-05-04 23:00:00,null,null,null,null,null,null,null,null
2020-05-05 00:00:00,null,null,null,null,null,null,null,null
2020-05-05 01:00:00,null,null,null,null,null,null,null,null
2020-05-05 02:00:00,null,null,null,null,null,null,null,null
2020-05-05 03:00:00,null,null,null,null,null,null,null,null
2020-05-05 04:00:00,null,null,null,null,null,null,null,null
2020-05-05 05:00:00,null,null,null,null,null,null,null,null
2020-05-05 06:00:00,null,null,null,null,null,null,null,null
2020-05-05 07:00:00,null,null,null,null,null,null,null,null
2020-05-05 08:00:00,null,null,null,null,null,null,null,null
2020-05-05 09:00:00,null,null,null,null,null,null,null,null
2020-05-05 10:00:00,null,null,null,3.71,null,null,875.331,null
2020-05-05 11:00:00,null,0.48,1.876,4.33,144.0,0.0,875.078,787.5
2020-05-05 12:00:00,null,0.49,2.045,5.02,139.3,0.0,874.314,907.0
2020-05-05 13:00:00,null,0.54,1.978,4.89,149.9,0.0,873.331,940.6
2020-05-05 14:00:00,null,0.54,2.502,6.41,216.0,0.0,872.024,929.0
2020-05-05 15:00:00,null,0.54,2.26,4.68,177.4,0.0,870.95,816.1
2020-05-05 16:00:00,null,0.56,2.292,6.28,168.4,0.0,869.938,658.8
2020-05-05 17:00:00,null,0.55,2.548,4.99,180.7,0.0,869.551,301.1
2020-05-05 18:00:00,null,null,null,3.12,null,null,869.583,null
2020-05-05 19:00:00,null,null,null,null,null,null,null,null
2020-05-05 20:00:00,null,null,null,null,null,null,null,null
2020-05-05 21:00:00,null,null,null,null,null,null,null,null
2020-05-05 22:00:00,null,null,null,null,null,null,null,null
2020-05-05 23:00:00,null,null,null,null,null,null,null,null
2020-05-06 00:00:00,null,null,null,null,null,null,null,null
2020-05-06 01:00:00,null,null,null,null,null,null,null,null
2020-05-06 02:00:00,null,null,null,null,null,null,null,null
2020-05-06 03:00:00,null,null,null,null,null,null,null,null
2020-05-06 04:00:00,null,null,null,null,null,null,null,null
2020-05-06 05:00:00,null,null,null,null,null,null,null,null
2020-05-06 06:00:00,null,null,null,null,null,null,null,null
2020-05-06 07:00:00,null,null,null,null,null,null,null,null
2020-05-06 08:00:00,null,null,null,null,null,null,null,null
2020-05-06 09:00:00,null,null,null,null,null,null,null,null
2020-05-06 10:00:00,null,null,null,null,null,null,null,null
2020-05-06 11:00:00,null,null,null,null,null,null,null,null
2020-05-06 12:00:00,null,null,null,4.13,null,null,876.055,null
2020-05-06 13:00:00,29.34,19.91,2.095,5.26,196.1,0.0,875.57,978.7
2020-05-06 14:00:00,30.24,27.08,2.113,5.62,211.3,0.0,874.602,942.2
2020-05-06 15:00:00,31.23,25.52,2.782,7.43,219.5,0.0,873.411,840.0
2020-05-06 16:00:00,31.94,24.25,2.532,6.58,196.1,0.0,872.593,667.3
2020-05-06 17:00:00,32.31,22.86,2.201,5.32,234.4,0.0,871.799,335.7
2020-05-06 18:00:00,31.41,22.96,3.11,10.34,288.5,0.0,871.872,60.7
2020-05-06 19:00:00,29.63,24.65,3.956,8.49,3.8,0.0,872.263,17.9
2020-05-06 20:00:00,29.4,24.98,3.621,7.32,353.4,0.0,873.026,-1.0
2020-05-06 21:00:00,27.64,33.99,3.427,7.53,137.5,0.0,875.134,-2.4
2020-05-06 22:00:00,24.68,46.96,2.984,7.12,185.2,0.0,877.076,-2.3
2020-05-06 23:00:00,21.92,59.29,2.072,4.57,64.9,0.0,878.34,-1.2
2020-05-07 00:00:00,22.72,55.03,2.765,7.07,41.1,0.0,878.391,-0.7
2020-05-07 01:00:00,22.36,57.36,1.817,4.63,111.7,0.0,878.18,-0.7
2020-05-07 02:00:00,21.72,61.11,2.782,4.8,253.8,0.0,877.86,-0.6
2020-05-07 03:00:00,21.22,63.04,1.818,3.74,214.8,0.0,877.635,-0.6
2020-05-07 04:00:00,20.65,69.7,0.854,2.0,154.3,0.0,877.36,-0.8
2020-05-07 05:00:00,21.13,61.98,1.215,2.32,300.1,0.0,877.451,-0.8
2020-05-07 06:00:00,21.13,60.84,1.6,2.59,330.0,0.0,877.489,-0.9
2020-05-07 07:00:00,21.26,59.51,1.689,3.6,296.8,0.0,877.577,19.2
2020-05-07 08:00:00,21.85,59.18,1.137,2.2,158.0,0.0,878.203,161.8
2020-05-07 09:00:00,22.79,55.64,1.787,4.29,162.6,0.0,878.961,418.4
2020-05-07 10:00:00,24.06,52.18,1.337,3.3,173.2,0.0,878.708,640.5
2020-05-07 11:00:00,25.72,42.89,1.677,3.8,154.1,0.0,878.286,806.1
2020-05-07 12:00:00,27.07,40.06,2.118,4.77,141.8,0.0,877.763,929.3
2020-05-07 13:00:00,28.18,37.3,2.357,5.2,140.5,0.0,876.832,970.8
2020-05-07 14:00:00,29.79,33.81,2.079,4.6,55.5,0.0,875.679,910.3
2020-05-07 15:00:00,30.02,31.77,2.039,5.42,59.7,0.0,874.63,546.2
2020-05-07 16:00:00,30.51,30.24,1.633,4.22,72.7,0.0,873.748,559.8
2020-05-07 17:00:00,30.2,31.4,1.372,3.46,43.3,0.0,873.083,148.5
2020-05-07 18:00:00,30.06,33.03,2.214,5.42,9.8,0.0,872.776,259.6
2020-05-07 19:00:00,30.04,31.6,1.381,2.43,3.6,0.0,873.191,44.0
2020-05-07 20:00:00,28.92,36.17,1.502,2.38,339.7,0.0,873.662,-1.2
2020-05-07 21:00:00,27.08,40.45,3.126,10.69,153.0,0.0,874.549,-0.5
2020-05-07 22:00:00,25.11,46.45,3.366,7.59,54.4,0.0,876.232,-0.4
2020-05-07 23:00:00,23.22,55.79,3.661,9.21,130.3,0.0,878.017,-0.5
2020-05-08 00:00:00,21.99,58.17,2.808,6.79,129.6,0.0,879.101,-0.6
2020-05-08 01:00:00,21.97,57.51,1.427,3.86,61.7,0.0,879.222,-0.9
2020-05-08 02:00:00,21.19,62.26,1.811,4.36,196.1,0.0,878.856,-1.4
2020-05-08 03:00:00,20.27,66.24,2.351,4.56,252.3,0.0,878.439,-1.0
2020-05-08 04:00:00,19.85,68.12,1.171,2.24,267.1,0.0,877.958,-1.5
2020-05-08 05:00:00,19.46,69.43,1.117,1.99,11.2,0.0,877.686,-1.4
2020-05-08 06:00:00,18.7,72.82,1.327,2.06,358.3,0.0,877.435,-1.1
2020-05-08 07:00:00,18.8,71.27,1.137,2.08,336.8,0.0,877.391,40.3
2020-05-08 08:00:00,20.62,63.65,0.546,1.88,210.5,0.0,877.704,207.3
2020-05-08 09:00:00,21.84,59.12,1.842,4.43,158.1,0.0,877.817,440.6
2020-05-08 10:00:00,22.57,56.96,2.27,5.02,179.9,0.0,878.08,672.9
2020-05-08 11:00:00,24.37,48.28,2.271,4.69,124.2,0.0,878.072,842.4
2020-05-08 12:00:00,26.17,41.9,1.898,4.51,180.6,0.0,877.411,954.6
2020-05-08 13:00:00,27.68,36.5,2.043,4.43,126.7,0.0,876.334,980.6
2020-05-08 14:00:00,29.05,33.75,2.144,5.59,100.5,0.0,875.129,941.7
2020-05-08 15:00:00,30.17,32.38,2.571,5.71,84.0,0.0,873.852,823.4
2020-05-08 16:00:00,31.24,30.09,2.056,5.9,56.1,0.0,872.541,618.0
2020-05-08 17:00:00,31.65,29.04,3.45,7.42,196.0,0.0,871.651,467.5
2020-05-08 18:00:00,31.16,31.18,3.119,6.41,166.9,0.0,871.597,163.8
2020-05-08 19:00:00,30.53,32.06,2.518,7.31,179.7,0.0,872.072,21.5
2020-05-08 20:00:00,26.98,41.05,5.686,11.6,17.5,0.0,872.754,0.6
2020-05-08 21:00:00,24.89,47.78,5.453,11.17,21.3,0.0,874.102,-0.3
2020-05-08 22:00:00,23.57,52.13,4.182,8.54,11.8,0.0,874.989,-1.1
2020-05-08 23:00:00,24.22,48.63,2.316,5.64,8.3,0.0,875.539,-1.4
2020-05-09 00:00:00,23.53,51.39,1.172,2.8,33.0,0.0,876.048,-1.4
2020-05-09 01:00:00,23.17,52.15,2.226,4.23,343.2,0.0,876.144,-1.1
2020-05-09 02:00:00,22.77,52.69,1.791,3.68,353.4,0.0,875.751,-1.3
2020-05-09 03:00:00,21.7,56.52,1.51,3.0,3.7,0.0,875.319,-1.3
2020-05-09 04:00:00,21.27,56.51,1.565,3.2,345.5,0.0,875.307,-1.4
2020-05-09 05:00:00,21.02,55.7,2.083,3.84,349.8,0.0,875.142,-1.4
2020-05-09 06:00:00,20.52,57.74,1.334,3.22,329.6,0.0,875.377,-1.1
2020-05-09 07:00:00,20.2,58.92,1.557,2.65,352.5,0.0,876.018,26.1
2020-05-09 08:00:00,22.01,53.46,0.969,2.15,18.2,0.0,876.69,170.4
2020-05-09 09:00:00,25.03,44.47,0.903,2.02,97.9,0.0,877.113,394.2
2020-05-09 10:00:00,26.11,41.12,1.571,4.11,137.7,0.0,877.112,614.6
2020-05-09 11:00:00,26.99,39.97,1.632,5.31,152.9,0.0,876.907,773.0
2020-05-09 12:00:00,28.48,36.2,1.798,4.55,168.2,0.0,876.459,903.6
2020-05-09 13:00:00,29.55,31.59,2.108,5.23,126.4,0.0,875.656,952.4
2020-05-09 14:00:00,30.64,29.36,2.757,6.73,150.8,0.0,874.618,831.1
2020-05-09 15:00:00,31.07,27.49,2.816,8.02,195.6,0.0,873.601,561.6
2020-05-09 16:00:00,31.86,25.97,3.268,6.54,188.9,0.0,872.558,699.6
2020-05-09 17:00:00,32.32,25.73,2.919,7.93,166.7,0.0,871.751,477.6
2020-05-09 18:00:00,32.27,24.37,3.145,6.83,216.2,0.0,871.493,177.1
2020-05-09 19:00:00,31.83,24.76,3.059,5.97,188.5,0.0,871.989,41.0
2020-05-09 20:00:00,31.37,24.2,4.252,7.83,212.7,0.0,872.659,-1.2
2020-05-09 21:00:00,29.82,32.63,3.443,6.57,181.1,0.0,874.05,-0.6
2020-05-09 22:00:00,28.93,34.84,3.122,7.82,232.3,0.0,875.202,-1.4
2020-05-09 23:00:00,27.38,39.73,2.948,6.16,87.6,0.0,876.009,-1.4
2020-05-10 00:00:00,26.73,40.75,1.128,4.45,52.1,0.0,876.735,-1.3
2020-05-10 01:00:00,26.31,40.35,1.191,3.14,236.1,0.0,876.74,-1.4
2020-05-10 02:00:00,25.68,39.77,2.18,4.6,293.9,0.0,876.531,-1.2
2020-05-10 03:00:00,24.06,45.75,1.652,3.81,297.6,0.0,876.557,-1.4
2020-05-10 04:00:00,23.42,47.61,1.224,2.53,310.5,0.0,876.655,-1.5
2020-05-10 05:00:00,22.46,50.48,1.207,2.22,357.3,0.0,877.246,-1.4
2020-05-10 06:00:00,22.0,51.69,1.729,2.57,342.4,0.0,877.354,-1.2
2020-05-10 07:00:00,21.72,52.66,1.726,3.05,325.5,0.0,877.978,40.0
2020-05-10 08:00:00,23.69,45.93,1.24,2.71,255.6,0.0,878.697,201.1
2020-05-10 09:00:00,24.69,44.19,1.953,3.54,145.0,0.0,878.719,417.4
2020-05-10 10:00:00,25.97,42.05,2.054,4.45,179.5,0.0,878.695,637.6
2020-05-10 11:00:00,27.15,39.35,2.344,5.37,165.7,0.0,878.037,811.2
2020-05-10 12:00:00,28.63,35.81,2.293,7.54,151.7,0.0,877.128,934.9
2020-05-10 13:00:00,29.68,32.64,2.288,5.72,110.5,0.0,876.285,978.3
2020-05-10 14:00:00,31.24,29.45,2.209,4.85,145.5,0.0,875.267,926.9
2020-05-10 15:00:00,30.35,29.47,4.613,11.24,347.0,0.0,874.595,240.6
2020-05-10 16:00:00,30.08,26.07,3.992,8.67,336.6,0.0,873.737,195.8
2020-05-10 17:00:00,31.56,21.57,2.881,5.68,251.2,0.0,872.745,393.7
2020-05-10 18:00:00,32.33,21.09,1.884,5.72,217.7,0.0,872.78,225.8
2020-05-10 19:00:00,30.37,22.61,2.794,7.65,354.6,0.0,873.041,28.6
2020-05-10 20:00:00,28.95,26.13,2.78,5.47,13.2,0.0,873.655,-1.2
2020-05-10 21:00:00,28.66,29.35,3.724,8.04,17.6,0.0,874.609,-1.2
2020-05-10 22:00:00,27.59,34.07,4.406,11.12,82.3,0.0,876.089,-1.1
2020-05-10 23:00:00,25.93,39.73,2.828,5.74,158.7,0.8,878.027,-1.2
2020-05-11 00:00:00,24.68,43.63,1.631,4.73,131.5,0.0,878.788,-0.7
2020-05-11 01:00:00,23.45,49.78,1.782,4.48,224.0,0.0,878.953,-1.2
2020-05-11 02:00:00,22.54,50.75,2.339,4.88,222.0,0.0,878.825,-0.9
2020-05-11 03:00:00,21.99,52.22,0.937,2.17,103.5,0.0,878.744,-1.4
2020-05-11 04:00:00,20.58,58.85,1.274,2.16,340.5,0.0,878.742,-1.3
2020-05-11 05:00:00,19.88,60.6,1.749,3.36,350.6,0.0,879.171,-0.9
2020-05-11 06:00:00,20.34,58.97,1.847,3.65,315.5,0.0,879.503,-0.7
2020-05-11 07:00:00,20.74,58.5,1.71,3.02,277.2,0.0,879.905,34.9
2020-05-11 08:00:00,21.33,57.8,1.172,2.13,198.8,0.0,880.501,118.8
2020-05-11 09:00:00,22.17,54.89,1.221,2.85,190.9,0.0,881.019,266.8
2020-05-11 10:00:00,22.74,52.21,1.712,3.92,187.3,0.0,881.095,459.6
2020-05-11 11:00:00,24.79,45.59,1.353,3.67,194.2,0.0,880.537,833.6
2020-05-11 12:00:00,26.26,41.65,2.12,5.06,150.6,0.0,879.54,952.6
2020-05-11 13:00:00,27.66,37.16,2.185,4.93,159.5,0.0,878.539,989.9
2020-05-11 14:00:00,28.93,32.47,2.563,6.84,172.3,0.0,877.274,968.4
2020-05-11 15:00:00,30.09,29.18,2.255,5.31,141.8,0.0,876.118,866.3
2020-05-11 16:00:00,31.01,27.02,3.107,8.32,6.7,0.0,874.956,710.0
2020-05-11 17:00:00,31.05,26.76,1.485,4.5,13.9,0.0,874.158,271.3
2020-05-11 18:00:00,30.94,26.89,1.237,2.81,326.9,0.0,873.871,170.9
2020-05-11 19:00:00,30.66,26.31,0.626,2.13,301.9,0.0,873.97,30.0
2020-05-11 20:00:00,30.0,26.56,1.779,4.54,313.7,0.0,874.186,-1.1
2020-05-11 21:00:00,28.45,30.73,2.839,6.77,334.4,0.0,874.741,-1.2
2020-05-11 22:00:00,26.63,37.17,2.751,6.89,354.9,0.0,875.179,-1.2
2020-05-11 23:00:00,26.3,38.28,2.283,6.68,144.3,0.0,875.826,-1.6
2020-05-12 00:00:00,26.49,39.48,3.934,7.6,178.6,0.0,876.325,-0.8
2020-05-12 01:00:00,25.45,44.17,1.854,5.87,222.3,1.0,876.587,-1.0
2020-05-12 02:00:00,21.41,71.07,1.892,5.23,9.4,1.2,876.924,-1.4
2020-05-12 03:00:00,21.38,72.18,2.043,4.41,33.8,0.0,876.59,-0.1
2020-05-12 04:00:00,22.07,67.93,1.292,2.93,23.2,0.0,876.454,-0.6
2020-05-12 05:00:00,21.87,69.62,1.481,3.14,21.2,0.0,876.458,-0.9
2020-05-12 06:00:00,21.33,69.84,1.437,2.76,326.0,0.0,877.117,-0.9
2020-05-12 07:00:00,20.56,72.92,1.814,3.32,337.6,0.0,877.633,35.9
2020-05-12 08:00:00,22.55,64.2,0.797,1.79,117.8,0.0,878.251,220.2
2020-05-12 09:00:00,24.5,52.58,0.926,2.64,161.2,0.0,878.422,454.3
2020-05-12 10:00:00,25.63,48.07,1.651,4.1,170.0,0.0,878.389,665.8
2020-05-12 11:00:00,26.68,44.78,1.71,3.94,86.2,0.0,877.918,842.0
2020-05-12 12:00:00,28.03,39.94,1.841,4.52,153.7,0.0,876.983,966.2
2020-05-12 13:00:00,29.33,35.83,2.016,5.43,148.6,0.0,875.939,1005.9
2020-05-12 14:00:00,30.72,31.4,2.683,5.99,139.1,0.0,874.78,975.7
2020-05-12 15:00:00,31.8,26.99,3.337,8.64,168.6,0.0,873.577,872.3
2020-05-12 16:00:00,32.46,26.13,3.839,9.37,191.8,0.0,872.6,697.1
2020-05-12 17:00:00,32.76,25.72,2.579,7.47,189.4,0.0,872.104,341.8
2020-05-12 18:00:00,31.82,27.02,2.68,5.6,353.2,0.0,872.12,103.5
2020-05-12 19:00:00,30.96,29.6,1.817,4.77,38.7,0.0,872.317,48.8
2020-05-12 20:00:00,30.25,31.18,0.843,1.8,347.0,0.0,872.743,-1.4
2020-05-12 21:00:00,28.58,36.03,0.841,2.77,17.1,0.0,873.479,-1.9
2020-05-12 22:00:00,26.76,34.97,2.006,3.64,338.7,0.0,874.052,-1.7
2020-05-12 23:00:00,25.33,35.12,2.109,3.22,350.8,0.0,874.666,-1.5
2020-05-13 00:00:00,24.97,34.84,1.845,3.81,357.8,0.0,875.172,-1.8
2020-05-13 01:00:00,24.33,36.34,2.065,3.06,352.8,0.0,875.235,-1.5
2020-05-13 02:00:00,23.53,38.25,1.738,3.56,350.6,0.0,874.912,-1.6
2020-05-13 03:00:00,23.0,39.12,2.104,3.04,359.8,0.0,874.839,-1.5
2020-05-13 04:00:00,22.17,41.02,2.286,4.3,349.0,0.0,874.852,-1.4
2020-05-13 05:00:00,21.62,43.6,1.044,2.46,347.4,0.0,875.161,-1.6
2020-05-13 06:00:00,21.57,44.45,1.424,2.92,5.8,0.0,875.588,-1.2
2020-05-13 07:00:00,21.5,45.5,1.008,2.23,349.5,0.0,876.136,38.7
2020-05-13 08:00:00,23.15,42.0,0.465,1.3,28.3,0.0,876.717,201.7
2020-05-13 09:00:00,24.88,40.68,0.992,2.49,167.3,0.0,876.636,424.2
2020-05-13 10:00:00,25.91,40.61,1.7,3.88,179.4,0.0,876.365,641.0
2020-05-13 11:00:00,27.35,38.18,1.726,4.2,146.1,0.0,876.06,808.4
2020-05-13 12:00:00,28.81,34.0,1.537,3.87,126.6,0.0,875.432,940.2
2020-05-13 13:00:00,30.47,28.41,1.759,4.32,73.9,0.0,874.544,987.6
2020-05-13 14:00:00,31.81,24.71,2.631,6.63,154.2,0.0,873.466,983.6
2020-05-13 15:00:00,32.85,20.65,3.151,7.2,155.1,0.0,872.404,853.4
2020-05-13 16:00:00,33.54,17.75,3.489,6.89,182.2,0.0,871.644,681.2
2020-05-13 17:00:00,33.63,18.56,2.934,6.33,185.9,0.0,871.117,444.2
2020-05-13 18:00:00,33.84,19.01,1.98,6.14,200.9,0.0,870.917,228.4
2020-05-13 19:00:00,33.12,18.21,3.741,7.39,207.0,0.0,871.247,47.3
2020-05-13 20:00:00,31.94,18.99,2.953,5.33,216.3,0.0,871.878,-1.3
2020-05-13 21:00:00,30.8,20.45,3.337,5.93,225.3,0.0,872.714,-2.0
2020-05-13 22:00:00,29.16,29.19,1.945,5.34,223.9,0.0,873.668,-1.8
2020-05-13 23:00:00,26.85,32.89,1.215,2.65,0.9,0.0,874.375,-1.8
2020-05-14 00:00:00,25.56,31.31,2.053,3.52,355.0,0.0,874.773,-1.6
2020-05-14 01:00:00,24.77,33.53,1.828,2.88,3.0,0.0,874.995,-1.5
2020-05-14 02:00:00,24.3,38.9,1.393,2.38,8.6,0.0,874.791,-1.5
2020-05-14 03:00:00,23.13,40.78,1.572,2.8,347.2,0.0,874.648,-1.3
2020-05-14 04:00:00,22.98,42.61,1.416,2.35,4.6,0.0,874.654,-1.5
2020-05-14 05:00:00,22.77,45.1,1.583,2.54,3.6,0.0,874.917,-1.4
2020-05-14 06:00:00,22.06,45.37,1.897,2.94,353.6,0.0,875.516,-1.1
2020-05-14 07:00:00,21.84,46.85,1.258,2.29,327.6,0.0,876.149,33.9
2020-05-14 08:00:00,22.73,45.56,0.802,1.95,316.9,0.0,876.835,174.1
2020-05-14 09:00:00,24.56,43.88,1.151,2.99,136.8,0.0,877.123,371.4
2020-05-14 10:00:00,25.88,42.65,1.21,3.16,141.6,0.0,877.187,584.7
2020-05-14 11:00:00,26.89,41.1,1.818,4.19,133.7,0.0,876.779,754.1
2020-05-14 12:00:00,28.49,36.83,1.768,4.15,113.9,0.0,876.047,879.3
2020-05-14 13:00:00,29.78,32.53,1.812,4.06,113.3,0.0,874.966,936.0
2020-05-14 14:00:00,31.03,28.86,2.704,5.67,110.8,0.0,873.824,928.3
2020-05-14 15:00:00,32.52,24.15,2.927,5.59,121.6,0.0,872.724,835.0
2020-05-14 16:00:00,33.27,21.35,2.258,5.61,147.3,0.0,871.716,671.7
2020-05-14 17:00:00,33.83,20.31,1.937,4.4,129.4,0.0,871.154,424.2
2020-05-14 18:00:00,33.23,20.37,1.238,2.99,93.9,0.0,870.775,139.5
2020-05-14 19:00:00,32.55,21.57,1.105,2.32,2.9,0.0,870.972,38.4
2020-05-14 20:00:00,31.17,24.4,2.122,3.69,327.6,0.0,871.348,-1.1
2020-05-14 21:00:00,29.54,26.79,2.378,3.85,318.7,0.0,872.128,-1.6
2020-05-14 22:00:00,27.56,29.1,2.515,5.33,343.1,0.0,872.837,-1.6
2020-05-14 23:00:00,27.3,29.43,1.067,4.52,2.9,0.0,873.626,-1.9
2020-05-15 00:00:00,26.24,31.32,1.402,2.55,5.1,0.0,874.145,-1.5
2020-05-15 01:00:00,25.64,33.18,2.222,3.61,356.7,0.0,874.401,-1.4
2020-05-15 02:00:00,24.68,35.11,2.199,2.83,357.4,0.0,874.032,-1.4
2020-05-15 03:00:00,24.17,36.62,1.324,2.38,20.8,0.0,873.719,-1.4
2020-05-15 04:00:00,23.93,37.88,1.625,3.25,6.4,0.0,873.6,-1.4
2020-05-15 05:00:00,22.92,40.53,1.216,2.39,348.5,0.0,873.639,-1.6
2020-05-15 06:00:00,21.92,43.63,1.887,2.42,337.9,0.0,874.029,-1.1
2020-05-15 07:00:00,22.02,42.74,0.927,2.1,346.3,0.0,874.555,34.1
2020-05-15 08:00:00,23.47,41.45,0.805,2.03,95.6,0.0,875.284,190.9
2020-05-15 09:00:00,24.47,41.74,1.392,2.85,156.6,0.0,875.501,409.0
2020-05-15 10:00:00,26.22,37.97,1.461,3.05,159.6,0.0,875.495,626.5
2020-05-15 11:00:00,27.92,34.86,1.92,4.75,133.9,0.0,875.17,798.3
2020-05-15 12:00:00,29.33,31.5,2.167,5.49,135.8,0.0,874.468,912.1
2020-05-15 13:00:00,30.83,27.99,2.46,5.4,135.1,0.0,873.719,953.2
2020-05-15 14:00:00,32.11,23.9,3.305,7.31,157.2,0.0,872.709,930.8
2020-05-15 15:00:00,33.05,21.45,3.646,8.63,184.2,0.0,871.498,812.4
2020-05-15 16:00:00,33.53,20.46,3.784,7.77,187.0,0.0,870.572,665.6
2020-05-15 17:00:00,33.96,18.65,3.386,6.95,198.6,0.0,869.881,437.1
2020-05-15 18:00:00,33.62,16.48,3.63,8.19,194.7,0.0,869.667,157.9
2020-05-15 19:00:00,33.45,13.78,4.137,7.51,239.5,0.0,869.909,62.3
2020-05-15 20:00:00,31.88,15.72,3.838,8.24,242.2,0.0,870.533,-1.2
2020-05-15 21:00:00,30.41,16.62,2.371,4.13,289.0,0.0,871.272,-2.3
2020-05-15 22:00:00,29.36,18.15,2.134,3.77,291.8,0.0,871.805,-2.2
2020-05-15 23:00:00,26.6,23.86,0.714,2.0,134.7,0.0,872.473,-2.0
2020-05-16 00:00:00,25.55,26.75,1.276,3.13,18.9,0.0,872.732,-2.0
2020-05-16 01:00:00,24.54,25.29,2.177,3.15,353.1,0.0,872.81,-1.7
2020-05-16 02:00:00,23.99,27.01,2.081,2.74,354.1,0.0,872.752,-1.6
2020-05-16 03:00:00,22.76,30.34,2.78,3.57,343.4,0.0,872.566,-1.4
2020-05-16 04:00:00,21.91,33.21,1.916,3.4,338.3,0.0,872.483,-1.5
2020-05-16 05:00:00,21.19,35.86,1.543,2.4,324.0,0.0,872.614,-1.7
2020-05-16 06:00:00,20.59,38.17,2.392,3.08,347.9,0.0,873.025,-1.1
2020-05-16 07:00:00,20.21,41.07,2.081,2.7,346.3,0.0,873.696,41.5
2020-05-16 08:00:00,23.0,37.02,0.912,2.03,52.3,0.0,874.567,212.5
2020-05-16 09:00:00,24.62,38.68,1.247,3.47,145.3,0.0,874.921,429.2
2020-05-16 10:00:00,25.83,35.09,1.521,3.83,156.3,0.0,875.026,651.7
2020-05-16 11:00:00,27.54,29.65,1.701,4.78,137.4,0.0,874.981,826.6
2020-05-16 12:00:00,29.0,25.81,2.146,5.55,162.7,0.0,874.479,951.6
2020-05-16 13:00:00,30.4,22.57,2.428,6.1,150.7,0.0,873.555,998.8
2020-05-16 14:00:00,31.95,18.72,3.933,10.18,200.2,0.0,872.372,988.4
2020-05-16 15:00:00,32.97,18.1,4.21,8.91,215.0,0.0,871.263,852.8
2020-05-16 16:00:00,33.88,15.37,3.83,8.43,200.3,0.0,870.491,736.2
2020-05-16 17:00:00,34.09,12.96,4.29,14.41,219.2,0.0,869.947,467.8
2020-05-16 18:00:00,33.67,11.35,5.949,10.53,248.6,0.0,870.013,281.4
2020-05-16 19:00:00,32.7,12.72,5.049,9.57,251.7,0.0,870.605,74.3
2020-05-16 20:00:00,31.37,13.75,4.062,7.8,250.8,0.0,871.089,-1.1
2020-05-16 21:00:00,30.13,15.18,2.801,5.53,283.3,0.0,871.636,-2.2
2020-05-16 22:00:00,26.97,19.07,2.732,3.84,342.5,0.0,872.213,-1.6
2020-05-16 23:00:00,25.46,22.54,1.884,3.34,9.1,0.0,873.078,-1.9
2020-05-17 00:00:00,24.51,22.96,2.298,3.9,347.0,0.0,873.489,-1.9
2020-05-17 01:00:00,23.51,22.36,2.229,3.94,348.8,0.0,873.696,-1.7
2020-05-17 02:00:00,23.43,23.32,1.999,3.68,11.7,0.0,873.514,-1.9
2020-05-17 03:00:00,23.29,24.49,1.313,3.66,356.4,0.0,873.276,-1.8
2020-05-17 04:00:00,22.77,25.34,1.239,2.62,2.1,0.0,873.341,-1.8
2020-05-17 05:00:00,22.21,27.19,2.271,3.04,341.6,0.0,873.909,-1.7
2020-05-17 06:00:00,21.68,29.0,1.35,2.28,345.1,0.0,874.361,-1.1
2020-05-17 07:00:00,20.94,30.38,1.447,2.54,325.6,0.0,875.121,44.7
2020-05-17 08:00:00,22.79,29.26,0.933,2.51,345.9,0.0,875.709,226.0
2020-05-17 09:00:00,24.73,36.64,1.638,2.99,125.8,0.0,876.025,449.6
2020-05-17 10:00:00,26.29,36.72,1.497,3.27,134.4,0.0,876.236,676.2
2020-05-17 11:00:00,27.9,33.01,1.369,4.1,160.0,0.0,875.901,756.2
2020-05-17 12:00:00,29.17,29.27,1.663,4.11,95.4,0.0,875.629,654.7
2020-05-17 13:00:00,30.31,24.92,1.402,4.5,164.7,0.0,874.927,898.4
2020-05-17 14:00:00,31.82,20.71,2.203,6.16,249.2,0.0,873.829,961.1
2020-05-17 15:00:00,33.24,14.3,2.341,5.91,130.5,0.0,872.574,886.6
2020-05-17 16:00:00,34.15,11.57,2.097,5.05,201.4,0.0,871.739,698.9
2020-05-17 17:00:00,34.25,9.96,2.435,5.1,172.2,0.0,871.18,418.9
2020-05-17 18:00:00,34.05,8.71,2.168,4.13,184.2,0.0,871.196,212.4
2020-05-17 19:00:00,33.54,9.01,1.455,2.79,180.2,0.0,871.43,46.3
2020-05-17 20:00:00,32.11,11.92,1.749,5.81,212.0,0.0,871.791,-1.7
2020-05-17 21:00:00,30.25,14.24,2.149,4.12,314.4,0.0,872.535,-1.8
2020-05-17 22:00:00,27.91,17.66,2.066,3.84,17.2,0.0,873.577,-1.8
2020-05-17 23:00:00,27.08,20.61,1.505,2.97,28.4,0.0,874.487,-1.8
2020-05-18 00:00:00,26.37,26.21,1.179,3.21,116.1,0.0,875.486,-1.7
2020-05-18 01:00:00,25.35,26.52,2.362,3.37,352.3,0.0,875.89,-1.4
2020-05-18 02:00:00,25.18,28.61,1.285,2.51,53.2,0.0,875.812,-1.6
2020-05-18 03:00:00,24.82,32.05,1.596,3.03,282.6,0.0,875.54,-1.6
2020-05-18 04:00:00,23.97,40.52,2.403,4.75,245.9,0.0,875.627,-1.4
2020-05-18 05:00:00,22.72,48.04,1.642,3.0,359.6,0.0,875.826,-1.4
2020-05-18 06:00:00,21.89,47.86,2.699,3.71,343.7,0.0,876.015,-0.7
2020-05-18 07:00:00,21.58,47.07,1.841,3.2,349.1,0.0,876.422,38.4
2020-05-18 08:00:00,23.63,43.77,0.635,1.48,97.0,0.0,877.058,198.2
2020-05-18 09:00:00,25.48,43.47,1.056,2.44,138.7,0.0,877.406,403.9
2020-05-18 10:00:00,26.42,40.17,1.991,4.32,168.2,0.0,877.5,609.6
2020-05-18 11:00:00,27.6,35.99,2.349,5.26,167.7,0.0,877.234,781.9
2020-05-18 12:00:00,29.42,31.56,2.101,5.46,167.6,0.0,876.674,901.0
2020-05-18 13:00:00,30.54,27.17,2.067,5.18,143.5,0.0,875.793,934.4
2020-05-18 14:00:00,31.42,25.08,2.421,5.18,204.6,0.0,874.616,912.8
2020-05-18 15:00:00,32.65,22.77,2.186,4.81,205.4,0.0,873.484,804.7
2020-05-18 16:00:00,32.94,21.96,2.144,5.43,209.3,0.0,872.644,480.1
2020-05-18 17:00:00,32.96,21.75,1.76,5.24,107.2,0.0,872.309,245.8
2020-05-18 18:00:00,31.49,26.93,3.396,7.87,17.4,0.0,872.081,70.8
2020-05-18 19:00:00,31.15,24.31,4.677,11.85,344.5,0.0,872.336,20.2
2020-05-18 20:00:00,30.12,23.6,7.528,12.19,323.7,0.0,872.746,-0.2
2020-05-18 21:00:00,29.57,25.18,5.594,10.24,334.6,0.0,873.339,-1.1
2020-05-18 22:00:00,29.31,27.17,4.25,8.73,60.2,0.0,874.532,-0.7
2020-05-18 23:00:00,27.82,32.27,2.964,6.94,137.5,0.0,875.735,-0.9
2020-05-19 00:00:00,27.14,34.11,0.734,2.68,126.4,0.0,876.402,-1.4
2020-05-19 01:00:00,26.34,36.01,1.588,2.88,24.0,0.0,876.229,-1.6
2020-05-19 02:00:00,24.95,38.97,2.117,3.41,358.7,0.0,875.768,-1.3
2020-05-19 03:00:00,24.2,41.71,1.907,3.11,14.7,0.0,875.539,-1.4
2020-05-19 04:00:00,23.81,41.92,1.909,3.71,18.7,0.0,875.437,-1.4
2020-05-19 05:00:00,23.46,42.27,1.053,2.29,11.5,0.0,875.47,-1.5
2020-05-19 06:00:00,22.78,43.42,1.799,3.08,345.4,0.0,875.644,-1.0
2020-05-19 07:00:00,22.2,46.6,1.707,2.69,349.0,0.0,876.134,43.4
2020-05-19 08:00:00,23.97,43.24,0.918,2.2,352.5,0.0,876.579,211.7
2020-05-19 09:00:00,25.69,40.95,1.63,3.43,188.9,0.0,876.808,434.4
2020-05-19 10:00:00,26.85,40.01,1.819,4.05,161.8,0.0,876.869,640.0
2020-05-19 11:00:00,28.72,35.4,1.577,3.92,126.8,0.0,876.359,808.1
2020-05-19 12:00:00,30.23,30.78,2.122,5.77,138.8,0.0,875.725,933.3
2020-05-19 13:00:00,31.29,27.93,2.602,5.79,185.5,0.0,874.826,968.3
2020-05-19 14:00:00,32.49,24.38,2.881,6.0,145.3,0.0,873.697,944.1
2020-05-19 15:00:00,32.66,23.61,2.715,6.26,177.7,0.0,872.554,330.2
2020-05-19 16:00:00,33.26,22.32,2.012,5.64,29.9,0.0,871.658,423.2
2020-05-19 17:00:00,31.68,25.42,4.904,10.38,289.0,0.0,871.338,157.9
2020-05-19 18:00:00,31.03,23.92,5.252,11.17,308.7,0.0,871.337,114.3
2020-05-19 19:00:00,31.11,22.05,3.224,7.35,332.0,0.0,871.351,22.7
2020-05-19 20:00:00,30.57,22.69,1.786,3.48,280.1,0.0,871.693,-1.1
2020-05-19 21:00:00,29.93,23.83,1.957,3.5,266.8,0.0,872.332,-1.6
2020-05-19 22:00:00,27.8,29.58,1.383,4.05,78.0,0.0,873.054,-1.7
2020-05-19 23:00:00,26.45,32.46,1.302,2.73,1.2,0.0,873.65,-1.8
2020-05-20 00:00:00,25.57,34.34,1.064,2.72,47.1,0.0,874.109,-1.7
2020-05-20 01:00:00,25.18,35.73,1.619,3.05,356.0,0.0,874.235,-1.6
2020-05-20 02:00:00,24.15,36.88,2.387,3.58,346.3,0.0,874.042,-1.3
2020-05-20 03:00:00,24.24,38.12,1.474,3.23,12.6,0.0,873.916,-1.5
2020-05-20 04:00:00,23.48,39.83,2.188,3.44,357.0,0.0,873.745,-1.4
2020-05-20 05:00:00,22.69,41.39,1.855,2.58,334.9,0.0,873.956,-1.4
2020-05-20 06:00:00,22.44,41.96,1.876,3.2,17.1,0.0,874.151,-1.1
2020-05-20 07:00:00,22.28,42.63,1.525,2.98,2.4,0.0,874.651,35.3
2020-05-20 08:00:00,23.44,41.54,0.497,1.39,77.5,0.0,875.443,166.1
2020-05-20 09:00:00,24.76,41.81,0.958,2.61,159.6,0.0,875.889,349.3
2020-05-20 10:00:00,25.98,39.44,1.194,3.53,194.0,0.0,876.173,538.5
2020-05-20 11:00:00,27.31,37.14,1.412,3.46,146.3,0.0,875.875,699.8
2020-05-20 12:00:00,28.73,33.9,1.417,3.27,190.9,0.0,875.067,811.1
2020-05-20 13:00:00,30.25,30.15,1.969,4.43,139.4,0.0,874.061,846.1
2020-05-20 14:00:00,31.77,25.82,2.097,6.91,184.2,0.0,873.016,851.6
2020-05-20 15:00:00,32.27,23.54,2.175,5.47,155.8,0.0,871.941,501.1
2020-05-20 16:00:00,33.08,22.3,2.168,5.04,90.9,0.0,871.06,524.6
2020-05-20 17:00:00,32.36,25.16,3.662,7.85,35.8,0.0,870.542,245.9
2020-05-20 18:00:00,32.76,21.82,2.07,5.24,18.2,0.0,870.054,100.1
2020-05-20 19:00:00,31.51,26.64,2.025,4.7,34.1,0.0,870.083,26.3
2020-05-20 20:00:00,30.61,28.04,1.681,3.13,47.8,0.0,870.428,-1.0
2020-05-20 21:00:00,29.8,29.07,1.278,3.71,6.4,0.0,871.149,-1.3
2020-05-20 22:00:00,28.89,30.03,1.393,3.27,28.6,0.0,871.776,-1.3
2020-05-20 23:00:00,28.43,30.09,0.89,1.99,322.9,0.0,872.543,-1.5
2020-05-21 00:00:00,27.68,31.08,1.093,4.03,167.7,0.0,873.17,-1.3
2020-05-21 01:00:00,27.0,32.74,1.271,2.77,234.5,0.0,873.553,-1.4
2020-05-21 02:00:00,25.83,34.99,0.9,2.32,260.8,0.0,873.329,-1.6
2020-05-21 03:00:00,24.57,37.39,1.257,1.98,320.7,0.0,873.035,-1.5
2020-05-21 04:00:00,23.52,39.33,1.768,2.37,315.0,0.0,872.744,-1.5
2020-05-21 05:00:00,22.67,41.02,2.022,3.25,332.4,0.0,872.847,-1.3
2020-05-21 06:00:00,22.14,41.55,2.266,3.5,342.1,0.0,873.077,-0.8
2020-05-21 07:00:00,21.62,43.28,1.404,2.65,338.2,0.0,873.676,34.6
2020-05-21 08:00:00,22.92,40.91,0.796,1.86,347.3,0.0,874.548,166.0
2020-05-21 09:00:00,25.24,37.32,0.747,1.9,153.2,0.0,875.022,347.6
2020-05-21 10:00:00,26.0,35.82,1.118,3.38,172.8,0.0,875.157,542.2
2020-05-21 11:00:00,27.87,32.02,1.343,3.7,168.9,0.0,874.95,702.0
2020-05-21 12:00:00,29.42,29.52,1.636,3.57,133.0,0.0,874.407,825.5
2020-05-21 13:00:00,30.58,26.03,2.224,5.18,105.2,0.0,873.415,866.7
2020-05-21 14:00:00,32.04,23.24,2.325,4.97,127.9,0.0,872.402,855.2
2020-05-21 15:00:00,33.32,21.05,1.983,4.43,131.1,0.0,871.459,766.1
2020-05-21 16:00:00,34.07,19.79,2.44,6.45,107.5,0.0,870.524,584.7
2020-05-21 17:00:00,34.46,19.33,2.664,5.18,186.7,0.0,869.689,387.4
2020-05-21 18:00:00,34.29,18.98,2.935,6.38,187.3,0.0,869.376,210.9
2020-05-21 19:00:00,33.74,17.54,3.119,6.49,202.7,0.0,869.475,53.2
2020-05-21 20:00:00,32.7,18.0,3.412,6.2,267.7,0.0,870.089,-1.0
2020-05-21 21:00:00,31.34,20.01,2.004,4.81,291.9,0.0,870.769,-2.0
2020-05-21 22:00:00,29.21,24.56,1.129,2.54,27.0,0.0,871.521,-2.1
2020-05-21 23:00:00,27.6,27.57,0.892,1.93,335.5,0.0,872.236,-2.1
2020-05-22 00:00:00,25.79,29.73,1.946,2.69,335.4,0.0,872.677,-1.7
2020-05-22 01:00:00,25.34,30.42,1.37,2.38,348.8,0.0,873.177,-1.8
2020-05-22 02:00:00,25.19,31.4,1.597,3.52,359.7,0.0,873.282,-1.8
2020-05-22 03:00:00,24.47,31.57,1.496,3.31,339.6,0.0,872.894,-1.6
2020-05-22 04:00:00,23.55,33.66,0.793,1.89,329.2,0.0,872.438,-1.8
2020-05-22 05:00:00,22.72,34.71,1.763,3.39,330.8,0.0,872.582,-1.7
2020-05-22 06:00:00,21.72,37.13,1.998,3.26,334.9,0.0,873.017,-1.3
2020-05-22 07:00:00,21.39,39.19,1.515,2.69,354.5,0.0,873.717,29.1
2020-05-22 08:00:00,23.29,35.61,1.169,2.66,9.1,0.0,874.779,187.3
2020-05-22 09:00:00,25.08,38.32,1.316,3.59,176.0,0.0,875.276,395.9
2020-05-22 10:00:00,26.33,39.99,1.518,3.34,134.7,0.0,875.516,592.6
2020-05-22 11:00:00,27.94,36.92,1.533,3.62,136.2,0.0,875.474,747.8
2020-05-22 12:00:00,29.39,32.72,1.942,4.72,121.1,0.0,874.817,869.8
2020-05-22 13:00:00,30.5,27.71,2.398,6.76,230.8,0.0,873.944,924.5
2020-05-22 14:00:00,31.76,24.02,2.211,6.04,206.4,0.0,872.934,922.3
2020-05-22 15:00:00,32.97,19.88,2.562,6.39,139.8,0.0,871.723,804.5
2020-05-22 16:00:00,34.19,17.28,2.792,8.28,161.2,0.0,870.698,644.7
2020-05-22 17:00:00,34.44,17.46,3.018,7.33,223.9,0.0,869.841,460.3
2020-05-22 18:00:00,34.07,18.16,3.647,7.05,204.3,0.0,869.505,217.0
2020-05-22 19:00:00,33.37,16.49,3.896,8.54,198.2,0.0,869.727,55.2
2020-05-22 20:00:00,32.31,17.82,4.151,7.39,216.2,0.0,870.128,-0.4
2020-05-22 21:00:00,30.71,20.97,1.927,4.44,296.7,0.0,871.327,-2.0
2020-05-22 22:00:00,28.74,24.03,1.436,2.91,359.6,0.0,872.306,-2.0
2020-05-22 23:00:00,27.18,26.28,2.848,4.03,336.2,0.0,872.936,-1.8
2020-05-23 00:00:00,26.52,27.94,2.427,3.73,337.9,0.0,873.282,-1.7
2020-05-23 01:00:00,25.89,29.22,1.439,2.88,352.4,0.0,873.143,-1.9
2020-05-23 02:00:00,24.93,31.91,1.641,3.42,33.7,0.0,872.934,-1.9
2020-05-23 03:00:00,24.6,31.24,2.432,3.14,346.0,0.0,872.71,-1.8
2020-05-23 04:00:00,23.78,32.77,2.008,3.2,352.2,0.0,872.734,-1.4
2020-05-23 05:00:00,22.9,34.51,1.403,2.25,327.3,0.0,872.99,-1.6
2020-05-23 06:00:00,22.38,35.44,1.847,2.93,336.6,0.0,873.268,-1.2
2020-05-23 07:00:00,22.42,36.36,1.186,2.04,10.2,0.0,873.696,45.5
2020-05-23 08:00:00,24.17,35.07,0.651,1.47,33.9,0.0,874.084,217.6
2020-05-23 09:00:00,25.59,35.62,1.565,2.97,180.3,0.0,874.668,435.1
2020-05-23 10:00:00,26.87,34.26,1.64,3.62,181.8,0.0,874.845,638.4
2020-05-23 11:00:00,28.45,32.99,2.166,4.42,160.9,0.0,874.659,797.6
2020-05-23 12:00:00,29.99,29.2,2.007,4.55,186.4,0.0,874.102,926.2
2020-05-23 13:00:00,31.35,23.38,2.462,5.84,236.4,0.0,873.224,978.8
2020-05-23 14:00:00,32.57,20.68,2.483,5.62,147.1,0.0,872.309,890.0
2020-05-23 15:00:00,32.66,18.96,2.067,4.13,108.3,0.0,871.331,323.0
2020-05-23 16:00:00,33.24,18.69,2.183,4.68,63.5,0.0,870.557,407.5
2020-05-23 17:00:00,32.77,18.5,3.037,12.14,325.5,0.0,870.136,178.8
2020-05-23 18:00:00,33.43,17.96,1.568,3.98,57.4,0.0,869.669,255.0
2020-05-23 19:00:00,32.78,19.11,1.174,2.6,73.4,0.0,869.727,47.1
2020-05-23 20:00:00,31.15,21.98,1.826,4.29,342.8,0.0,870.209,-0.8
2020-05-23 21:00:00,30.47,27.66,3.564,8.5,232.4,0.0,871.149,-1.8
2020-05-23 22:00:00,29.05,35.87,2.989,5.54,191.9,0.0,872.17,-1.4
2020-05-23 23:00:00,27.19,43.03,0.881,2.4,97.4,0.0,872.968,-1.9
2020-05-24 00:00:00,25.93,46.19,1.654,3.58,109.3,0.0,873.577,-1.7
2020-05-24 01:00:00,25.2,44.95,0.7,1.58,342.6,0.0,873.754,-1.4
2020-05-24 02:00:00,24.69,41.88,1.268,2.08,305.3,0.0,873.821,-1.5
2020-05-24 03:00:00,24.44,46.01,1.195,2.24,302.7,0.0,873.607,-1.3
2020-05-24 04:00:00,23.38,48.61,2.01,3.2,317.6,0.0,873.412,-1.3
2020-05-24 05:00:00,22.55,50.3,1.402,2.52,333.6,0.0,873.461,-1.3
2020-05-24 06:00:00,21.81,51.76,2.119,3.35,340.4,0.0,873.71,-0.8
2020-05-24 07:00:00,21.64,51.52,1.93,3.02,353.7,0.0,874.172,40.1
2020-05-24 08:00:00,23.6,47.94,0.642,1.65,118.2,0.0,874.761,201.5
2020-05-24 09:00:00,24.68,48.98,1.259,2.68,152.8,0.0,875.038,418.8
2020-05-24 10:00:00,25.92,46.38,1.549,4.7,167.3,0.0,875.038,637.2
2020-05-24 11:00:00,27.33,42.51,1.832,3.82,152.9,0.0,874.842,800.5
2020-05-24 12:00:00,28.86,36.61,1.637,4.69,105.1,0.0,874.11,923.9
2020-05-24 13:00:00,30.65,30.25,2.238,4.72,168.1,0.0,873.036,979.8
2020-05-24 14:00:00,31.89,23.69,2.604,6.91,160.2,0.0,871.836,972.7
2020-05-24 15:00:00,33.21,19.59,2.728,7.11,232.0,0.0,870.653,869.2
2020-05-24 16:00:00,33.73,18.63,3.034,7.27,228.0,0.0,869.633,700.5
2020-05-24 17:00:00,34.16,17.01,3.02,6.9,177.3,0.0,868.894,513.0
2020-05-24 18:00:00,34.14,13.73,3.303,6.57,184.3,0.0,868.504,279.7
2020-05-24 19:00:00,33.52,12.73,3.749,6.9,198.0,0.0,868.668,75.5
2020-05-24 20:00:00,32.17,14.31,4.29,8.25,215.4,0.0,869.047,-0.7
2020-05-24 21:00:00,30.92,14.45,4.056,8.62,247.3,0.0,869.687,-1.9
2020-05-24 22:00:00,28.63,17.12,2.673,4.33,297.0,0.0,870.472,-2.0
2020-05-24 23:00:00,26.28,23.14,2.049,5.27,345.1,0.0,870.811,-1.8
2020-05-25 00:00:00,25.54,25.14,1.788,3.49,351.1,0.0,871.156,-2.2
2020-05-25 01:00:00,23.96,26.3,2.137,3.06,4.5,0.0,871.026,-1.8
2020-05-25 02:00:00,23.77,26.83,2.239,3.46,3.7,0.0,871.0,-2.0
2020-05-25 03:00:00,22.63,27.31,2.743,3.75,344.9,0.0,871.088,-1.5
2020-05-25 04:00:00,22.38,27.29,2.356,3.51,355.1,0.0,871.227,-1.7
2020-05-25 05:00:00,21.91,29.01,2.375,3.46,349.2,0.0,871.644,-1.6
2020-05-25 06:00:00,21.39,31.26,2.133,3.03,339.3,0.0,872.237,-1.2
2020-05-25 07:00:00,20.87,33.67,1.526,2.19,337.6,0.0,872.829,47.8
2020-05-25 08:00:00,23.33,32.62,1.105,2.11,31.9,0.0,873.662,225.8
2020-05-25 09:00:00,24.91,42.17,1.22,3.05,145.3,0.0,874.08,459.8
2020-05-25 10:00:00,26.08,40.53,1.777,3.94,147.4,0.0,874.096,676.6
2020-05-25 11:00:00,27.93,30.15,1.716,4.16,145.5,0.0,873.662,845.1
2020-05-25 12:00:00,28.92,26.28,1.971,4.78,138.1,0.0,873.08,968.5
2020-05-25 13:00:00,30.58,21.48,2.286,4.85,95.3,0.0,872.152,998.9
2020-05-25 14:00:00,31.99,18.71,2.302,4.58,109.4,0.0,871.043,967.0
2020-05-25 15:00:00,32.78,16.46,2.478,5.85,161.9,0.0,869.774,870.5
2020-05-25 16:00:00,33.59,16.26,3.087,6.23,138.3,0.0,868.831,698.6
2020-05-25 17:00:00,34.01,13.86,3.319,7.45,173.0,0.0,868.288,498.9
2020-05-25 18:00:00,34.17,10.43,3.486,7.31,187.8,0.0,868.14,283.8
2020-05-25 19:00:00,33.57,8.3,3.955,7.5,199.9,0.0,868.582,84.8
2020-05-25 20:00:00,32.3,8.75,3.473,6.37,235.5,0.0,869.316,-0.9
2020-05-25 21:00:00,29.69,12.08,2.994,5.63,306.7,0.0,870.193,-2.0
2020-05-25 22:00:00,26.84,16.25,1.852,3.69,346.4,0.0,871.092,-2.2
2020-05-25 23:00:00,25.6,18.14,1.616,3.33,338.4,0.0,872.062,-2.2
2020-05-26 00:00:00,24.47,19.44,2.122,3.31,354.4,0.0,872.742,-2.2
2020-05-26 01:00:00,23.92,19.7,1.496,2.73,355.6,0.0,872.95,-2.1
2020-05-26 02:00:00,23.12,20.69,2.411,3.27,356.9,0.0,872.973,-1.9
2020-05-26 03:00:00,22.7,21.42,2.655,3.65,344.2,0.0,872.899,-1.7
2020-05-26 04:00:00,21.86,23.41,3.102,3.9,342.5,0.0,872.908,-1.5
2020-05-26 05:00:00,21.04,26.94,1.094,2.1,338.3,0.0,873.222,-1.7
2020-05-26 06:00:00,20.23,30.14,1.495,2.64,342.1,0.0,873.895,-1.2
2020-05-26 07:00:00,20.06,32.49,1.936,2.69,348.7,0.0,874.33,46.7
2020-05-26 08:00:00,22.19,30.5,1.099,1.89,52.8,0.0,874.653,214.2
2020-05-26 09:00:00,24.33,29.15,1.133,2.4,129.6,0.0,875.118,427.4
2020-05-26 10:00:00,26.22,25.32,1.183,2.86,129.2,0.0,875.304,633.0
2020-05-26 11:00:00,27.59,23.81,1.401,3.29,149.9,0.0,874.814,800.9
2020-05-26 12:00:00,29.04,22.18,2.028,4.34,100.8,0.0,874.134,929.8
2020-05-26 13:00:00,30.35,19.23,2.132,5.05,151.1,0.0,873.326,968.0
2020-05-26 14:00:00,32.02,15.78,3.062,6.11,144.1,0.0,872.323,935.5
2020-05-26 15:00:00,33.05,13.59,2.806,6.54,142.3,0.0,871.272,805.2
2020-05-26 16:00:00,33.48,13.93,3.562,7.23,142.1,0.0,870.348,687.3
2020-05-26 17:00:00,33.81,14.19,3.027,7.75,138.4,0.0,869.755,476.8
2020-05-26 18:00:00,33.82,14.14,2.639,4.76,137.6,0.0,869.801,248.4
2020-05-26 19:00:00,33.17,14.76,1.497,3.31,137.0,0.0,870.225,64.1
2020-05-26 20:00:00,31.85,14.92,1.413,3.86,207.4,0.0,870.755,-1.4
2020-05-26 21:00:00,29.63,16.18,2.104,4.47,326.2,0.0,871.701,-2.1
2020-05-26 22:00:00,27.31,22.05,2.531,4.09,337.3,0.0,872.442,-2.0
2020-05-26 23:00:00,26.38,21.67,1.596,3.79,347.5,0.0,873.083,-2.1
2020-05-27 00:00:00,25.39,25.19,1.14,2.64,74.4,0.0,874.13,-2.2
2020-05-27 01:00:00,24.53,24.6,2.42,4.08,354.4,0.0,874.549,-1.9
2020-05-27 02:00:00,24.92,21.86,1.947,4.82,7.1,0.0,874.417,-2.1
2020-05-27 03:00:00,23.78,23.25,1.93,3.68,353.0,0.0,874.319,-1.9
2020-05-27 04:00:00,23.23,22.88,1.34,2.67,356.5,0.0,874.207,-1.8
2020-05-27 05:00:00,22.84,23.42,0.953,2.41,339.6,0.0,874.235,-1.9
2020-05-27 06:00:00,null,null,null,4.42,null,null,874.389,null
2020-05-27 07:00:00,null,null,null,null,null,null,null,null
2020-05-27 08:00:00,null,null,null,1.55,null,null,875.907,null
2020-05-27 09:00:00,25.67,24.56,0.787,2.03,143.3,0.0,875.873,415.5
2020-05-27 10:00:00,26.52,26.49,1.955,4.23,166.6,0.0,875.955,622.2
2020-05-27 11:00:00,27.84,25.22,1.976,4.42,164.8,0.0,875.732,784.8
2020-05-27 12:00:00,29.1,23.97,2.199,4.57,166.2,0.0,875.271,908.5
2020-05-27 13:00:00,30.78,21.1,2.662,5.97,197.9,0.0,874.839,944.6
2020-05-27 14:00:00,31.93,15.91,2.159,5.39,233.7,0.0,874.112,909.9
2020-05-27 15:00:00,33.16,13.5,1.943,7.24,175.0,0.0,873.198,792.3
2020-05-27 16:00:00,33.72,12.5,1.702,4.65,144.3,0.0,872.172,622.7
2020-05-27 17:00:00,33.78,13.63,2.426,6.73,132.9,0.0,871.407,451.5
2020-05-27 18:00:00,33.87,13.35,2.19,4.89,118.2,0.0,871.261,250.1
2020-05-27 19:00:00,33.17,14.49,1.625,3.09,103.4,0.0,871.682,64.7
2020-05-27 20:00:00,32.19,15.31,0.638,2.5,46.8,0.0,872.333,-1.1
2020-05-27 21:00:00,29.94,24.81,2.582,6.9,169.6,0.0,873.506,-1.6
2020-05-27 22:00:00,29.11,27.81,2.253,4.45,236.2,0.0,874.491,-2.1
2020-05-27 23:00:00,28.46,28.04,2.366,5.49,247.8,0.0,875.565,-1.8
2020-05-28 00:00:00,26.54,30.37,2.551,3.86,344.8,0.0,875.99,-1.3
2020-05-28 01:00:00,25.62,32.47,1.499,2.98,5.3,0.0,876.184,-1.6
2020-05-28 02:00:00,25.54,33.47,1.303,1.95,28.0,0.0,875.855,-1.7
2020-05-28 03:00:00,24.29,35.86,2.0,3.44,312.1,0.0,875.559,-1.6
2020-05-28 04:00:00,24.19,37.45,2.636,3.87,297.5,0.0,875.447,-1.6
2020-05-28 05:00:00,null,null,null,4.38,null,null,875.447,null
2020-05-28 06:00:00,null,null,null,null,null,null,null,null
2020-05-28 07:00:00,null,null,null,null,null,null,null,null
2020-05-28 08:00:00,null,null,null,null,null,null,null,null
2020-05-28 09:00:00,25.32,33.15,1.305,2.83,189.7,0.0,876.816,406.4
2020-05-28 10:00:00,26.16,32.19,1.518,3.13,187.3,0.0,876.847,605.1
2020-05-28 11:00:00,27.85,29.87,1.621,3.78,155.6,0.0,876.56,759.5
2020-05-28 12:00:00,29.12,27.89,2.18,4.73,148.9,0.0,876.059,865.9
2020-05-28 13:00:00,30.31,25.63,2.136,5.31,175.8,0.0,875.532,887.9
2020-05-28 14:00:00,31.37,24.08,1.749,4.63,194.8,0.0,874.544,731.4
2020-05-28 15:00:00,32.22,23.04,1.835,4.26,76.4,0.0,873.415,694.3
2020-05-28 16:00:00,32.68,22.14,2.126,4.95,166.2,0.0,872.036,626.1
2020-05-28 17:00:00,33.21,20.47,1.613,3.5,92.5,0.0,871.413,355.5
2020-05-28 18:00:00,32.12,21.71,3.275,17.33,143.5,0.0,871.744,75.7
2020-05-28 19:00:00,27.66,30.32,9.658,21.34,3.0,0.0,872.477,19.3
2020-05-28 20:00:00,26.26,33.91,6.291,18.45,27.3,0.0,874.246,0.0
2020-05-28 21:00:00,26.38,32.72,3.668,9.68,64.2,0.0,875.528,-1.2
2020-05-28 22:00:00,26.56,32.67,4.041,9.53,18.2,0.0,876.362,-1.2
2020-05-28 23:00:00,26.36,33.03,3.334,6.44,311.5,0.0,876.739,-1.1
2020-05-29 00:00:00,25.06,36.3,3.568,7.53,264.9,0.0,876.682,-0.7
2020-05-29 01:00:00,24.17,39.21,2.25,5.25,216.6,0.0,875.769,-1.4
2020-05-29 02:00:00,22.96,43.6,1.463,3.15,78.5,0.0,875.062,-1.6
2020-05-29 03:00:00,22.73,44.37,1.741,3.81,46.4,0.0,875.202,-1.5
2020-05-29 04:00:00,22.52,45.39,0.99,2.44,50.3,null,875.596,-1.4
2020-05-29 05:00:00,null,null,null,null,null,null,null,null
2020-05-29 06:00:00,null,null,null,null,null,null,null,null
2020-05-29 07:00:00,null,null,null,null,null,null,null,null
2020-05-29 08:00:00,null,null,null,null,null,null,null,null
2020-05-29 09:00:00,null,null,null,3.52,null,null,877.641,null
2020-05-29 10:00:00,26.07,35.77,1.461,3.45,150.6,0.0,877.231,640.8
2020-05-29 11:00:00,27.44,32.77,1.452,4.09,169.6,0.0,876.456,805.7
2020-05-29 12:00:00,28.16,30.75,1.908,4.58,262.9,0.0,875.538,860.9
2020-05-29 13:00:00,28.82,29.13,1.332,3.53,116.1,0.0,874.767,444.7
2020-05-29 14:00:00,29.1,29.19,1.495,3.58,86.4,0.0,873.875,388.7
2020-05-29 15:00:00,30.54,26.95,1.717,3.92,63.9,0.0,872.712,767.5
2020-05-29 16:00:00,31.45,24.82,2.001,6.12,141.2,0.0,871.952,438.5
2020-05-29 17:00:00,25.75,44.22,7.591,15.28,359.5,0.9,872.265,46.7
2020-05-29 18:00:00,26.08,39.04,5.551,13.3,20.4,0.0,872.934,105.9
2020-05-29 19:00:00,26.3,38.51,2.951,7.6,55.9,0.0,873.194,56.7
2020-05-29 20:00:00,24.1,48.43,0.838,2.87,335.9,0.0,874.008,1.0
2020-05-29 21:00:00,24.29,46.21,1.92,4.43,1.4,0.0,874.692,-1.5
2020-05-29 22:00:00,25.17,37.62,3.515,6.98,352.8,0.0,875.261,-1.5
2020-05-29 23:00:00,24.89,36.11,3.673,8.35,357.4,0.0,875.797,-1.4
2020-05-30 00:00:00,23.45,43.7,2.522,7.79,32.2,0.0,876.049,-1.6
2020-05-30 01:00:00,23.49,39.77,2.189,5.58,342.5,0.0,875.996,-1.6
2020-05-30 02:00:00,22.1,44.99,1.301,3.8,291.8,0.0,875.615,-1.5
2020-05-30 03:00:00,20.74,49.16,1.162,2.38,320.7,0.0,875.538,-1.6
2020-05-30 04:00:00,20.31,49.05,2.122,3.19,348.6,null,875.387,-1.5
2020-05-30 05:00:00,null,null,null,null,null,null,null,null
2020-05-30 06:00:00,null,null,null,null,null,null,null,null
2020-05-30 07:00:00,null,null,null,null,null,null,null,null
2020-05-30 08:00:00,null,null,null,null,null,null,null,null
2020-05-30 09:00:00,null,null,null,null,null,null,null,null
2020-05-30 10:00:00,null,null,null,null,null,null,null,null
2020-05-30 11:00:00,null,0.45,1.473,5.18,144.8,null,876.165,862.3
2020-05-30 12:00:00,null,0.48,1.855,5.55,259.5,0.0,875.331,941.7
2020-05-30 13:00:00,null,0.48,2.107,5.04,212.5,0.0,874.269,973.3
2020-05-30 14:00:00,null,0.49,1.963,5.93,148.4,0.0,873.1,937.5
2020-05-30 15:00:00,null,0.54,2.027,4.73,171.7,0.0,871.962,829.0
2020-05-30 16:00:00,null,0.54,1.579,3.65,92.3,0.0,870.964,670.3
2020-05-30 17:00:00,null,0.54,1.611,4.19,135.8,0.0,870.162,469.4
2020-05-30 18:00:00,null,0.52,2.105,6.29,270.7,0.0,870.027,152.4
2020-05-30 19:00:00,null,0.48,5.819,11.77,335.9,0.0,870.669,18.6
2020-05-30 20:00:00,null,0.45,5.65,17.08,317.0,0.0,871.325,-0.1
2020-05-30 21:00:00,null,0.41,8.082,13.51,320.1,0.0,872.136,-0.7
2020-05-30 22:00:00,null,0.41,2.927,9.06,269.0,0.0,873.164,-0.7
2020-05-30 23:00:00,null,0.41,2.33,8.05,80.6,0.0,874.238,-0.6
2020-05-31 00:00:00,null,0.41,3.818,9.21,0.9,0.0,875.042,-1.2
2020-05-31 01:00:00,null,0.41,2.94,7.54,307.9,0.0,875.347,-0.9
2020-05-31 02:00:00,null,0.39,2.487,6.19,251.1,0.0,875.585,-0.7
2020-05-31 03:00:00,null,0.35,2.606,5.07,321.5,0.0,875.469,-0.9
2020-05-31 04:00:00,null,0.34,2.499,4.05,329.1,null,875.058,-2.1
2020-05-31 05:00:00,null,null,null,null,null,null,null,null
2020-05-31 06:00:00,null,null,null,null,null,null,null,null
2020-05-31 07:00:00,null,null,null,null,null,null,null,null
2020-05-31 08:00:00,null,null,null,null,null,null,null,null
2020-05-31 09:00:00,null,null,null,2.77,null,null,876.322,null
2020-05-31 10:00:00,null,0.41,2.645,5.01,187.9,0.0,876.242,680.4
2020-05-31 11:00:00,null,0.44,2.383,5.3,193.9,0.0,876.123,823.4
2020-05-31 12:00:00,null,0.48,1.92,3.9,153.8,0.0,875.487,939.5
2020-05-31 13:00:00,null,0.48,2.006,4.33,216.0,0.0,874.477,968.1
2020-05-31 14:00:00,null,0.52,2.0,4.91,137.3,0.0,873.428,936.5
2020-05-31 15:00:00,null,0.55,2.32,5.33,147.1,0.0,872.235,854.6
2020-05-31 16:00:00,null,0.54,1.854,5.92,123.4,0.0,871.316,696.4
2020-05-31 17:00:00,null,0.53,2.327,5.85,77.7,0.0,870.755,303.1
2020-05-31 18:00:00,null,0.48,5.234,10.13,344.9,0.0,870.753,66.5
2020-05-31 19:00:00,null,0.46,4.437,9.62,356.5,0.0,870.961,24.3
2020-05-31 20:00:00,null,0.47,3.804,8.19,358.9,0.0,871.504,-0.3
2020-05-31 21:00:00,null,0.44,2.014,7.06,291.3,0.0,872.674,-1.4
2020-05-31 22:00:00,null,0.41,2.315,5.14,35.0,0.0,873.615,-1.1
2020-05-31 23:00:00,null,0.41,2.431,5.51,99.8,0.0,874.622,-1.0
