Red Universitaria de Observatorios Atmosfericos (RUOA)
Meteorological Station Mazatlan (mazt), Sinaloa
Lat 23.1836 N, Lon 106.425 W, Alt 20 masl
Time UTC-7h
Meteorological data
 
TIMESTAMP,Temp_Avg,RH_Avg,WSpeed_Avg,WSpeed_Max,WDir_Avg,Rain_Tot,Press_Avg,Rad_Avg
yyyy-mm-dd HH:MM:SS,�C,%,m/s,m/s,deg,mm,hPa,W/m^2
2021-09-01 00:00:00,null,null,null,null,null,null,null,null
2021-09-01 01:00:00,null,null,null,null,null,null,null,null
2021-09-01 02:00:00,null,null,null,null,null,null,null,null
2021-09-01 03:00:00,null,null,null,null,null,null,null,null
2021-09-01 04:00:00,null,null,null,null,null,null,null,null
2021-09-01 05:00:00,null,null,null,null,null,null,null,null
2021-09-01 06:00:00,null,null,null,null,null,null,null,null
2021-09-01 07:00:00,null,null,null,null,null,null,null,null
2021-09-01 08:00:00,null,null,null,null,null,null,null,null
2021-09-01 09:00:00,null,null,null,null,null,null,null,null
2021-09-01 10:00:00,null,null,null,null,null,null,null,null
2021-09-01 11:00:00,null,null,null,null,null,null,null,null
2021-09-01 12:00:00,null,null,null,null,null,null,null,null
2021-09-01 13:00:00,null,null,null,null,null,null,null,null
2021-09-01 14:00:00,null,null,null,null,null,null,null,null
2021-09-01 15:00:00,null,null,null,null,null,null,null,null
2021-09-01 16:00:00,null,null,null,null,null,null,null,null
2021-09-01 17:00:00,null,null,null,null,null,null,null,null
2021-09-01 18:00:00,null,null,null,null,null,null,null,null
2021-09-01 19:00:00,null,null,null,null,null,null,null,null
2021-09-01 20:00:00,null,null,null,null,null,null,null,null
2021-09-01 21:00:00,null,null,null,null,null,null,null,null
2021-09-01 22:00:00,null,null,null,null,null,null,null,null
2021-09-01 23:00:00,null,null,null,null,null,null,null,null
2021-09-02 00:00:00,null,null,null,null,null,null,null,null
2021-09-02 01:00:00,null,null,null,null,null,null,null,null
2021-09-02 02:00:00,null,null,null,null,null,null,null,null
2021-09-02 03:00:00,null,null,null,null,null,null,null,null
2021-09-02 04:00:00,null,null,null,null,null,null,null,null
2021-09-02 05:00:00,null,null,null,null,null,null,null,null
2021-09-02 06:00:00,null,null,null,null,null,null,null,null
2021-09-02 07:00:00,null,null,null,null,null,null,null,null
2021-09-02 08:00:00,null,null,null,null,null,null,null,null
2021-09-02 09:00:00,null,null,null,null,null,null,null,null
2021-09-02 10:00:00,null,null,null,null,null,null,null,null
2021-09-02 11:00:00,null,null,null,null,null,null,null,null
2021-09-02 12:00:00,null,null,null,null,null,null,null,null
2021-09-02 13:00:00,null,null,null,null,null,null,null,null
2021-09-02 14:00:00,null,null,null,null,null,null,null,null
2021-09-02 15:00:00,null,null,null,null,null,null,null,null
2021-09-02 16:00:00,null,null,null,null,null,null,null,null
2021-09-02 17:00:00,null,null,null,null,null,null,null,null
2021-09-02 18:00:00,null,null,null,null,null,null,null,null
2021-09-02 19:00:00,null,null,null,null,null,null,null,null
2021-09-02 20:00:00,null,null,null,null,null,null,null,null
2021-09-02 21:00:00,null,null,null,null,null,null,null,null
2021-09-02 22:00:00,null,null,null,null,null,null,null,null
2021-09-02 23:00:00,null,null,null,null,null,null,null,null
2021-09-03 00:00:00,null,null,null,null,null,null,null,null
2021-09-03 01:00:00,null,null,null,null,null,null,null,null
2021-09-03 02:00:00,null,null,null,null,null,null,null,null
2021-09-03 03:00:00,null,null,null,null,null,null,null,null
2021-09-03 04:00:00,null,null,null,null,null,null,null,null
2021-09-03 05:00:00,null,null,null,null,null,null,null,null
2021-09-03 06:00:00,null,null,null,null,null,null,null,null
2021-09-03 07:00:00,null,null,null,null,null,null,null,null
2021-09-03 08:00:00,null,null,null,null,null,null,null,null
2021-09-03 09:00:00,null,null,null,null,null,null,null,null
2021-09-03 10:00:00,null,null,null,null,null,null,null,null
2021-09-03 11:00:00,null,null,null,null,null,null,null,null
2021-09-03 12:00:00,null,null,null,null,null,null,null,null
2021-09-03 13:00:00,null,null,null,null,null,null,null,null
2021-09-03 14:00:00,null,null,null,null,null,null,null,null
2021-09-03 15:00:00,null,null,null,null,null,null,null,null
2021-09-03 16:00:00,null,null,null,null,null,null,null,null
2021-09-03 17:00:00,null,null,null,null,null,null,null,null
2021-09-03 18:00:00,null,null,null,null,null,null,null,null
2021-09-03 19:00:00,null,null,null,null,null,null,null,null
2021-09-03 20:00:00,null,null,null,null,null,null,null,null
2021-09-03 21:00:00,null,null,null,null,null,null,null,null
2021-09-03 22:00:00,null,null,null,null,null,null,null,null
2021-09-03 23:00:00,null,null,null,null,null,null,null,null
2021-09-04 00:00:00,null,null,null,null,null,null,null,null
2021-09-04 01:00:00,null,null,null,null,null,null,null,null
2021-09-04 02:00:00,null,null,null,null,null,null,null,null
2021-09-04 03:00:00,null,null,null,null,null,null,null,null
2021-09-04 04:00:00,null,null,null,null,null,null,null,null
2021-09-04 05:00:00,null,null,null,null,null,null,null,null
2021-09-04 06:00:00,null,null,null,null,null,null,null,null
2021-09-04 07:00:00,null,null,null,null,null,null,null,null
2021-09-04 08:00:00,null,null,null,null,null,null,null,null
2021-09-04 09:00:00,null,null,null,null,null,null,null,null
2021-09-04 10:00:00,null,null,null,null,null,null,null,null
2021-09-04 11:00:00,null,null,null,null,null,null,null,null
2021-09-04 12:00:00,null,null,null,null,null,null,null,null
2021-09-04 13:00:00,null,null,null,null,null,null,null,null
2021-09-04 14:00:00,null,null,null,null,null,null,null,null
2021-09-04 15:00:00,null,null,null,null,null,null,null,null
2021-09-04 16:00:00,null,null,null,null,null,null,null,null
2021-09-04 17:00:00,null,null,null,null,null,null,null,null
2021-09-04 18:00:00,null,null,null,null,null,null,null,null
2021-09-04 19:00:00,null,null,null,null,null,null,null,null
2021-09-04 20:00:00,null,null,null,null,null,null,null,null
2021-09-04 21:00:00,null,null,null,null,null,null,null,null
2021-09-04 22:00:00,null,null,null,null,null,null,null,null
2021-09-04 23:00:00,null,null,null,null,null,null,null,null
2021-09-05 00:00:00,null,null,null,null,null,null,null,null
2021-09-05 01:00:00,null,null,null,null,null,null,null,null
2021-09-05 02:00:00,null,null,null,null,null,null,null,null
2021-09-05 03:00:00,null,null,null,null,null,null,null,null
2021-09-05 04:00:00,null,null,null,null,null,null,null,null
2021-09-05 05:00:00,null,null,null,null,null,null,null,null
2021-09-05 06:00:00,null,null,null,null,null,null,null,null
2021-09-05 07:00:00,null,null,null,null,null,null,null,null
2021-09-05 08:00:00,null,null,null,null,null,null,null,null
2021-09-05 09:00:00,null,null,null,null,null,null,null,null
2021-09-05 10:00:00,null,null,null,null,null,null,null,null
2021-09-05 11:00:00,null,null,null,null,null,null,null,null
2021-09-05 12:00:00,null,null,null,null,null,null,null,null
2021-09-05 13:00:00,null,null,null,null,null,null,null,null
2021-09-05 14:00:00,null,null,null,null,null,null,null,null
2021-09-05 15:00:00,null,null,null,null,null,null,null,null
2021-09-05 16:00:00,null,null,null,null,null,null,null,null
2021-09-05 17:00:00,null,null,null,null,null,null,null,null
2021-09-05 18:00:00,null,null,null,null,null,null,null,null
2021-09-05 19:00:00,null,null,null,null,null,null,null,null
2021-09-05 20:00:00,null,null,null,null,null,null,null,null
2021-09-05 21:00:00,null,null,null,null,null,null,null,null
2021-09-05 22:00:00,null,null,null,null,null,null,null,null
2021-09-05 23:00:00,null,null,null,null,null,null,null,null
2021-09-06 00:00:00,null,null,null,null,null,null,null,null
2021-09-06 01:00:00,null,null,null,null,null,null,null,null
2021-09-06 02:00:00,null,null,null,null,null,null,null,null
2021-09-06 03:00:00,null,null,null,null,null,null,null,null
2021-09-06 04:00:00,null,null,null,null,null,null,null,null
2021-09-06 05:00:00,null,null,null,null,null,null,null,null
2021-09-06 06:00:00,null,null,null,null,null,null,null,null
2021-09-06 07:00:00,null,null,null,null,null,null,null,null
2021-09-06 08:00:00,null,null,null,null,null,null,null,null
2021-09-06 09:00:00,null,null,null,null,null,null,null,null
2021-09-06 10:00:00,null,null,null,null,null,null,null,null
2021-09-06 11:00:00,null,null,null,null,null,null,null,null
2021-09-06 12:00:00,null,null,null,null,null,null,null,null
2021-09-06 13:00:00,null,null,null,null,null,null,null,null
2021-09-06 14:00:00,null,null,null,null,null,null,null,null
2021-09-06 15:00:00,null,null,null,null,null,null,null,null
2021-09-06 16:00:00,null,null,null,null,null,null,null,null
2021-09-06 17:00:00,null,null,null,null,null,null,null,null
2021-09-06 18:00:00,null,null,null,null,null,null,null,null
2021-09-06 19:00:00,null,null,null,null,null,null,null,null
2021-09-06 20:00:00,null,null,null,null,null,null,null,null
2021-09-06 21:00:00,null,null,null,null,null,null,null,null
2021-09-06 22:00:00,null,null,null,null,null,null,null,null
2021-09-06 23:00:00,null,null,null,null,null,null,null,null
2021-09-07 00:00:00,null,null,null,null,null,null,null,null
2021-09-07 01:00:00,null,null,null,null,null,null,null,null
2021-09-07 02:00:00,null,null,null,null,null,null,null,null
2021-09-07 03:00:00,null,null,null,null,null,null,null,null
2021-09-07 04:00:00,null,null,null,null,null,null,null,null
2021-09-07 05:00:00,null,null,null,null,null,null,null,null
2021-09-07 06:00:00,null,null,null,null,null,null,null,null
2021-09-07 07:00:00,null,null,null,null,null,null,null,null
2021-09-07 08:00:00,null,null,null,null,null,null,null,null
2021-09-07 09:00:00,null,null,null,null,null,null,null,null
2021-09-07 10:00:00,null,null,null,null,null,null,null,null
2021-09-07 11:00:00,null,null,null,null,null,null,null,null
2021-09-07 12:00:00,null,null,null,null,null,null,null,null
2021-09-07 13:00:00,null,null,null,null,null,null,null,null
2021-09-07 14:00:00,null,null,null,null,null,null,null,null
2021-09-07 15:00:00,null,null,null,null,null,null,null,null
2021-09-07 16:00:00,null,null,null,null,null,null,null,null
2021-09-07 17:00:00,null,null,null,null,null,null,null,null
2021-09-07 18:00:00,null,null,null,null,null,null,null,null
2021-09-07 19:00:00,null,null,null,null,null,null,null,null
2021-09-07 20:00:00,null,null,null,null,null,null,null,null
2021-09-07 21:00:00,null,null,null,null,null,null,null,null
2021-09-07 22:00:00,null,null,null,null,null,null,null,null
2021-09-07 23:00:00,null,null,null,null,null,null,null,null
2021-09-08 00:00:00,null,null,null,null,null,null,null,null
2021-09-08 01:00:00,null,null,null,null,null,null,null,null
2021-09-08 02:00:00,null,null,null,null,null,null,null,null
2021-09-08 03:00:00,null,null,null,null,null,null,null,null
2021-09-08 04:00:00,null,null,null,null,null,null,null,null
2021-09-08 05:00:00,null,null,null,null,null,null,null,null
2021-09-08 06:00:00,null,null,null,null,null,null,null,null
2021-09-08 07:00:00,null,null,null,null,null,null,null,null
2021-09-08 08:00:00,null,null,null,null,null,null,null,null
2021-09-08 09:00:00,null,null,null,null,null,null,null,null
2021-09-08 10:00:00,null,null,null,null,null,null,null,null
2021-09-08 11:00:00,null,null,null,null,null,null,null,null
2021-09-08 12:00:00,null,null,null,null,null,null,null,null
2021-09-08 13:00:00,null,null,null,null,null,null,null,null
2021-09-08 14:00:00,null,null,null,null,null,null,null,null
2021-09-08 15:00:00,null,null,null,null,null,null,null,null
2021-09-08 16:00:00,null,null,null,null,null,null,null,null
2021-09-08 17:00:00,null,null,null,null,null,null,null,null
2021-09-08 18:00:00,null,null,null,null,null,null,null,null
2021-09-08 19:00:00,null,null,null,null,null,null,null,null
2021-09-08 20:00:00,null,null,null,null,null,null,null,null
2021-09-08 21:00:00,null,null,null,null,null,null,null,null
2021-09-08 22:00:00,null,null,null,null,null,null,null,null
2021-09-08 23:00:00,null,null,null,null,null,null,null,null
2021-09-09 00:00:00,null,null,null,null,null,null,null,null
2021-09-09 01:00:00,null,null,null,null,null,null,null,null
2021-09-09 02:00:00,null,null,null,null,null,null,null,null
2021-09-09 03:00:00,null,null,null,null,null,null,null,null
2021-09-09 04:00:00,null,null,null,null,null,null,null,null
2021-09-09 05:00:00,null,null,null,null,null,null,null,null
2021-09-09 06:00:00,null,null,null,null,null,null,null,null
2021-09-09 07:00:00,null,null,null,null,null,null,null,null
2021-09-09 08:00:00,null,null,null,null,null,null,null,null
2021-09-09 09:00:00,null,null,null,null,null,null,null,null
2021-09-09 10:00:00,null,null,null,null,null,null,null,null
2021-09-09 11:00:00,null,null,null,null,null,null,null,null
2021-09-09 12:00:00,null,null,null,null,null,null,null,null
2021-09-09 13:00:00,null,null,null,null,null,null,null,null
2021-09-09 14:00:00,null,null,null,null,null,null,null,null
2021-09-09 15:00:00,null,null,null,null,null,null,null,null
2021-09-09 16:00:00,null,null,null,null,null,null,null,null
2021-09-09 17:00:00,null,null,null,null,null,null,null,null
2021-09-09 18:00:00,null,null,null,null,null,null,null,null
2021-09-09 19:00:00,null,null,null,null,null,null,null,null
2021-09-09 20:00:00,null,null,null,null,null,null,null,null
2021-09-09 21:00:00,null,null,null,null,null,null,null,null
2021-09-09 22:00:00,null,null,null,null,null,null,null,null
2021-09-09 23:00:00,null,null,null,null,null,null,null,null
2021-09-10 00:00:00,null,null,null,null,null,null,null,null
2021-09-10 01:00:00,null,null,null,null,null,null,null,null
2021-09-10 02:00:00,null,null,null,null,null,null,null,null
2021-09-10 03:00:00,null,null,null,null,null,null,null,null
2021-09-10 04:00:00,null,null,null,null,null,null,null,null
2021-09-10 05:00:00,null,null,null,null,null,null,null,null
2021-09-10 06:00:00,null,null,null,null,null,null,null,null
2021-09-10 07:00:00,null,null,null,null,null,null,null,null
2021-09-10 08:00:00,null,null,null,null,null,null,null,null
2021-09-10 09:00:00,null,null,null,null,null,null,null,null
2021-09-10 10:00:00,null,null,null,null,null,null,null,null
2021-09-10 11:00:00,null,null,null,null,null,null,null,null
2021-09-10 12:00:00,null,null,null,null,null,null,null,null
2021-09-10 13:00:00,null,null,null,null,null,null,null,null
2021-09-10 14:00:00,null,null,null,null,null,null,null,null
2021-09-10 15:00:00,null,null,null,null,null,null,null,null
2021-09-10 16:00:00,null,null,null,null,null,null,null,null
2021-09-10 17:00:00,null,null,null,null,null,null,null,null
2021-09-10 18:00:00,null,null,null,null,null,null,null,null
2021-09-10 19:00:00,null,null,null,null,null,null,null,null
2021-09-10 20:00:00,null,null,null,null,null,null,null,null
2021-09-10 21:00:00,null,null,null,null,null,null,null,null
2021-09-10 22:00:00,null,null,null,null,null,null,null,null
2021-09-10 23:00:00,null,null,null,null,null,null,null,null
2021-09-11 00:00:00,null,null,null,null,null,null,null,null
2021-09-11 01:00:00,null,null,null,null,null,null,null,null
2021-09-11 02:00:00,null,null,null,null,null,null,null,null
2021-09-11 03:00:00,null,null,null,null,null,null,null,null
2021-09-11 04:00:00,null,null,null,null,null,null,null,null
2021-09-11 05:00:00,null,null,null,null,null,null,null,null
2021-09-11 06:00:00,null,null,null,null,null,null,null,null
2021-09-11 07:00:00,null,null,null,null,null,null,null,null
2021-09-11 08:00:00,null,null,null,null,null,null,null,null
2021-09-11 09:00:00,null,null,null,null,null,null,null,null
2021-09-11 10:00:00,null,null,null,null,null,null,null,null
2021-09-11 11:00:00,null,null,null,null,null,null,null,null
2021-09-11 12:00:00,null,null,null,null,null,null,null,null
2021-09-11 13:00:00,null,null,null,null,null,null,null,null
2021-09-11 14:00:00,null,null,null,null,null,null,null,null
2021-09-11 15:00:00,null,null,null,null,null,null,null,null
2021-09-11 16:00:00,null,null,null,null,null,null,null,null
2021-09-11 17:00:00,null,null,null,null,null,null,null,null
2021-09-11 18:00:00,null,null,null,null,null,null,null,null
2021-09-11 19:00:00,null,null,null,null,null,null,null,null
2021-09-11 20:00:00,null,null,null,null,null,null,null,null
2021-09-11 21:00:00,null,null,null,null,null,null,null,null
2021-09-11 22:00:00,null,null,null,null,null,null,null,null
2021-09-11 23:00:00,null,null,null,null,null,null,null,null
2021-09-12 00:00:00,null,null,null,null,null,null,null,null
2021-09-12 01:00:00,null,null,null,null,null,null,null,null
2021-09-12 02:00:00,null,null,null,null,null,null,null,null
2021-09-12 03:00:00,null,null,null,null,null,null,null,null
2021-09-12 04:00:00,null,null,null,null,null,null,null,null
2021-09-12 05:00:00,null,null,null,null,null,null,null,null
2021-09-12 06:00:00,null,null,null,null,null,null,null,null
2021-09-12 07:00:00,null,null,null,null,null,null,null,null
2021-09-12 08:00:00,null,null,null,null,null,null,null,null
2021-09-12 09:00:00,null,null,null,null,null,null,null,null
2021-09-12 10:00:00,null,null,null,null,null,null,null,null
2021-09-12 11:00:00,null,null,null,null,null,null,null,null
2021-09-12 12:00:00,null,null,null,null,null,null,null,null
2021-09-12 13:00:00,null,null,null,null,null,null,null,null
2021-09-12 14:00:00,null,null,null,null,null,null,null,null
2021-09-12 15:00:00,null,null,null,null,null,null,null,null
2021-09-12 16:00:00,null,null,null,null,null,null,null,null
2021-09-12 17:00:00,null,null,null,null,null,null,null,null
2021-09-12 18:00:00,null,null,null,null,null,null,null,null
2021-09-12 19:00:00,null,null,null,null,null,null,null,null
2021-09-12 20:00:00,null,null,null,null,null,null,null,null
2021-09-12 21:00:00,null,null,null,null,null,null,null,null
2021-09-12 22:00:00,null,null,null,null,null,null,null,null
2021-09-12 23:00:00,null,null,null,null,null,null,null,null
2021-09-13 00:00:00,null,null,null,null,null,null,null,null
2021-09-13 01:00:00,null,null,null,null,null,null,null,null
2021-09-13 02:00:00,null,null,null,null,null,null,null,null
2021-09-13 03:00:00,null,null,null,null,null,null,null,null
2021-09-13 04:00:00,null,null,null,null,null,null,null,null
2021-09-13 05:00:00,null,null,null,null,null,null,null,null
2021-09-13 06:00:00,null,null,null,null,null,null,null,null
2021-09-13 07:00:00,null,null,null,null,null,null,null,null
2021-09-13 08:00:00,null,null,null,null,null,null,null,null
2021-09-13 09:00:00,null,null,null,null,null,null,null,null
2021-09-13 10:00:00,null,null,null,null,null,null,null,null
2021-09-13 11:00:00,null,null,null,null,null,null,null,null
2021-09-13 12:00:00,null,null,null,null,null,null,null,null
2021-09-13 13:00:00,null,null,null,null,null,null,null,null
2021-09-13 14:00:00,null,null,null,null,null,null,null,null
2021-09-13 15:00:00,null,null,null,null,null,null,null,null
2021-09-13 16:00:00,null,null,null,null,null,null,null,null
2021-09-13 17:00:00,null,null,null,null,null,null,null,null
2021-09-13 18:00:00,null,null,null,null,null,null,null,null
2021-09-13 19:00:00,null,null,null,null,null,null,null,null
2021-09-13 20:00:00,null,null,null,null,null,null,null,null
2021-09-13 21:00:00,null,null,null,null,null,null,null,null
2021-09-13 22:00:00,null,null,null,null,null,null,null,null
2021-09-13 23:00:00,null,null,null,null,null,null,null,null
2021-09-14 00:00:00,null,null,null,null,null,null,null,null
2021-09-14 01:00:00,null,null,null,null,null,null,null,null
2021-09-14 02:00:00,null,null,null,null,null,null,null,null
2021-09-14 03:00:00,null,null,null,null,null,null,null,null
2021-09-14 04:00:00,null,null,null,null,null,null,null,null
2021-09-14 05:00:00,null,null,null,null,null,null,null,null
2021-09-14 06:00:00,null,null,null,null,null,null,null,null
2021-09-14 07:00:00,null,null,null,null,null,null,null,null
2021-09-14 08:00:00,null,null,null,null,null,null,null,null
2021-09-14 09:00:00,null,null,null,null,null,null,null,null
2021-09-14 10:00:00,null,null,null,null,null,null,null,null
2021-09-14 11:00:00,null,null,null,null,null,null,null,null
2021-09-14 12:00:00,null,null,null,null,null,null,null,null
2021-09-14 13:00:00,null,null,null,null,null,null,null,null
2021-09-14 14:00:00,null,null,null,null,null,null,null,null
2021-09-14 15:00:00,null,null,null,null,null,null,null,null
2021-09-14 16:00:00,null,null,null,null,null,null,null,null
2021-09-14 17:00:00,null,null,null,null,null,null,null,null
2021-09-14 18:00:00,null,null,null,null,null,null,null,null
2021-09-14 19:00:00,null,null,null,null,null,null,null,null
2021-09-14 20:00:00,null,null,null,null,null,null,null,null
2021-09-14 21:00:00,null,null,null,null,null,null,null,null
2021-09-14 22:00:00,null,null,null,null,null,null,null,null
2021-09-14 23:00:00,null,null,null,null,null,null,null,null
2021-09-15 00:00:00,null,null,null,null,null,null,null,null
2021-09-15 01:00:00,null,null,null,null,null,null,null,null
2021-09-15 02:00:00,null,null,null,null,null,null,null,null
2021-09-15 03:00:00,null,null,null,null,null,null,null,null
2021-09-15 04:00:00,null,null,null,null,null,null,null,null
2021-09-15 05:00:00,null,null,null,null,null,null,null,null
2021-09-15 06:00:00,null,null,null,null,null,null,null,null
2021-09-15 07:00:00,null,null,null,null,null,null,null,null
2021-09-15 08:00:00,null,null,null,null,null,null,null,null
2021-09-15 09:00:00,null,null,null,null,null,null,null,null
2021-09-15 10:00:00,null,null,null,null,null,null,null,null
2021-09-15 11:00:00,null,null,null,null,null,null,null,null
2021-09-15 12:00:00,null,null,null,null,null,null,null,null
2021-09-15 13:00:00,null,null,null,null,null,null,null,null
2021-09-15 14:00:00,null,null,null,null,null,null,null,null
2021-09-15 15:00:00,null,null,null,null,null,null,null,null
2021-09-15 16:00:00,null,null,null,null,null,null,null,null
2021-09-15 17:00:00,null,null,null,null,null,null,null,null
2021-09-15 18:00:00,null,null,null,null,null,null,null,null
2021-09-15 19:00:00,null,null,null,null,null,null,null,null
2021-09-15 20:00:00,null,null,null,null,null,null,null,null
2021-09-15 21:00:00,null,null,null,null,null,null,null,null
2021-09-15 22:00:00,null,null,null,null,null,null,null,null
2021-09-15 23:00:00,null,null,null,null,null,null,null,null
2021-09-16 00:00:00,null,null,null,null,null,null,null,null
2021-09-16 01:00:00,null,null,null,null,null,null,null,null
2021-09-16 02:00:00,null,null,null,null,null,null,null,null
2021-09-16 03:00:00,null,null,null,null,null,null,null,null
2021-09-16 04:00:00,null,null,null,null,null,null,null,null
2021-09-16 05:00:00,null,null,null,null,null,null,null,null
2021-09-16 06:00:00,null,null,null,null,null,null,null,null
2021-09-16 07:00:00,null,null,null,null,null,null,null,null
2021-09-16 08:00:00,null,null,null,null,null,null,null,null
2021-09-16 09:00:00,null,null,null,null,null,null,null,null
2021-09-16 10:00:00,null,null,null,null,null,null,null,null
2021-09-16 11:00:00,null,null,null,null,null,null,null,null
2021-09-16 12:00:00,null,null,null,null,null,null,null,null
2021-09-16 13:00:00,null,null,null,null,null,null,null,null
2021-09-16 14:00:00,null,null,null,null,null,null,null,null
2021-09-16 15:00:00,null,null,null,null,null,null,null,null
2021-09-16 16:00:00,null,null,null,null,null,null,null,null
2021-09-16 17:00:00,null,null,null,null,null,null,null,null
2021-09-16 18:00:00,null,null,null,null,null,null,null,null
2021-09-16 19:00:00,null,null,null,null,null,null,null,null
2021-09-16 20:00:00,null,null,null,null,null,null,null,null
2021-09-16 21:00:00,null,null,null,null,null,null,null,null
2021-09-16 22:00:00,null,null,null,null,null,null,null,null
2021-09-16 23:00:00,null,null,null,null,null,null,null,null
2021-09-17 00:00:00,null,null,null,null,null,null,null,null
2021-09-17 01:00:00,null,null,null,null,null,null,null,null
2021-09-17 02:00:00,null,null,null,null,null,null,null,null
2021-09-17 03:00:00,null,null,null,null,null,null,null,null
2021-09-17 04:00:00,null,null,null,null,null,null,null,null
2021-09-17 05:00:00,null,null,null,null,null,null,null,null
2021-09-17 06:00:00,null,null,null,null,null,null,null,null
2021-09-17 07:00:00,null,null,null,null,null,null,null,null
2021-09-17 08:00:00,null,null,null,null,null,null,null,null
2021-09-17 09:00:00,null,null,null,null,null,null,null,null
2021-09-17 10:00:00,null,null,null,null,null,null,null,null
2021-09-17 11:00:00,null,null,null,null,null,null,null,null
2021-09-17 12:00:00,null,null,null,null,null,null,null,null
2021-09-17 13:00:00,null,null,null,null,null,null,null,null
2021-09-17 14:00:00,null,null,null,null,null,null,null,null
2021-09-17 15:00:00,null,null,null,null,null,null,null,null
2021-09-17 16:00:00,null,null,null,null,null,null,null,null
2021-09-17 17:00:00,null,null,null,null,null,null,null,null
2021-09-17 18:00:00,null,null,null,null,null,null,null,null
2021-09-17 19:00:00,null,null,null,null,null,null,null,null
2021-09-17 20:00:00,null,null,null,null,null,null,null,null
2021-09-17 21:00:00,null,null,null,null,null,null,null,null
2021-09-17 22:00:00,null,null,null,null,null,null,null,null
2021-09-17 23:00:00,null,null,null,null,null,null,null,null
2021-09-18 00:00:00,null,null,null,null,null,null,null,null
2021-09-18 01:00:00,null,null,null,null,null,null,null,null
2021-09-18 02:00:00,null,null,null,null,null,null,null,null
2021-09-18 03:00:00,null,null,null,null,null,null,null,null
2021-09-18 04:00:00,null,null,null,null,null,null,null,null
2021-09-18 05:00:00,null,null,null,null,null,null,null,null
2021-09-18 06:00:00,null,null,null,null,null,null,null,null
2021-09-18 07:00:00,null,null,null,null,null,null,null,null
2021-09-18 08:00:00,null,null,null,null,null,null,null,null
2021-09-18 09:00:00,null,null,null,null,null,null,null,null
2021-09-18 10:00:00,null,null,null,null,null,null,null,null
2021-09-18 11:00:00,null,null,null,null,null,null,null,null
2021-09-18 12:00:00,null,null,null,null,null,null,null,null
2021-09-18 13:00:00,null,null,null,null,null,null,null,null
2021-09-18 14:00:00,null,null,null,null,null,null,null,null
2021-09-18 15:00:00,null,null,null,null,null,null,null,null
2021-09-18 16:00:00,null,null,null,null,null,null,null,null
2021-09-18 17:00:00,null,null,null,null,null,null,null,null
2021-09-18 18:00:00,null,null,null,null,null,null,null,null
2021-09-18 19:00:00,null,null,null,null,null,null,null,null
2021-09-18 20:00:00,null,null,null,null,null,null,null,null
2021-09-18 21:00:00,null,null,null,null,null,null,null,null
2021-09-18 22:00:00,null,null,null,null,null,null,null,null
2021-09-18 23:00:00,null,null,null,null,null,null,null,null
2021-09-19 00:00:00,null,null,null,null,null,null,null,null
2021-09-19 01:00:00,null,null,null,null,null,null,null,null
2021-09-19 02:00:00,null,null,null,null,null,null,null,null
2021-09-19 03:00:00,null,null,null,null,null,null,null,null
2021-09-19 04:00:00,null,null,null,null,null,null,null,null
2021-09-19 05:00:00,null,null,null,null,null,null,null,null
2021-09-19 06:00:00,null,null,null,null,null,null,null,null
2021-09-19 07:00:00,null,null,null,null,null,null,null,null
2021-09-19 08:00:00,null,null,null,null,null,null,null,null
2021-09-19 09:00:00,null,null,null,null,null,null,null,null
2021-09-19 10:00:00,null,null,null,null,null,null,null,null
2021-09-19 11:00:00,null,null,null,null,null,null,null,null
2021-09-19 12:00:00,null,null,null,null,null,null,null,null
2021-09-19 13:00:00,null,null,null,null,null,null,null,null
2021-09-19 14:00:00,null,null,null,null,null,null,null,null
2021-09-19 15:00:00,null,null,null,null,null,null,null,null
2021-09-19 16:00:00,null,null,null,null,null,null,null,null
2021-09-19 17:00:00,null,null,null,null,null,null,null,null
2021-09-19 18:00:00,null,null,null,null,null,null,null,null
2021-09-19 19:00:00,null,null,null,null,null,null,null,null
2021-09-19 20:00:00,null,null,null,null,null,null,null,null
2021-09-19 21:00:00,null,null,null,null,null,null,null,null
2021-09-19 22:00:00,null,null,null,null,null,null,null,null
2021-09-19 23:00:00,null,null,null,null,null,null,null,null
2021-09-20 00:00:00,null,null,null,null,null,null,null,null
2021-09-20 01:00:00,null,null,null,null,null,null,null,null
2021-09-20 02:00:00,null,null,null,null,null,null,null,null
2021-09-20 03:00:00,null,null,null,null,null,null,null,null
2021-09-20 04:00:00,null,null,null,null,null,null,null,null
2021-09-20 05:00:00,null,null,null,null,null,null,null,null
2021-09-20 06:00:00,null,null,null,null,null,null,null,null
2021-09-20 07:00:00,null,null,null,null,null,null,null,null
2021-09-20 08:00:00,null,null,null,null,null,null,null,null
2021-09-20 09:00:00,null,null,null,null,null,null,null,null
2021-09-20 10:00:00,null,null,null,null,null,null,null,null
2021-09-20 11:00:00,null,null,null,null,null,null,null,null
2021-09-20 12:00:00,null,null,null,null,null,null,null,null
2021-09-20 13:00:00,null,null,null,null,null,null,null,null
2021-09-20 14:00:00,null,null,null,null,null,null,null,null
2021-09-20 15:00:00,null,null,null,null,null,null,null,null
2021-09-20 16:00:00,null,null,null,null,null,null,null,null
2021-09-20 17:00:00,null,null,null,null,null,null,null,null
2021-09-20 18:00:00,null,null,null,null,null,null,null,null
2021-09-20 19:00:00,null,null,null,null,null,null,null,null
2021-09-20 20:00:00,null,null,null,null,null,null,null,null
2021-09-20 21:00:00,null,null,null,null,null,null,null,null
2021-09-20 22:00:00,null,null,null,null,null,null,null,null
2021-09-20 23:00:00,null,null,null,null,null,null,null,null
2021-09-21 00:00:00,null,null,null,null,null,null,null,null
2021-09-21 01:00:00,null,null,null,null,null,null,null,null
2021-09-21 02:00:00,null,null,null,null,null,null,null,null
2021-09-21 03:00:00,null,null,null,null,null,null,null,null
2021-09-21 04:00:00,null,null,null,null,null,null,null,null
2021-09-21 05:00:00,null,null,null,null,null,null,null,null
2021-09-21 06:00:00,null,null,null,null,null,null,null,null
2021-09-21 07:00:00,null,null,null,null,null,null,null,null
2021-09-21 08:00:00,null,null,null,null,null,null,null,null
2021-09-21 09:00:00,null,null,null,null,null,null,null,null
2021-09-21 10:00:00,null,null,null,null,null,null,null,null
2021-09-21 11:00:00,null,null,null,null,null,null,null,null
2021-09-21 12:00:00,null,null,null,null,null,null,null,null
2021-09-21 13:00:00,null,null,null,null,null,null,null,null
2021-09-21 14:00:00,null,null,null,null,null,null,null,null
2021-09-21 15:00:00,null,null,null,null,null,null,null,null
2021-09-21 16:00:00,null,null,null,null,null,null,null,null
2021-09-21 17:00:00,null,null,null,null,null,null,null,null
2021-09-21 18:00:00,null,null,null,null,null,null,null,null
2021-09-21 19:00:00,null,null,null,null,null,null,null,null
2021-09-21 20:00:00,null,null,null,null,null,null,null,null
2021-09-21 21:00:00,null,null,null,null,null,null,null,null
2021-09-21 22:00:00,null,null,null,null,null,null,null,null
2021-09-21 23:00:00,null,null,null,null,null,null,null,null
2021-09-22 00:00:00,null,null,null,null,null,null,null,null
2021-09-22 01:00:00,null,null,null,null,null,null,null,null
2021-09-22 02:00:00,null,null,null,null,null,null,null,null
2021-09-22 03:00:00,null,null,null,null,null,null,null,null
2021-09-22 04:00:00,null,null,null,null,null,null,null,null
2021-09-22 05:00:00,null,null,null,null,null,null,null,null
2021-09-22 06:00:00,null,null,null,null,null,null,null,null
2021-09-22 07:00:00,null,null,null,null,null,null,null,null
2021-09-22 08:00:00,null,null,null,null,null,null,null,null
2021-09-22 09:00:00,null,null,null,null,null,null,null,null
2021-09-22 10:00:00,null,null,null,null,null,null,null,null
2021-09-22 11:00:00,null,null,null,null,null,null,null,null
2021-09-22 12:00:00,null,null,null,null,null,null,null,null
2021-09-22 13:00:00,null,null,null,null,null,null,null,null
2021-09-22 14:00:00,null,null,null,null,null,null,null,null
2021-09-22 15:00:00,null,null,null,null,null,null,null,null
2021-09-22 16:00:00,null,null,null,null,null,null,null,null
2021-09-22 17:00:00,null,null,null,null,null,null,null,null
2021-09-22 18:00:00,null,null,null,null,null,null,null,null
2021-09-22 19:00:00,null,null,null,null,null,null,null,null
2021-09-22 20:00:00,null,null,null,null,null,null,null,null
2021-09-22 21:00:00,null,null,null,null,null,null,null,null
2021-09-22 22:00:00,null,null,null,null,null,null,null,null
2021-09-22 23:00:00,null,null,null,null,null,null,null,null
2021-09-23 00:00:00,null,null,null,null,null,null,null,null
2021-09-23 01:00:00,null,null,null,null,null,null,null,null
2021-09-23 02:00:00,null,null,null,null,null,null,null,null
2021-09-23 03:00:00,null,null,null,null,null,null,null,null
2021-09-23 04:00:00,null,null,null,null,null,null,null,null
2021-09-23 05:00:00,null,null,null,null,null,null,null,null
2021-09-23 06:00:00,null,null,null,null,null,null,null,null
2021-09-23 07:00:00,null,null,null,null,null,null,null,null
2021-09-23 08:00:00,null,null,null,null,null,null,null,null
2021-09-23 09:00:00,null,null,null,null,null,null,null,null
2021-09-23 10:00:00,null,null,null,null,null,null,null,null
2021-09-23 11:00:00,null,null,null,null,null,null,null,null
2021-09-23 12:00:00,null,null,null,null,null,null,null,null
2021-09-23 13:00:00,null,null,null,null,null,null,null,null
2021-09-23 14:00:00,null,null,null,null,null,null,null,null
2021-09-23 15:00:00,null,null,null,null,null,null,null,null
2021-09-23 16:00:00,null,null,null,null,null,null,null,null
2021-09-23 17:00:00,null,null,null,null,null,null,null,null
2021-09-23 18:00:00,null,null,null,null,null,null,null,null
2021-09-23 19:00:00,null,null,null,null,null,null,null,null
2021-09-23 20:00:00,null,null,null,null,null,null,null,null
2021-09-23 21:00:00,null,null,null,null,null,null,null,null
2021-09-23 22:00:00,null,null,null,null,null,null,null,null
2021-09-23 23:00:00,null,null,null,null,null,null,null,null
2021-09-24 00:00:00,null,null,null,null,null,null,null,null
2021-09-24 01:00:00,null,null,null,null,null,null,null,null
2021-09-24 02:00:00,null,null,null,null,null,null,null,null
2021-09-24 03:00:00,null,null,null,null,null,null,null,null
2021-09-24 04:00:00,null,null,null,null,null,null,null,null
2021-09-24 05:00:00,null,null,null,null,null,null,null,null
2021-09-24 06:00:00,null,null,null,null,null,null,null,null
2021-09-24 07:00:00,null,null,null,null,null,null,null,null
2021-09-24 08:00:00,null,null,null,null,null,null,null,null
2021-09-24 09:00:00,null,null,null,null,null,null,null,null
2021-09-24 10:00:00,null,null,null,null,null,null,null,null
2021-09-24 11:00:00,null,null,null,null,null,null,null,null
2021-09-24 12:00:00,null,null,null,null,null,null,null,null
2021-09-24 13:00:00,null,null,null,null,null,null,null,null
2021-09-24 14:00:00,null,null,null,null,null,null,null,null
2021-09-24 15:00:00,null,null,null,null,null,null,null,null
2021-09-24 16:00:00,null,null,null,null,null,null,null,null
2021-09-24 17:00:00,null,null,null,null,null,null,null,null
2021-09-24 18:00:00,null,null,null,null,null,null,null,null
2021-09-24 19:00:00,null,null,null,null,null,null,null,null
2021-09-24 20:00:00,null,null,null,null,null,null,null,null
2021-09-24 21:00:00,null,null,null,null,null,null,null,null
2021-09-24 22:00:00,null,null,null,null,null,null,null,null
2021-09-24 23:00:00,null,null,null,null,null,null,null,null
2021-09-25 00:00:00,null,null,null,null,null,null,null,null
2021-09-25 01:00:00,null,null,null,null,null,null,null,null
2021-09-25 02:00:00,null,null,null,null,null,null,null,null
2021-09-25 03:00:00,null,null,null,null,null,null,null,null
2021-09-25 04:00:00,null,null,null,null,null,null,null,null
2021-09-25 05:00:00,null,null,null,null,null,null,null,null
2021-09-25 06:00:00,null,null,null,null,null,null,null,null
2021-09-25 07:00:00,null,null,null,null,null,null,null,null
2021-09-25 08:00:00,null,null,null,null,null,null,null,null
2021-09-25 09:00:00,null,null,null,null,null,null,null,null
2021-09-25 10:00:00,null,null,null,null,null,null,null,null
2021-09-25 11:00:00,null,null,null,null,null,null,null,null
2021-09-25 12:00:00,null,null,null,null,null,null,null,null
2021-09-25 13:00:00,null,null,null,null,null,null,null,null
2021-09-25 14:00:00,null,null,null,null,null,null,null,null
2021-09-25 15:00:00,null,null,null,null,null,null,null,null
2021-09-25 16:00:00,null,null,null,null,null,null,null,null
2021-09-25 17:00:00,null,null,null,null,null,null,null,null
2021-09-25 18:00:00,null,null,null,null,null,null,null,null
2021-09-25 19:00:00,null,null,null,null,null,null,null,null
2021-09-25 20:00:00,null,null,null,null,null,null,null,null
2021-09-25 21:00:00,null,null,null,null,null,null,null,null
2021-09-25 22:00:00,null,null,null,null,null,null,null,null
2021-09-25 23:00:00,null,null,null,null,null,null,null,null
2021-09-26 00:00:00,null,null,null,null,null,null,null,null
2021-09-26 01:00:00,null,null,null,null,null,null,null,null
2021-09-26 02:00:00,null,null,null,null,null,null,null,null
2021-09-26 03:00:00,null,null,null,null,null,null,null,null
2021-09-26 04:00:00,null,null,null,null,null,null,null,null
2021-09-26 05:00:00,null,null,null,null,null,null,null,null
2021-09-26 06:00:00,null,null,null,null,null,null,null,null
2021-09-26 07:00:00,null,null,null,null,null,null,null,null
2021-09-26 08:00:00,null,null,null,null,null,null,null,null
2021-09-26 09:00:00,null,null,null,null,null,null,null,null
2021-09-26 10:00:00,null,null,null,null,null,null,null,null
2021-09-26 11:00:00,null,null,null,null,null,null,null,null
2021-09-26 12:00:00,null,null,null,null,null,null,null,null
2021-09-26 13:00:00,null,null,null,null,null,null,null,null
2021-09-26 14:00:00,null,null,null,null,null,null,null,null
2021-09-26 15:00:00,null,null,null,null,null,null,null,null
2021-09-26 16:00:00,null,null,null,null,null,null,null,null
2021-09-26 17:00:00,null,null,null,null,null,null,null,null
2021-09-26 18:00:00,null,null,null,null,null,null,null,null
2021-09-26 19:00:00,null,null,null,null,null,null,null,null
2021-09-26 20:00:00,null,null,null,null,null,null,null,null
2021-09-26 21:00:00,null,null,null,null,null,null,null,null
2021-09-26 22:00:00,null,null,null,null,null,null,null,null
2021-09-26 23:00:00,null,null,null,null,null,null,null,null
2021-09-27 00:00:00,null,null,null,null,null,null,null,null
2021-09-27 01:00:00,null,null,null,null,null,null,null,null
2021-09-27 02:00:00,null,null,null,-16.5,null,null,1011.369,null
2021-09-27 03:00:00,-37.49,2.525,-17.15,-17.14,48.3,0.0,1011.114,0.485
2021-09-27 04:00:00,-37.31,2.679,-17.18,-17.14,65.4,0.0,1010.977,0.485
2021-09-27 05:00:00,-37.45,2.523,-17.19,-16.97,74.9,0.0,1011.106,0.485
2021-09-27 06:00:00,-37.59,2.355,-17.19,-17.05,77.5,0.0,1011.446,1.265
2021-09-27 07:00:00,-37.47,2.543,-17.09,-16.33,93.1,0.0,1011.631,54.446
2021-09-27 08:00:00,-37.91,2.115,-17.0,-16.33,106.5,0.0,1012.032,275.622
2021-09-27 09:00:00,-38.41,1.58,-17.01,-16.22,110.7,0.0,1012.651,498.253
2021-09-27 10:00:00,-38.28,1.735,-17.08,-16.39,121.8,0.0,1012.802,675.917
2021-09-27 11:00:00,-37.9,2.061,-17.11,-16.82,132.0,0.0,1012.617,822.622
2021-09-27 12:00:00,-37.3,2.663,-17.1,-16.96,160.0,0.0,1012.172,875.468
2021-09-27 13:00:00,-38.35,1.668,-17.08,-16.5,185.3,0.0,1011.23,861.013
2021-09-27 14:00:00,-38.34,1.645,-16.97,-16.2,230.5,0.0,1010.511,806.557
2021-09-27 15:00:00,-38.24,1.706,-17.01,-16.24,241.7,0.0,1009.772,713.992
2021-09-27 16:00:00,-38.49,1.5,-16.95,-16.15,234.8,0.0,1009.358,528.768
2021-09-27 17:00:00,-38.44,1.562,-17.06,-16.32,248.9,0.0,1009.357,308.53
2021-09-27 18:00:00,-37.27,2.774,-17.1,-16.41,255.2,0.0,1009.546,81.684
2021-09-27 19:00:00,-35.77,4.15,-17.13,-16.49,239.2,0.0,1009.765,1.283
2021-09-27 20:00:00,-36.49,3.509,-17.14,-16.69,228.6,0.0,1010.282,0.516
2021-09-27 21:00:00,-37.05,2.877,-17.14,-17.14,192.7,0.0,1010.773,0.485
2021-09-27 22:00:00,-37.27,2.783,-17.14,-17.09,139.6,0.0,1010.948,0.485
2021-09-27 23:00:00,-36.86,3.14,-17.16,-16.26,95.3,0.0,1010.905,0.485
2021-09-28 00:00:00,-37.13,2.91,-17.16,-16.5,95.6,0.0,1010.934,0.485
2021-09-28 01:00:00,-36.99,2.988,-17.14,-16.48,93.3,0.0,1010.617,0.485
2021-09-28 02:00:00,-36.67,3.352,-17.15,-16.43,90.7,0.0,1010.283,0.485
2021-09-28 03:00:00,-36.9,3.194,-17.18,-16.99,90.8,0.0,1009.776,0.485
2021-09-28 04:00:00,-36.4,3.523,-17.18,-16.9,87.2,0.0,1009.403,0.485
2021-09-28 05:00:00,-36.29,3.624,-17.18,-16.58,92.2,0.0,1009.429,0.485
2021-09-28 06:00:00,-36.23,3.678,-17.19,-16.97,77.1,0.0,1009.608,1.032
2021-09-28 07:00:00,-36.83,3.236,-17.14,-16.37,82.1,0.0,1009.802,40.626
2021-09-28 08:00:00,-37.43,2.562,-17.08,-16.69,106.4,0.0,1010.146,270.262
2021-09-28 09:00:00,-37.84,2.133,-17.09,-16.24,119.3,0.0,1010.666,498.52
2021-09-28 10:00:00,-37.81,2.148,-17.09,-16.56,145.0,0.0,1011.027,681.823
2021-09-28 11:00:00,-37.03,2.97,-17.1,-16.41,164.9,0.0,1010.917,802.665
2021-09-28 12:00:00,-37.7,2.237,-17.06,-16.28,194.1,0.0,1010.44,883.843
2021-09-28 13:00:00,-37.56,2.425,-16.95,-16.13,222.9,0.0,1009.57,894.033
2021-09-28 14:00:00,-38.16,1.788,-16.88,-16.18,231.3,0.0,1008.632,834.012
2021-09-28 15:00:00,-38.39,1.57,-16.87,-16.18,239.3,0.0,1007.938,698.055
2021-09-28 16:00:00,-37.91,2.044,-16.94,-16.18,246.0,0.0,1007.487,540.892
2021-09-28 17:00:00,-38.32,1.679,-17.0,-16.11,247.7,0.0,1007.393,316.434
2021-09-28 18:00:00,-35.71,4.412,-17.09,-16.28,254.1,0.0,1007.776,39.343
2021-09-28 19:00:00,-35.11,4.726,-17.13,-16.3,258.9,0.0,1008.09,1.067
2021-09-28 20:00:00,-35.49,4.514,-17.1,-16.39,243.9,0.0,1008.676,0.493
2021-09-28 21:00:00,-35.9,4.189,-17.14,-16.54,235.3,0.0,1009.408,0.485
2021-09-28 22:00:00,-36.0,3.972,-17.15,-16.41,175.4,0.0,1010.026,0.485
2021-09-28 23:00:00,-36.22,3.749,-17.09,-16.28,97.9,0.0,1010.151,0.485
2021-09-29 00:00:00,-35.16,4.971,-17.04,-16.16,109.3,0.0,1010.061,0.485
2021-09-29 01:00:00,-35.23,4.905,-17.09,-16.24,121.8,0.0,1009.804,0.485
2021-09-29 02:00:00,-34.71,5.285,-17.1,-16.22,98.3,0.0,1009.484,0.485
2021-09-29 03:00:00,-33.67,6.285,-17.18,-16.35,73.9,0.0,1008.938,0.485
2021-09-29 04:00:00,-34.27,5.678,-17.19,-16.82,82.5,0.0,1008.633,0.485
2021-09-29 05:00:00,-34.77,5.445,-17.19,-16.5,81.1,0.0,1008.595,0.485
2021-09-29 06:00:00,-34.89,5.102,-17.19,-16.5,84.7,0.0,1008.901,1.072
2021-09-29 07:00:00,-33.68,6.642,-17.12,-16.35,83.3,0.0,1009.238,72.199
2021-09-29 08:00:00,-34.09,6.193,-17.08,-16.37,100.2,0.0,1009.426,274.863
2021-09-29 09:00:00,-32.66,7.177,-17.1,-16.43,112.7,0.0,1009.53,499.597
2021-09-29 10:00:00,-35.08,4.837,-17.1,-16.77,213.5,0.0,1009.64,697.995
2021-09-29 11:00:00,-35.5,4.531,-17.12,-16.47,258.7,0.0,1009.223,815.68
2021-09-29 12:00:00,-35.82,4.137,-17.08,-16.24,262.6,0.0,1008.597,889.317
2021-09-29 13:00:00,-35.66,4.34,-17.01,-16.18,255.8,0.0,1007.836,897.033
2021-09-29 14:00:00,-36.75,3.25,-16.85,-16.18,245.1,0.0,1007.127,837.598
2021-09-29 15:00:00,-37.37,2.646,-16.85,-16.07,247.6,0.0,1006.617,709.9
2021-09-29 16:00:00,-36.09,3.8,-16.98,-16.13,257.9,0.0,1006.363,527.537
2021-09-29 17:00:00,-37.25,2.748,-17.07,-16.41,265.6,0.0,1006.189,304.448
2021-09-29 18:00:00,-35.04,4.8,-17.1,-16.28,269.7,0.0,1006.479,82.682
2021-09-29 19:00:00,-35.07,4.89,-17.15,-16.41,273.8,0.0,1007.147,0.931
2021-09-29 20:00:00,-34.86,5.041,-17.16,-16.52,262.6,0.0,1007.941,0.485
2021-09-29 21:00:00,-34.34,5.617,-17.14,-17.14,246.6,0.0,1008.666,0.485
2021-09-29 22:00:00,-35.54,4.402,-17.14,-17.14,311.9,0.0,1008.883,0.485
2021-09-29 23:00:00,-36.3,3.717,-17.16,-17.01,25.2,0.0,1008.699,0.485
2021-09-30 00:00:00,-37.3,2.665,-17.19,-17.05,44.3,0.0,1008.494,0.485
2021-09-30 01:00:00,-37.52,2.488,-17.16,-16.97,16.4,0.0,1008.048,0.485
2021-09-30 02:00:00,-31.79,8.028,-17.1,-16.41,31.5,0.0,1007.617,0.485
2021-09-30 03:00:00,-33.49,6.512,-17.15,-16.65,42.1,0.0,1007.405,0.485
2021-09-30 04:00:00,-37.72,2.255,-17.17,-16.77,61.4,0.0,1007.361,0.485
2021-09-30 05:00:00,-36.62,3.287,-17.17,-16.52,39.9,0.0,1007.357,0.485
2021-09-30 06:00:00,-35.89,4.144,-17.19,-16.8,58.6,0.0,1007.748,0.889
2021-09-30 07:00:00,-35.06,5.059,-17.1,-16.39,112.0,0.0,1008.143,71.315
2021-09-30 08:00:00,-33.65,6.215,-17.09,-16.41,101.7,0.0,1008.586,276.64
2021-09-30 09:00:00,-34.58,5.38,-17.07,-16.3,120.1,0.0,1009.042,495.092
2021-09-30 10:00:00,-35.61,4.31,-17.09,-16.73,201.7,0.0,1009.214,682.603
2021-09-30 11:00:00,-35.59,4.436,-17.09,-16.75,277.2,0.0,1009.093,821.608
2021-09-30 12:00:00,-35.9,4.18,-17.09,-16.35,263.7,0.0,1009.005,868.972
2021-09-30 13:00:00,-35.28,4.755,-17.03,-16.18,253.7,0.0,1008.331,890.883
2021-09-30 14:00:00,-34.95,4.953,-17.07,-16.39,260.3,0.0,1007.415,830.983
2021-09-30 15:00:00,-34.31,5.609,-17.05,-16.28,267.9,0.0,1006.646,708.19
2021-09-30 16:00:00,-36.74,3.212,-16.92,-16.13,286.5,0.0,1006.28,522.815
2021-09-30 17:00:00,-38.07,1.943,-16.95,-16.22,286.4,0.0,1006.587,297.078
2021-09-30 18:00:00,-34.15,5.597,-16.92,-16.22,290.6,0.0,1006.856,72.182
2021-09-30 19:00:00,-35.41,4.428,-17.03,-16.39,293.6,0.0,1007.332,1.018
2021-09-30 20:00:00,-36.22,3.921,-17.1,-16.33,301.8,0.0,1007.904,0.485
2021-09-30 21:00:00,-36.14,3.856,-17.11,-16.35,302.7,0.0,1008.437,0.485
2021-09-30 22:00:00,-35.81,4.122,-17.17,-16.97,308.1,0.0,1008.774,0.485
2021-09-30 23:00:00,-35.98,4.155,-17.15,-16.52,18.4,0.0,1008.904,0.485
