Red Universitaria de Observatorios Atmosfericos (RUOA)
Atmospheric Observatory Chamela (cham), Jalisco
Lat 19.4983 N, Lon 105.0446 W, Alt 91 masl
Time UTC-6h
Meteorological data
 
TIMESTAMP,Temp_Avg,RH_Avg,WSpeed_Avg,WSpeed_Max,WDir_Avg,Rain_Tot,Press_Avg,Rad_Avg,Visibility
yyyy-mm-dd HH:MM:SS,�C,%,m/s,m/s,deg,mm,hPa,W/m^2,m
2016-02-01 00:00:00,null,null,null,null,null,null,null,null,null
2016-02-01 01:00:00,null,null,null,null,null,null,null,null,null
2016-02-01 02:00:00,null,null,null,null,null,null,null,null,null
2016-02-01 03:00:00,null,null,null,null,null,null,null,null,null
2016-02-01 04:00:00,null,null,null,null,null,null,null,null,null
2016-02-01 05:00:00,null,null,null,null,null,null,null,null,null
2016-02-01 06:00:00,null,null,null,null,null,null,null,null,null
2016-02-01 07:00:00,null,null,null,null,null,null,null,null,null
2016-02-01 08:00:00,null,null,null,null,null,null,null,null,null
2016-02-01 09:00:00,null,null,null,null,null,null,null,null,null
2016-02-01 10:00:00,null,null,null,null,null,null,null,null,null
2016-02-01 11:00:00,null,null,null,null,null,null,null,null,null
2016-02-01 12:00:00,null,null,null,null,null,null,null,null,null
2016-02-01 13:00:00,null,null,null,null,null,null,null,null,null
2016-02-01 14:00:00,null,null,null,null,null,null,null,null,null
2016-02-01 15:00:00,null,null,null,null,null,null,null,null,null
2016-02-01 16:00:00,null,null,null,null,null,null,null,null,null
2016-02-01 17:00:00,null,null,null,null,null,null,null,null,null
2016-02-01 18:00:00,null,null,null,null,null,null,null,null,null
2016-02-01 19:00:00,null,null,null,null,null,null,null,null,null
2016-02-01 20:00:00,null,null,null,null,null,null,null,null,null
2016-02-01 21:00:00,null,null,null,null,null,null,null,null,null
2016-02-01 22:00:00,null,null,null,null,null,null,null,null,null
2016-02-01 23:00:00,null,null,null,null,null,null,null,null,null
2016-02-02 00:00:00,null,null,null,null,null,null,null,null,null
2016-02-02 01:00:00,null,null,null,null,null,null,null,null,null
2016-02-02 02:00:00,null,null,null,null,null,null,null,null,null
2016-02-02 03:00:00,null,null,null,null,null,null,null,null,null
2016-02-02 04:00:00,null,null,null,null,null,null,null,null,null
2016-02-02 05:00:00,null,null,null,null,null,null,null,null,null
2016-02-02 06:00:00,null,null,null,null,null,null,null,null,null
2016-02-02 07:00:00,null,null,null,null,null,null,null,null,null
2016-02-02 08:00:00,null,null,null,null,null,null,null,null,null
2016-02-02 09:00:00,null,null,null,null,null,null,null,null,null
2016-02-02 10:00:00,19.8,89.7,1.732,null,36.2,null,1000.1,285.1,null
2016-02-02 11:00:00,23.64,78.4,1.076,null,352.4,null,1000.6,472.5,null
2016-02-02 12:00:00,26.31,68.5,2.019,null,271.4,null,1000.5,612.9,null
2016-02-02 13:00:00,24.9,74.7,4.124,null,258.5,null,1002.0,723.4,null
2016-02-02 14:00:00,26.06,67.0,4.126,null,262.0,0.0,1002.0,822.2,null
2016-02-02 15:00:00,26.71,61.7,4.454,null,297.6,0.0,1001.0,778.8,null
2016-02-02 16:00:00,27.01,61.4,5.047,null,304.2,0.0,1000.0,670.6,null
2016-02-02 17:00:00,26.3,70.9,6.496,null,300.8,0.0,999.0,460.5,null
2016-02-02 18:00:00,25.82,72.2,6.384,null,301.2,0.0,999.0,260.6,null
2016-02-02 19:00:00,24.99,71.1,6.161,null,300.6,0.0,999.0,62.8,null
2016-02-02 20:00:00,23.65,73.6,3.935,null,315.1,0.0,999.0,0.0,null
2016-02-02 21:00:00,22.51,76.5,2.451,null,315.0,0.0,999.0,0.0,null
2016-02-02 22:00:00,21.97,76.1,0.73,null,357.1,0.0,1000.0,0.0,null
2016-02-02 23:00:00,21.62,75.0,0.666,null,359.2,0.0,1001.0,0.0,null
2016-02-03 00:00:00,20.96,75.3,1.082,null,50.7,0.0,1002.0,0.0,null
2016-02-03 01:00:00,17.78,87.1,1.386,null,14.6,0.0,1002.0,0.4,null
2016-02-03 02:00:00,17.35,89.7,2.082,null,24.1,0.0,1002.0,0.0,null
2016-02-03 03:00:00,17.94,87.9,2.274,null,31.9,0.0,1002.0,0.4,null
2016-02-03 04:00:00,18.57,87.2,1.953,null,23.8,0.0,1001.0,0.1,null
2016-02-03 05:00:00,18.7,87.9,1.779,null,26.5,0.0,1001.0,0.0,null
2016-02-03 06:00:00,19.48,84.3,0.916,null,12.8,0.0,1001.0,0.0,null
2016-02-03 07:00:00,17.85,90.4,1.61,null,35.3,0.0,1001.0,0.6,null
2016-02-03 08:00:00,18.17,88.4,1.591,null,35.2,0.0,1001.0,7.6,null
2016-02-03 09:00:00,19.56,83.9,1.5,null,59.6,0.0,1001.0,124.8,null
2016-02-03 10:00:00,22.34,76.0,0.517,null,176.5,0.0,1002.0,340.4,null
2016-02-03 11:00:00,24.15,70.4,1.167,null,288.5,0.0,1003.0,546.5,null
2016-02-03 12:00:00,24.7,66.7,3.185,null,258.2,0.0,1004.0,711.5,null
2016-02-03 13:00:00,25.5,63.0,3.897,null,259.7,0.0,1004.0,810.5,null
2016-02-03 14:00:00,25.83,62.8,3.799,null,256.4,0.0,1003.0,838.1,null
2016-02-03 15:00:00,26.16,60.1,3.976,null,259.2,0.0,1002.0,793.0,null
2016-02-03 16:00:00,26.84,54.9,3.989,null,276.5,0.0,1002.0,680.4,null
2016-02-03 17:00:00,26.45,58.3,3.731,null,298.4,0.0,1001.0,503.3,null
2016-02-03 18:00:00,25.61,60.6,3.802,null,303.4,0.0,1000.0,272.1,null
2016-02-03 19:00:00,24.74,65.9,3.149,null,301.0,0.0,1000.0,66.3,null
2016-02-03 20:00:00,23.64,73.3,1.814,null,317.9,0.0,1000.0,0.1,null
2016-02-03 21:00:00,23.21,74.5,0.626,null,15.2,0.0,1001.0,0.0,null
2016-02-03 22:00:00,22.99,74.4,1.249,null,127.0,0.0,1001.0,0.0,null
2016-02-03 23:00:00,22.75,57.4,2.091,null,130.7,0.0,1002.0,0.1,null
2016-02-04 00:00:00,21.75,63.2,0.522,null,132.7,0.0,1002.0,0.0,null
2016-02-04 01:00:00,22.2,74.0,1.703,null,142.1,0.0,1003.0,0.0,null
2016-02-04 02:00:00,21.71,76.4,2.398,null,114.7,0.0,1003.0,0.0,null
2016-02-04 03:00:00,22.16,77.4,3.186,null,105.7,0.0,1003.0,0.0,null
2016-02-04 04:00:00,20.28,82.0,1.692,null,63.8,0.0,1003.0,0.2,null
2016-02-04 05:00:00,19.73,85.2,1.838,null,57.6,0.0,1002.0,0.0,null
2016-02-04 06:00:00,20.58,85.2,2.407,null,81.4,0.0,1002.0,0.0,null
2016-02-04 07:00:00,19.69,86.9,1.503,null,61.0,0.0,1002.0,0.2,null
2016-02-04 08:00:00,18.41,90.8,1.699,null,42.8,0.0,1002.0,7.4,null
2016-02-04 09:00:00,19.95,86.0,1.723,null,67.3,0.0,1003.0,126.1,null
2016-02-04 10:00:00,21.29,82.5,0.976,null,6.8,0.0,1003.0,336.9,null
2016-02-04 11:00:00,25.1,72.6,1.893,null,166.8,0.0,1004.0,536.5,null
2016-02-04 12:00:00,26.41,66.5,3.015,null,176.3,0.0,1004.0,717.8,null
2016-02-04 13:00:00,26.75,67.4,3.696,null,210.8,0.0,1004.0,792.6,null
2016-02-04 14:00:00,27.12,64.0,4.317,null,205.0,0.0,1004.0,824.5,null
2016-02-04 15:00:00,27.14,64.8,4.343,null,203.7,0.0,1003.0,778.1,null
2016-02-04 16:00:00,27.01,66.4,3.685,null,216.2,0.0,1001.0,661.4,null
2016-02-04 17:00:00,26.63,69.6,3.257,null,244.5,0.0,1000.0,491.7,null
2016-02-04 18:00:00,25.96,73.5,2.954,null,268.3,0.0,1000.0,283.4,null
2016-02-04 19:00:00,24.93,77.6,1.966,null,264.4,0.0,1000.0,52.3,null
2016-02-04 20:00:00,24.14,81.6,1.424,null,294.2,0.0,1000.0,0.0,null
2016-02-04 21:00:00,23.39,85.9,1.24,null,6.9,0.0,1000.0,0.0,null
2016-02-04 22:00:00,23.09,85.4,1.446,null,49.7,0.0,1001.0,0.0,null
2016-02-04 23:00:00,22.42,87.7,1.207,null,61.1,0.0,1001.0,0.0,null
2016-02-05 00:00:00,21.2,91.7,1.062,null,47.3,0.0,1001.0,0.1,null
2016-02-05 01:00:00,20.52,94.1,0.979,null,35.0,0.0,1002.0,0.0,null
2016-02-05 02:00:00,20.84,92.8,0.753,null,69.9,0.0,1001.0,0.1,null
2016-02-05 03:00:00,19.99,95.3,1.306,null,40.0,0.0,1001.0,0.0,null
2016-02-05 04:00:00,19.24,96.0,1.755,null,25.9,0.0,1001.0,0.1,null
2016-02-05 05:00:00,18.78,97.1,2.003,null,29.9,0.0,1000.0,0.2,null
2016-02-05 06:00:00,18.47,97.1,1.738,null,16.6,0.0,1000.0,0.1,null
2016-02-05 07:00:00,19.01,95.6,2.247,null,24.0,0.0,1001.0,0.0,null
2016-02-05 08:00:00,19.81,92.5,2.796,null,36.3,0.0,1001.0,7.1,null
2016-02-05 09:00:00,20.89,89.2,2.693,null,41.8,0.0,1002.0,121.9,null
2016-02-05 10:00:00,22.47,85.1,2.034,null,26.3,0.0,1003.0,330.3,null
2016-02-05 11:00:00,25.04,76.0,1.472,null,329.2,0.0,1003.0,530.0,null
2016-02-05 12:00:00,26.59,69.5,2.571,null,271.6,0.0,1004.0,690.1,null
2016-02-05 13:00:00,26.41,67.4,4.034,null,253.2,0.0,1004.0,787.7,null
2016-02-05 14:00:00,27.04,62.1,3.885,null,258.6,0.0,1003.0,813.7,null
2016-02-05 15:00:00,27.61,62.1,3.769,null,258.9,0.0,1002.0,767.3,null
2016-02-05 16:00:00,27.73,60.8,4.292,null,283.0,0.0,1001.0,655.8,null
2016-02-05 17:00:00,27.13,65.0,4.367,null,301.7,0.0,1000.0,471.6,null
2016-02-05 18:00:00,26.56,66.2,4.451,null,301.9,0.0,999.0,261.8,null
2016-02-05 19:00:00,26.02,66.4,3.011,null,307.8,0.0,999.0,60.2,null
2016-02-05 20:00:00,25.57,63.8,2.177,null,336.0,0.0,999.0,0.0,null
2016-02-05 21:00:00,25.37,62.3,1.21,null,357.4,0.0,1000.0,0.0,null
2016-02-05 22:00:00,25.16,62.8,1.519,null,37.9,0.0,1000.0,0.0,null
2016-02-05 23:00:00,24.45,65.5,1.644,null,29.9,0.0,1001.0,0.0,null
2016-02-06 00:00:00,23.75,67.6,1.589,null,21.7,0.0,1001.0,0.0,null
2016-02-06 01:00:00,23.08,68.6,1.745,null,34.9,0.0,1001.0,0.0,null
2016-02-06 02:00:00,23.47,66.2,0.428,null,257.0,0.0,1001.0,0.0,null
2016-02-06 03:00:00,22.44,69.5,0.679,null,13.1,0.0,1000.0,0.0,null
2016-02-06 04:00:00,21.37,73.9,1.87,null,21.0,0.0,1000.0,0.5,null
2016-02-06 05:00:00,21.64,72.9,1.524,null,21.9,0.0,999.0,0.0,null
2016-02-06 06:00:00,22.81,66.8,0.639,null,10.7,0.0,999.0,0.0,null
2016-02-06 07:00:00,21.19,74.1,1.337,null,14.6,0.0,998.0,0.2,null
2016-02-06 08:00:00,20.92,76.7,1.499,null,46.7,0.0,998.0,7.4,null
2016-02-06 09:00:00,23.17,68.2,0.397,null,57.5,0.0,998.0,119.9,null
2016-02-06 10:00:00,25.34,67.0,0.788,null,95.6,0.0,999.0,336.4,null
2016-02-06 11:00:00,26.92,65.3,1.115,null,316.8,0.0,999.0,547.5,null
2016-02-06 12:00:00,28.52,61.2,2.613,null,269.0,0.0,1000.0,711.0,null
2016-02-06 13:00:00,28.63,62.9,3.408,null,251.9,0.0,1000.0,788.3,null
2016-02-06 14:00:00,28.6,63.7,3.145,null,225.1,0.0,999.0,763.8,null
2016-02-06 15:00:00,27.31,68.9,2.932,null,263.5,0.0,999.0,487.8,null
2016-02-06 16:00:00,27.03,70.4,2.453,null,263.6,0.0,999.0,422.5,null
2016-02-06 17:00:00,27.12,71.5,2.503,null,277.2,0.0,997.0,353.4,null
2016-02-06 18:00:00,26.56,72.6,2.252,null,310.5,0.0,997.0,176.8,null
2016-02-06 19:00:00,26.17,73.2,0.822,null,323.1,0.0,997.0,43.9,null
2016-02-06 20:00:00,null,null,null,null,null,null,997.0,null,null
2016-02-06 21:00:00,null,null,null,null,null,null,997.0,null,null
2016-02-06 22:00:00,null,null,null,null,null,null,997.0,null,null
2016-02-06 23:00:00,null,null,null,null,null,null,997.0,null,null
2016-02-07 00:00:00,null,null,null,null,null,null,997.0,null,null
2016-02-07 01:00:00,null,null,null,null,null,null,997.0,null,null
2016-02-07 02:00:00,null,null,null,null,null,null,997.0,null,null
2016-02-07 03:00:00,null,null,null,null,null,null,997.0,null,null
2016-02-07 04:00:00,null,null,null,null,null,null,996.0,null,null
2016-02-07 05:00:00,null,null,null,null,null,null,996.0,null,null
2016-02-07 06:00:00,null,null,null,null,null,null,995.0,null,null
2016-02-07 07:00:00,null,null,null,null,null,null,995.0,null,null
2016-02-07 08:00:00,null,null,null,null,null,null,996.0,null,null
2016-02-07 09:00:00,null,null,null,null,null,null,997.0,null,null
2016-02-07 10:00:00,null,null,null,null,null,null,997.0,null,null
2016-02-07 11:00:00,null,null,null,null,null,null,997.0,null,null
2016-02-07 12:00:00,null,null,null,null,null,null,998.0,null,null
2016-02-07 13:00:00,null,null,null,null,null,null,999.0,null,null
2016-02-07 14:00:00,null,null,null,null,null,null,999.0,null,null
2016-02-07 15:00:00,null,null,null,null,null,null,997.0,null,null
2016-02-07 16:00:00,null,null,null,null,null,null,997.0,null,null
2016-02-07 17:00:00,null,null,null,null,null,null,996.0,null,null
2016-02-07 18:00:00,null,null,null,null,null,null,996.0,null,null
2016-02-07 19:00:00,null,null,null,null,null,null,996.0,null,null
2016-02-07 20:00:00,null,null,null,null,null,null,996.0,null,null
2016-02-07 21:00:00,null,null,null,null,null,null,997.0,null,null
2016-02-07 22:00:00,null,null,null,null,null,null,998.0,null,null
2016-02-07 23:00:00,null,null,null,null,null,null,998.0,null,null
2016-02-08 00:00:00,null,null,null,null,null,null,999.0,null,null
2016-02-08 01:00:00,null,null,null,null,null,null,999.0,null,null
2016-02-08 02:00:00,null,null,null,null,null,null,999.0,null,null
2016-02-08 03:00:00,null,null,null,null,null,null,999.0,null,null
2016-02-08 04:00:00,null,null,null,null,null,null,999.0,null,null
2016-02-08 05:00:00,null,null,null,null,null,null,999.0,null,null
2016-02-08 06:00:00,null,null,null,null,null,null,999.0,null,null
2016-02-08 07:00:00,null,null,null,null,null,null,999.0,null,null
2016-02-08 08:00:00,null,null,null,null,null,null,999.0,null,null
2016-02-08 09:00:00,null,null,null,null,null,null,1000.0,null,null
2016-02-08 10:00:00,null,null,null,null,null,null,1001.0,null,null
2016-02-08 11:00:00,null,null,null,null,null,null,1002.0,null,null
2016-02-08 12:00:00,null,null,null,null,null,null,1003.0,null,null
2016-02-08 13:00:00,null,null,null,null,null,null,1003.0,null,null
2016-02-08 14:00:00,null,null,null,null,null,null,1003.0,null,null
2016-02-08 15:00:00,null,null,null,null,null,null,1002.0,null,null
2016-02-08 16:00:00,null,null,null,null,null,null,1001.0,null,null
2016-02-08 17:00:00,null,null,null,null,null,null,1000.0,null,null
2016-02-08 18:00:00,null,null,null,null,null,null,1000.0,null,null
2016-02-08 19:00:00,null,null,null,null,null,null,1000.0,null,null
2016-02-08 20:00:00,null,null,null,null,null,null,1000.0,null,null
2016-02-08 21:00:00,null,null,null,null,null,null,1001.0,null,null
2016-02-08 22:00:00,null,null,null,null,null,null,1001.0,null,null
2016-02-08 23:00:00,null,null,null,null,null,null,1002.0,null,null
2016-02-09 00:00:00,null,null,null,null,null,null,1002.0,null,null
2016-02-09 01:00:00,null,null,null,null,null,null,1003.0,null,null
2016-02-09 02:00:00,null,null,null,null,null,null,1003.0,null,null
2016-02-09 03:00:00,null,null,null,null,null,null,1002.0,null,null
2016-02-09 04:00:00,null,null,null,null,null,null,1001.0,null,null
2016-02-09 05:00:00,null,null,null,null,null,null,1001.0,null,null
2016-02-09 06:00:00,null,null,null,null,null,null,1000.0,null,null
2016-02-09 07:00:00,null,null,null,null,null,null,1000.0,null,null
2016-02-09 08:00:00,null,null,null,null,null,null,1001.0,null,null
2016-02-09 09:00:00,null,null,null,null,null,null,1001.0,null,null
2016-02-09 10:00:00,null,null,null,null,null,null,1001.0,null,null
2016-02-09 11:00:00,null,null,null,null,null,null,1002.0,null,null
2016-02-09 12:00:00,null,null,null,null,null,null,1003.0,null,null
2016-02-09 13:00:00,null,null,null,null,null,null,1003.0,null,null
2016-02-09 14:00:00,null,null,null,null,null,null,1003.0,null,null
2016-02-09 15:00:00,null,null,null,null,null,null,1003.0,null,null
2016-02-09 16:00:00,null,null,null,null,null,null,1001.0,null,null
2016-02-09 17:00:00,null,null,null,null,null,null,1001.0,null,null
2016-02-09 18:00:00,null,null,null,null,null,null,1001.0,null,null
2016-02-09 19:00:00,null,null,null,null,null,null,1001.0,null,null
2016-02-09 20:00:00,null,null,null,null,null,null,1001.0,null,null
2016-02-09 21:00:00,null,null,null,null,null,null,1001.0,null,null
2016-02-09 22:00:00,null,null,null,null,null,null,1002.0,null,null
2016-02-09 23:00:00,null,null,null,null,null,null,1002.0,null,null
2016-02-10 00:00:00,null,null,null,null,null,null,1003.0,null,null
2016-02-10 01:00:00,null,null,null,null,null,null,1003.0,null,null
2016-02-10 02:00:00,null,null,null,null,null,null,1003.0,null,null
2016-02-10 03:00:00,null,null,null,null,null,null,1003.0,null,null
2016-02-10 04:00:00,null,null,null,null,null,null,1002.0,null,null
2016-02-10 05:00:00,null,null,null,null,null,null,1002.0,null,null
2016-02-10 06:00:00,null,null,null,null,null,null,1001.0,null,null
2016-02-10 07:00:00,null,null,null,null,null,null,1001.0,null,null
2016-02-10 08:00:00,null,null,null,null,null,null,1001.0,null,null
2016-02-10 09:00:00,null,null,null,null,null,null,1001.0,null,null
2016-02-10 10:00:00,null,null,null,null,null,null,1001.0,null,null
2016-02-10 11:00:00,null,null,null,null,null,null,1002.0,null,null
2016-02-10 12:00:00,null,null,null,null,null,null,1003.0,null,null
2016-02-10 13:00:00,null,null,null,null,null,null,1003.0,null,null
2016-02-10 14:00:00,null,null,null,null,null,null,1002.0,null,null
2016-02-10 15:00:00,null,null,null,null,null,null,1001.0,null,null
2016-02-10 16:00:00,null,null,null,null,null,null,1001.0,null,null
2016-02-10 17:00:00,null,null,null,null,null,null,1000.0,null,null
2016-02-10 18:00:00,null,null,null,null,null,null,1000.0,null,null
2016-02-10 19:00:00,null,null,null,null,null,null,1000.0,null,null
2016-02-10 20:00:00,null,null,null,null,null,null,1000.0,null,null
2016-02-10 21:00:00,null,null,null,null,null,null,1001.0,null,null
2016-02-10 22:00:00,null,null,null,null,null,null,1001.0,null,null
2016-02-10 23:00:00,null,null,null,null,null,null,1002.0,null,null
2016-02-11 00:00:00,null,null,null,null,null,null,1003.0,null,null
2016-02-11 01:00:00,null,null,null,null,null,null,1003.0,null,null
2016-02-11 02:00:00,null,null,null,null,null,null,1002.0,null,null
2016-02-11 03:00:00,null,null,null,null,null,null,1002.0,null,null
2016-02-11 04:00:00,null,null,null,null,null,null,1001.0,null,null
2016-02-11 05:00:00,null,null,null,null,null,null,1001.0,null,null
2016-02-11 06:00:00,null,null,null,null,null,null,1001.0,null,null
2016-02-11 07:00:00,null,null,null,null,null,null,1000.0,null,null
2016-02-11 08:00:00,null,null,null,null,null,null,1001.0,null,null
2016-02-11 09:00:00,null,null,null,null,null,null,1001.0,null,null
2016-02-11 10:00:00,null,null,null,null,null,null,1002.0,null,null
2016-02-11 11:00:00,null,null,null,null,null,null,1003.0,null,null
2016-02-11 12:00:00,null,null,null,null,null,null,1003.0,null,null
2016-02-11 13:00:00,null,null,null,null,null,null,1003.0,null,null
2016-02-11 14:00:00,null,null,null,null,null,null,1002.0,null,null
2016-02-11 15:00:00,null,null,null,null,null,null,1002.0,null,null
2016-02-11 16:00:00,null,null,null,null,null,null,1001.0,null,null
2016-02-11 17:00:00,null,null,null,null,null,null,1000.0,null,null
2016-02-11 18:00:00,null,null,null,null,null,null,999.0,null,null
2016-02-11 19:00:00,null,null,null,null,null,null,999.0,null,null
2016-02-11 20:00:00,null,null,null,null,null,null,999.0,null,null
2016-02-11 21:00:00,null,null,null,null,null,null,999.0,null,null
2016-02-11 22:00:00,null,null,null,null,null,null,1000.0,null,null
2016-02-11 23:00:00,null,null,null,null,null,null,1001.0,null,null
2016-02-12 00:00:00,null,null,null,null,null,null,1001.0,null,null
2016-02-12 01:00:00,null,null,null,null,null,null,1001.0,null,null
2016-02-12 02:00:00,null,null,null,null,null,null,1000.0,null,null
2016-02-12 03:00:00,null,null,null,null,null,null,1000.0,null,null
2016-02-12 04:00:00,null,null,null,null,null,null,1000.0,null,null
2016-02-12 05:00:00,null,null,null,null,null,null,999.0,null,null
2016-02-12 06:00:00,null,null,null,null,null,null,1000.0,null,null
2016-02-12 07:00:00,null,null,null,null,null,null,999.0,null,null
2016-02-12 08:00:00,null,null,null,null,null,null,1000.0,null,null
2016-02-12 09:00:00,null,null,null,null,null,null,1001.0,null,null
2016-02-12 10:00:00,null,null,null,null,null,null,1001.0,null,null
2016-02-12 11:00:00,null,null,null,null,null,null,1002.0,null,null
2016-02-12 12:00:00,null,null,null,null,null,null,1002.0,null,null
2016-02-12 13:00:00,null,null,null,null,null,null,1002.0,null,null
2016-02-12 14:00:00,null,null,null,null,null,null,1002.0,null,null
2016-02-12 15:00:00,null,null,null,null,null,null,1001.0,null,null
2016-02-12 16:00:00,null,null,null,null,null,null,1000.0,null,null
2016-02-12 17:00:00,null,null,null,null,null,null,999.0,null,null
2016-02-12 18:00:00,null,null,null,null,null,null,999.0,null,null
2016-02-12 19:00:00,null,null,null,null,null,null,999.0,null,null
2016-02-12 20:00:00,null,null,null,null,null,null,999.0,null,null
2016-02-12 21:00:00,null,null,null,null,null,null,999.0,null,null
2016-02-12 22:00:00,null,null,null,null,null,null,1000.0,null,null
2016-02-12 23:00:00,null,null,null,null,null,null,1000.0,null,null
2016-02-13 00:00:00,null,null,null,null,null,null,1001.0,null,null
2016-02-13 01:00:00,null,null,null,null,null,null,1001.0,null,null
2016-02-13 02:00:00,null,null,null,null,null,null,1001.0,null,null
2016-02-13 03:00:00,null,null,null,null,null,null,1001.0,null,null
2016-02-13 04:00:00,null,null,null,null,null,null,1000.0,null,null
2016-02-13 05:00:00,null,null,null,null,null,null,1000.0,null,null
2016-02-13 06:00:00,null,null,null,null,null,null,999.0,null,null
2016-02-13 07:00:00,null,null,null,null,null,null,999.0,null,null
2016-02-13 08:00:00,null,null,null,null,null,null,999.0,null,null
2016-02-13 09:00:00,null,null,null,null,null,null,1000.0,null,null
2016-02-13 10:00:00,null,null,null,null,null,null,1000.0,null,null
2016-02-13 11:00:00,null,null,null,null,null,null,1001.0,null,null
2016-02-13 12:00:00,null,null,null,null,null,null,1002.0,null,null
2016-02-13 13:00:00,null,null,null,null,null,null,1001.0,null,null
2016-02-13 14:00:00,null,null,null,null,null,null,1001.0,null,null
2016-02-13 15:00:00,null,null,null,null,null,null,1000.0,null,null
2016-02-13 16:00:00,null,null,null,null,null,null,1000.0,null,null
2016-02-13 17:00:00,null,null,null,null,null,null,999.0,null,null
2016-02-13 18:00:00,null,null,null,null,null,null,998.0,null,null
2016-02-13 19:00:00,null,null,null,null,null,null,998.0,null,null
2016-02-13 20:00:00,null,null,null,null,null,null,998.0,null,null
2016-02-13 21:00:00,null,null,null,null,null,null,998.0,null,null
2016-02-13 22:00:00,null,null,null,null,null,null,999.0,null,null
2016-02-13 23:00:00,null,null,null,null,null,null,999.0,null,null
2016-02-14 00:00:00,null,null,null,null,null,null,998.0,null,null
2016-02-14 01:00:00,null,null,null,null,null,null,999.0,null,null
2016-02-14 02:00:00,null,null,null,null,null,null,999.0,null,null
2016-02-14 03:00:00,null,null,null,null,null,null,998.0,null,null
2016-02-14 04:00:00,null,null,null,null,null,null,999.0,null,null
2016-02-14 05:00:00,null,null,null,null,null,null,998.0,null,null
2016-02-14 06:00:00,null,null,null,null,null,null,998.0,null,null
2016-02-14 07:00:00,null,null,null,null,null,null,998.0,null,null
2016-02-14 08:00:00,null,null,null,null,null,null,999.0,null,null
2016-02-14 09:00:00,null,null,null,null,null,null,999.0,null,null
2016-02-14 10:00:00,null,null,null,null,null,null,1000.0,null,null
2016-02-14 11:00:00,null,null,null,null,null,null,1001.0,null,null
2016-02-14 12:00:00,null,null,null,null,null,null,1002.0,null,null
2016-02-14 13:00:00,null,null,null,null,null,null,1002.0,null,null
2016-02-14 14:00:00,null,null,null,null,null,null,1002.0,null,null
2016-02-14 15:00:00,null,null,null,null,null,null,1001.0,null,null
2016-02-14 16:00:00,null,null,null,null,null,null,1000.0,null,null
2016-02-14 17:00:00,null,null,null,null,null,null,999.0,null,null
2016-02-14 18:00:00,null,null,null,null,null,null,999.0,null,null
2016-02-14 19:00:00,null,null,null,null,null,null,999.0,null,null
2016-02-14 20:00:00,null,null,null,null,null,null,999.0,null,null
2016-02-14 21:00:00,null,null,null,null,null,null,1000.0,null,null
2016-02-14 22:00:00,null,null,null,null,null,null,1000.0,null,null
2016-02-14 23:00:00,null,null,null,null,null,null,1000.0,null,null
2016-02-15 00:00:00,null,null,null,null,null,null,1001.0,null,null
2016-02-15 01:00:00,null,null,null,null,null,null,1002.0,null,null
2016-02-15 02:00:00,null,null,null,null,null,null,1002.0,null,null
2016-02-15 03:00:00,null,null,null,null,null,null,1001.0,null,null
2016-02-15 04:00:00,null,null,null,null,null,null,999.0,null,null
2016-02-15 05:00:00,null,null,null,null,null,null,998.0,null,null
2016-02-15 06:00:00,null,null,null,null,null,null,999.0,null,null
2016-02-15 07:00:00,null,null,null,null,null,null,999.0,null,null
2016-02-15 08:00:00,null,null,null,null,null,null,999.0,null,null
2016-02-15 09:00:00,null,null,null,null,null,null,999.0,null,null
2016-02-15 10:00:00,null,null,null,null,null,null,1000.0,null,null
2016-02-15 11:00:00,null,null,null,null,null,null,1000.0,null,null
2016-02-15 12:00:00,null,null,null,null,null,null,1000.0,null,null
2016-02-15 13:00:00,null,null,null,null,null,null,1000.0,null,null
2016-02-15 14:00:00,null,null,null,null,null,null,1000.0,null,null
2016-02-15 15:00:00,null,null,null,null,null,null,1000.0,null,null
2016-02-15 16:00:00,null,null,null,null,null,null,999.0,null,null
2016-02-15 17:00:00,null,null,null,null,null,null,999.0,null,null
2016-02-15 18:00:00,null,null,null,null,null,null,998.0,null,null
2016-02-15 19:00:00,null,null,null,null,null,null,998.0,null,null
2016-02-15 20:00:00,null,null,null,null,null,null,998.0,null,null
2016-02-15 21:00:00,null,null,null,null,null,null,999.0,null,null
2016-02-15 22:00:00,null,null,null,null,null,null,999.0,null,null
2016-02-15 23:00:00,null,null,null,null,null,null,999.0,null,null
2016-02-16 00:00:00,null,null,null,null,null,null,1000.0,null,null
2016-02-16 01:00:00,null,null,null,null,null,null,1000.0,null,null
2016-02-16 02:00:00,null,null,null,null,null,null,1000.0,null,null
2016-02-16 03:00:00,null,null,null,null,null,null,1000.0,null,null
2016-02-16 04:00:00,null,null,null,null,null,null,999.0,null,null
2016-02-16 05:00:00,null,null,null,null,null,null,999.0,null,null
2016-02-16 06:00:00,null,null,null,null,null,null,999.0,null,null
2016-02-16 07:00:00,null,null,null,null,null,null,998.0,null,null
2016-02-16 08:00:00,null,null,null,null,null,null,999.0,null,null
2016-02-16 09:00:00,null,null,null,null,null,null,999.0,null,null
2016-02-16 10:00:00,null,null,null,null,null,null,1000.0,null,null
2016-02-16 11:00:00,null,null,null,null,null,null,1001.0,null,null
2016-02-16 12:00:00,null,null,null,null,null,null,1001.0,null,null
2016-02-16 13:00:00,null,null,null,null,null,null,1001.0,null,null
2016-02-16 14:00:00,null,null,null,null,null,null,1001.0,null,null
2016-02-16 15:00:00,null,null,null,null,null,null,1000.0,null,null
2016-02-16 16:00:00,null,null,null,null,null,null,999.0,null,null
2016-02-16 17:00:00,null,null,null,null,null,null,998.0,null,null
2016-02-16 18:00:00,null,null,null,null,null,null,998.0,null,null
2016-02-16 19:00:00,null,null,null,null,null,null,998.0,null,null
2016-02-16 20:00:00,null,null,null,null,null,null,998.0,null,null
2016-02-16 21:00:00,null,null,null,null,null,null,999.0,null,null
2016-02-16 22:00:00,null,null,null,null,null,null,999.0,null,null
2016-02-16 23:00:00,null,null,null,null,null,null,999.0,null,null
2016-02-17 00:00:00,null,null,null,null,null,null,1000.0,null,null
2016-02-17 01:00:00,null,null,null,null,null,null,1000.0,null,null
2016-02-17 02:00:00,null,null,null,null,null,null,1000.0,null,null
2016-02-17 03:00:00,null,null,null,null,null,null,999.0,null,null
2016-02-17 04:00:00,null,null,null,null,null,null,999.0,null,null
2016-02-17 05:00:00,null,null,null,null,null,null,999.0,null,null
2016-02-17 06:00:00,null,null,null,null,null,null,998.0,null,null
2016-02-17 07:00:00,null,null,null,null,null,null,998.0,null,null
2016-02-17 08:00:00,null,null,null,null,null,null,999.0,null,null
2016-02-17 09:00:00,null,null,null,null,null,null,999.0,null,null
2016-02-17 10:00:00,null,null,null,null,null,null,1000.0,null,null
2016-02-17 11:00:00,null,null,null,null,null,null,1001.0,null,null
2016-02-17 12:00:00,null,null,null,null,null,null,1001.0,null,null
2016-02-17 13:00:00,null,null,null,null,null,null,1001.0,null,null
2016-02-17 14:00:00,null,null,null,null,null,null,1001.0,null,null
2016-02-17 15:00:00,null,null,null,null,null,null,1000.0,null,null
2016-02-17 16:00:00,null,null,null,null,null,null,999.0,null,null
2016-02-17 17:00:00,null,null,null,null,null,null,998.0,null,null
2016-02-17 18:00:00,null,null,null,null,null,null,998.0,null,null
2016-02-17 19:00:00,null,null,null,null,null,null,998.0,null,null
2016-02-17 20:00:00,null,null,null,null,null,null,997.0,null,null
2016-02-17 21:00:00,null,null,null,null,null,null,998.0,null,null
2016-02-17 22:00:00,null,null,null,null,null,null,999.0,null,null
2016-02-17 23:00:00,null,null,null,null,null,null,999.0,null,null
2016-02-18 00:00:00,null,null,null,null,null,null,1000.0,null,null
2016-02-18 01:00:00,null,null,null,null,null,null,1000.0,null,null
2016-02-18 02:00:00,null,null,null,null,null,null,1000.0,null,null
2016-02-18 03:00:00,null,null,null,null,null,null,1000.0,null,null
2016-02-18 04:00:00,null,null,null,null,null,null,999.0,null,null
2016-02-18 05:00:00,null,null,null,null,null,null,999.0,null,null
2016-02-18 06:00:00,null,null,null,null,null,null,999.0,null,null
2016-02-18 07:00:00,null,null,null,null,null,null,999.0,null,null
2016-02-18 08:00:00,null,null,null,null,null,null,999.0,null,null
2016-02-18 09:00:00,null,null,null,null,null,null,1000.0,null,null
2016-02-18 10:00:00,null,null,null,null,null,null,1000.0,null,null
2016-02-18 11:00:00,null,null,null,null,null,null,1001.0,null,null
2016-02-18 12:00:00,null,null,null,null,null,null,1002.0,null,null
2016-02-18 13:00:00,null,null,null,null,null,null,1002.0,null,null
2016-02-18 14:00:00,null,null,null,null,null,null,1002.0,null,null
2016-02-18 15:00:00,null,null,null,null,null,null,1000.0,null,null
2016-02-18 16:00:00,null,null,null,null,null,null,1000.0,null,null
2016-02-18 17:00:00,null,null,null,null,null,null,1000.0,null,null
2016-02-18 18:00:00,null,null,null,null,null,null,999.0,null,null
2016-02-18 19:00:00,null,null,null,null,null,null,999.0,null,null
2016-02-18 20:00:00,null,null,null,null,null,null,1000.0,null,null
2016-02-18 21:00:00,null,null,null,null,null,null,1000.0,null,null
2016-02-18 22:00:00,null,null,null,null,null,null,1001.0,null,null
2016-02-18 23:00:00,null,null,null,null,null,null,1002.0,null,null
2016-02-19 00:00:00,null,null,null,null,null,null,1002.0,null,null
2016-02-19 01:00:00,null,null,null,null,null,null,1003.0,null,null
2016-02-19 02:00:00,null,null,null,null,null,null,1002.0,null,null
2016-02-19 03:00:00,null,null,null,null,null,null,1002.0,null,null
2016-02-19 04:00:00,null,null,null,null,null,null,1002.0,null,null
2016-02-19 05:00:00,null,null,null,null,null,null,1001.0,null,null
2016-02-19 06:00:00,null,null,null,null,null,null,1001.0,null,null
2016-02-19 07:00:00,null,null,null,null,null,null,1000.0,null,null
2016-02-19 08:00:00,null,null,null,null,null,null,1000.0,null,null
2016-02-19 09:00:00,null,null,null,null,null,null,1000.0,null,null
2016-02-19 10:00:00,null,null,null,null,null,null,1001.0,null,null
2016-02-19 11:00:00,null,null,null,null,null,null,1002.0,null,null
2016-02-19 12:00:00,null,null,null,null,null,null,1003.0,null,null
2016-02-19 13:00:00,null,null,null,null,null,null,1003.0,null,null
2016-02-19 14:00:00,null,null,null,null,null,null,1002.0,null,null
2016-02-19 15:00:00,null,null,null,null,null,null,1002.0,null,null
2016-02-19 16:00:00,null,null,null,null,null,null,1002.0,null,null
2016-02-19 17:00:00,null,null,null,null,null,null,1001.0,null,null
2016-02-19 18:00:00,null,null,null,null,null,null,1000.0,null,null
2016-02-19 19:00:00,null,null,null,null,null,null,1000.0,null,null
2016-02-19 20:00:00,null,null,null,null,null,null,1001.0,null,null
2016-02-19 21:00:00,null,null,null,null,null,null,1001.0,null,null
2016-02-19 22:00:00,null,null,null,null,null,null,1001.0,null,null
2016-02-19 23:00:00,null,null,null,null,null,null,1002.0,null,null
2016-02-20 00:00:00,null,null,null,null,null,null,1002.0,null,null
2016-02-20 01:00:00,null,null,null,null,null,null,1003.0,null,null
2016-02-20 02:00:00,null,null,null,null,null,null,1003.0,null,null
2016-02-20 03:00:00,null,null,null,null,null,null,1003.0,null,null
2016-02-20 04:00:00,null,null,null,null,null,null,1002.0,null,null
2016-02-20 05:00:00,null,null,null,null,null,null,1002.0,null,null
2016-02-20 06:00:00,null,null,null,null,null,null,1001.0,null,null
2016-02-20 07:00:00,null,null,null,null,null,null,1001.0,null,null
2016-02-20 08:00:00,null,null,null,null,null,null,1001.0,null,null
2016-02-20 09:00:00,null,null,null,null,null,null,1002.0,null,null
2016-02-20 10:00:00,null,null,null,null,null,null,1002.0,null,null
2016-02-20 11:00:00,null,null,null,null,null,null,1003.0,null,null
2016-02-20 12:00:00,null,null,null,null,null,null,1003.0,null,null
2016-02-20 13:00:00,null,null,null,null,null,null,1004.0,null,null
2016-02-20 14:00:00,null,null,null,null,null,null,1003.0,null,null
2016-02-20 15:00:00,null,null,null,null,null,null,1003.0,null,null
2016-02-20 16:00:00,null,null,null,null,null,null,1002.0,null,null
2016-02-20 17:00:00,null,null,null,null,null,null,1002.0,null,null
2016-02-20 18:00:00,null,null,null,null,null,null,1001.0,null,null
2016-02-20 19:00:00,null,null,null,null,null,null,1001.0,null,null
2016-02-20 20:00:00,null,null,null,null,null,null,1002.0,null,null
2016-02-20 21:00:00,null,null,null,null,null,null,1001.0,null,null
2016-02-20 22:00:00,null,null,null,null,null,null,1002.0,null,null
2016-02-20 23:00:00,null,null,null,null,null,null,1003.0,null,null
2016-02-21 00:00:00,null,null,null,null,null,null,1004.0,null,null
2016-02-21 01:00:00,null,null,null,null,null,null,1003.0,null,null
2016-02-21 02:00:00,null,null,null,null,null,null,1003.0,null,null
2016-02-21 03:00:00,null,null,null,null,null,null,1003.0,null,null
2016-02-21 04:00:00,null,null,null,null,null,null,1002.0,null,null
2016-02-21 05:00:00,null,null,null,null,null,null,1002.0,null,null
2016-02-21 06:00:00,null,null,null,null,null,null,1002.0,null,null
2016-02-21 07:00:00,null,null,null,null,null,null,1001.0,null,null
2016-02-21 08:00:00,null,null,null,null,null,null,1002.0,null,null
2016-02-21 09:00:00,null,null,null,null,null,null,1002.0,null,null
2016-02-21 10:00:00,null,null,null,null,null,null,1003.0,null,null
2016-02-21 11:00:00,null,null,null,null,null,null,1003.0,null,null
2016-02-21 12:00:00,null,null,null,null,null,null,1004.0,null,null
2016-02-21 13:00:00,null,null,null,null,null,null,1003.0,null,null
2016-02-21 14:00:00,null,null,null,null,null,null,1003.0,null,null
2016-02-21 15:00:00,null,null,null,null,null,null,1002.0,null,null
2016-02-21 16:00:00,null,null,null,null,null,null,1001.0,null,null
2016-02-21 17:00:00,null,null,null,null,null,null,1001.0,null,null
2016-02-21 18:00:00,null,null,null,null,null,null,1000.0,null,null
2016-02-21 19:00:00,null,null,null,null,null,null,1000.0,null,null
2016-02-21 20:00:00,null,null,null,null,null,null,1000.0,null,null
2016-02-21 21:00:00,null,null,null,null,null,null,1000.0,null,null
2016-02-21 22:00:00,null,null,null,null,null,null,1000.0,null,null
2016-02-21 23:00:00,null,null,null,null,null,null,1000.0,null,null
2016-02-22 00:00:00,null,null,null,null,null,null,1000.0,null,null
2016-02-22 01:00:00,null,null,null,null,null,null,1001.0,null,null
2016-02-22 02:00:00,null,null,null,null,null,null,1001.0,null,null
2016-02-22 03:00:00,null,null,null,null,null,null,1001.0,null,null
2016-02-22 04:00:00,null,null,null,null,null,null,1000.0,null,null
2016-02-22 05:00:00,null,null,null,null,null,null,1000.0,null,null
2016-02-22 06:00:00,null,null,null,null,null,null,999.0,null,null
2016-02-22 07:00:00,null,null,null,null,null,null,999.0,null,null
2016-02-22 08:00:00,null,null,null,null,null,null,999.0,null,null
2016-02-22 09:00:00,null,null,null,null,null,null,1000.0,null,null
2016-02-22 10:00:00,null,null,null,null,null,null,1000.0,null,null
2016-02-22 11:00:00,null,null,null,null,null,null,1001.0,null,null
2016-02-22 12:00:00,null,null,null,null,null,null,1000.0,null,null
2016-02-22 13:00:00,null,null,null,null,null,null,1000.0,null,null
2016-02-22 14:00:00,null,null,null,null,null,null,1000.0,null,null
2016-02-22 15:00:00,null,null,null,null,null,null,999.0,null,null
2016-02-22 16:00:00,null,null,null,null,null,null,998.0,null,null
2016-02-22 17:00:00,null,null,null,null,null,null,998.0,null,null
2016-02-22 18:00:00,null,null,null,null,null,null,997.0,null,null
2016-02-22 19:00:00,null,null,null,null,null,null,997.0,null,null
2016-02-22 20:00:00,null,null,null,null,null,null,997.0,null,null
2016-02-22 21:00:00,null,null,null,null,null,null,997.0,null,null
2016-02-22 22:00:00,null,null,null,null,null,null,998.0,null,null
2016-02-22 23:00:00,null,null,null,null,null,null,998.0,null,null
2016-02-23 00:00:00,null,null,null,null,null,null,999.0,null,null
2016-02-23 01:00:00,null,null,null,null,null,null,1000.0,null,null
2016-02-23 02:00:00,null,null,null,null,null,null,999.0,null,null
2016-02-23 03:00:00,null,null,null,null,null,null,999.0,null,null
2016-02-23 04:00:00,null,null,null,null,null,null,999.0,null,null
2016-02-23 05:00:00,null,null,null,null,null,null,998.0,null,null
2016-02-23 06:00:00,null,null,null,null,null,null,997.0,null,null
2016-02-23 07:00:00,null,null,null,null,null,null,997.0,null,null
2016-02-23 08:00:00,null,null,null,null,null,null,997.0,null,null
2016-02-23 09:00:00,null,null,null,null,null,null,998.0,null,null
2016-02-23 10:00:00,null,null,null,null,null,null,998.0,null,null
2016-02-23 11:00:00,null,null,null,null,null,null,999.0,null,null
2016-02-23 12:00:00,null,null,null,null,null,null,999.0,null,null
2016-02-23 13:00:00,null,null,null,null,null,null,999.0,null,null
2016-02-23 14:00:00,null,null,null,null,null,null,999.0,null,null
2016-02-23 15:00:00,27.01,69.1,4.901,null,256.7,null,998.0,822.5,null
2016-02-23 16:00:00,26.91,73.4,5.479,null,258.9,0.0,998.0,743.3,null
2016-02-23 17:00:00,26.99,74.4,4.767,null,281.8,0.0,997.0,514.0,null
2016-02-23 18:00:00,26.32,77.2,4.777,null,298.3,0.0,996.0,251.9,null
2016-02-23 19:00:00,25.57,80.4,4.355,null,300.4,0.0,996.0,69.4,null
2016-02-23 20:00:00,24.83,83.9,3.238,null,306.8,0.0,996.0,0.6,null
2016-02-23 21:00:00,24.2,86.4,2.155,null,349.6,0.0,997.0,0.0,null
2016-02-23 22:00:00,23.67,87.0,2.406,null,8.5,0.0,997.0,0.0,null
2016-02-23 23:00:00,23.22,88.2,2.432,null,15.4,0.0,998.0,0.0,null
2016-02-24 00:00:00,22.88,89.4,1.286,null,359.0,0.0,998.0,0.0,null
2016-02-24 01:00:00,22.74,90.1,1.001,null,333.3,0.0,999.0,0.0,null
2016-02-24 02:00:00,22.25,91.1,1.509,null,41.5,0.0,999.0,0.0,null
2016-02-24 03:00:00,21.21,93.3,1.387,null,51.0,0.0,999.0,0.1,null
2016-02-24 04:00:00,19.81,95.5,1.579,null,24.3,0.0,998.0,0.3,null
2016-02-24 05:00:00,20.15,95.8,0.769,null,19.9,0.0,997.0,0.1,null
2016-02-24 06:00:00,20.44,95.1,0.739,null,76.9,0.0,998.0,0.0,null
2016-02-24 07:00:00,20.96,91.1,1.621,null,76.2,0.0,997.0,0.0,null
2016-02-24 08:00:00,20.96,91.0,2.222,null,103.8,0.0,997.0,18.6,null
2016-02-24 09:00:00,21.84,88.6,1.903,null,115.9,0.0,997.0,172.6,null
2016-02-24 10:00:00,24.13,77.9,1.965,null,127.3,0.0,999.0,392.6,null
2016-02-24 11:00:00,25.64,71.4,3.208,null,148.9,0.0,999.0,591.6,null
2016-02-24 12:00:00,26.51,69.2,3.197,null,201.3,0.0,1000.0,780.2,null
2016-02-24 13:00:00,26.56,68.4,4.325,null,241.8,0.0,1000.0,870.2,null
2016-02-24 14:00:00,26.58,68.1,4.162,null,242.7,0.0,1000.0,903.6,null
2016-02-24 15:00:00,26.46,67.6,4.623,null,265.4,0.0,1000.0,858.5,null
2016-02-24 16:00:00,26.34,67.8,4.087,null,267.9,0.0,1000.0,729.4,null
2016-02-24 17:00:00,26.18,67.5,3.652,null,267.8,0.0,1000.0,536.8,null
2016-02-24 18:00:00,25.76,67.1,2.897,null,264.6,0.0,1000.0,283.8,null
2016-02-24 19:00:00,25.17,70.5,2.149,null,259.0,0.0,999.0,76.3,null
2016-02-24 20:00:00,24.27,75.9,1.365,null,289.2,0.0,1000.0,0.7,null
2016-02-24 21:00:00,23.98,77.2,0.721,null,112.7,0.0,1000.0,0.0,null
2016-02-24 22:00:00,23.83,77.7,1.686,null,148.8,0.0,1001.0,0.0,null
2016-02-24 23:00:00,23.29,79.7,1.452,null,132.9,0.0,1001.0,0.0,null
2016-02-25 00:00:00,22.87,81.0,1.933,null,138.0,0.0,1001.0,0.0,null
2016-02-25 01:00:00,22.27,82.8,1.366,null,83.2,0.0,1001.0,0.0,null
2016-02-25 02:00:00,22.12,84.7,1.063,null,74.1,0.0,1002.0,0.0,null
2016-02-25 03:00:00,22.32,82.9,1.111,null,61.4,0.0,1002.0,0.0,null
2016-02-25 04:00:00,22.46,80.4,1.359,null,81.6,0.0,1001.0,0.0,null
2016-02-25 05:00:00,21.85,82.6,1.687,null,36.7,0.0,1001.0,0.0,null
2016-02-25 06:00:00,21.95,83.3,1.02,null,45.6,0.0,1000.0,0.0,null
2016-02-25 07:00:00,21.65,84.1,1.404,null,92.6,0.0,1001.0,0.0,null
2016-02-25 08:00:00,21.44,83.2,1.204,null,61.4,0.0,1001.0,17.2,null
2016-02-25 09:00:00,21.35,82.5,1.028,null,59.3,0.0,1001.0,159.0,null
2016-02-25 10:00:00,23.74,76.9,0.896,null,29.2,0.0,1002.0,350.8,null
2016-02-25 11:00:00,26.37,68.2,1.689,null,145.7,0.0,1002.0,556.2,null
2016-02-25 12:00:00,26.37,69.2,3.83,null,273.2,0.0,1002.0,733.3,null
2016-02-25 13:00:00,26.64,68.2,3.819,null,260.4,0.0,1002.0,791.4,null
2016-02-25 14:00:00,26.63,69.7,4.331,null,261.8,0.0,1002.0,816.2,null
2016-02-25 15:00:00,26.3,73.9,4.326,null,259.0,0.0,1002.0,737.4,null
2016-02-25 16:00:00,26.13,75.1,4.342,null,263.9,0.0,1002.0,655.3,null
2016-02-25 17:00:00,25.98,74.8,3.73,null,261.4,0.0,1001.0,430.2,null
2016-02-25 18:00:00,25.96,75.3,3.053,null,269.2,0.0,1001.0,239.4,null
2016-02-25 19:00:00,25.31,78.2,2.22,null,285.2,0.0,1001.0,59.7,null
2016-02-25 20:00:00,24.53,82.0,2.058,null,306.5,0.0,1001.0,1.0,null
2016-02-25 21:00:00,24.05,83.8,1.633,null,351.3,0.0,1001.0,0.0,null
2016-02-25 22:00:00,23.74,83.1,1.452,null,13.7,0.0,1001.0,0.0,null
2016-02-25 23:00:00,23.58,82.1,1.756,null,48.3,0.0,1002.0,0.0,null
2016-02-26 00:00:00,23.27,81.7,1.552,null,42.6,0.0,1002.0,0.0,null
2016-02-26 01:00:00,23.08,82.0,1.313,null,43.6,0.0,1002.0,0.0,null
2016-02-26 02:00:00,22.62,82.4,1.318,null,46.9,0.0,1002.0,0.0,null
2016-02-26 03:00:00,21.43,85.8,0.401,null,212.1,0.0,1001.0,0.0,null
2016-02-26 04:00:00,21.91,80.5,0.617,null,172.9,0.0,1001.0,0.0,null
2016-02-26 05:00:00,21.29,82.9,1.32,null,44.0,0.0,1000.0,0.0,null
2016-02-26 06:00:00,22.82,76.6,1.061,null,109.5,0.0,999.0,0.0,null
2016-02-26 07:00:00,20.99,87.0,1.346,null,43.8,0.0,1000.0,0.3,null
2016-02-26 08:00:00,19.71,91.8,2.037,null,30.7,0.0,1000.0,18.8,null
2016-02-26 09:00:00,20.97,88.0,1.21,null,51.4,0.0,1001.0,159.0,null
2016-02-26 10:00:00,23.93,77.9,0.819,null,10.2,0.0,1001.0,380.9,null
2016-02-26 11:00:00,27.21,64.0,1.453,null,285.3,0.0,1002.0,587.0,null
2016-02-26 12:00:00,27.58,60.9,3.582,null,258.5,0.0,1002.0,748.2,null
2016-02-26 13:00:00,28.09,57.3,4.109,null,250.5,0.0,1002.0,839.2,null
2016-02-26 14:00:00,27.75,62.9,4.063,null,254.3,0.0,1002.0,875.9,null
2016-02-26 15:00:00,27.81,67.8,3.861,null,256.3,0.0,1002.0,788.1,null
2016-02-26 16:00:00,27.14,72.9,4.436,null,267.7,0.0,1001.0,634.8,null
2016-02-26 17:00:00,26.42,78.2,3.989,null,261.6,0.0,1000.0,477.5,null
2016-02-26 18:00:00,26.82,71.7,2.64,null,278.7,0.0,999.0,301.9,null
2016-02-26 19:00:00,26.28,72.0,2.474,null,304.1,0.0,999.0,79.4,null
2016-02-26 20:00:00,25.37,78.6,2.273,null,294.2,0.0,999.0,0.5,null
2016-02-26 21:00:00,24.69,83.3,1.588,null,353.6,0.0,1000.0,0.0,null
2016-02-26 22:00:00,24.19,85.3,0.995,null,6.2,0.0,999.0,0.0,null
2016-02-26 23:00:00,22.95,86.3,1.861,null,38.1,0.0,1000.0,0.1,null
2016-02-27 00:00:00,23.68,79.5,1.03,null,36.5,0.0,1001.0,0.0,null
2016-02-27 01:00:00,23.79,74.3,1.036,null,46.2,0.0,1001.0,0.0,null
2016-02-27 02:00:00,22.61,77.6,1.235,null,27.7,0.0,1001.0,0.2,null
2016-02-27 03:00:00,22.56,76.3,2.138,null,49.9,0.0,1001.0,0.1,null
2016-02-27 04:00:00,23.14,70.3,2.159,null,55.7,0.0,1001.0,0.7,null
2016-02-27 05:00:00,22.23,72.2,1.634,null,24.6,0.0,1001.0,0.4,null
2016-02-27 06:00:00,22.3,72.1,1.907,null,22.2,0.0,1000.0,0.0,null
2016-02-27 07:00:00,23.24,68.4,0.794,null,11.4,0.0,1000.0,0.0,null
2016-02-27 08:00:00,22.81,71.7,1.55,null,33.5,0.0,1001.0,9.0,null
2016-02-27 09:00:00,22.07,75.9,1.542,null,19.6,0.0,1001.0,82.0,null
2016-02-27 10:00:00,23.52,73.3,0.782,null,78.4,0.0,1002.0,194.0,null
2016-02-27 11:00:00,25.41,73.4,1.188,null,166.0,0.0,1002.0,223.4,null
2016-02-27 12:00:00,26.22,71.7,1.527,null,289.8,0.0,1002.0,272.3,null
2016-02-27 13:00:00,27.04,68.4,1.192,null,315.7,0.0,1002.0,418.5,null
2016-02-27 14:00:00,28.65,62.7,1.557,null,222.4,0.0,1001.0,533.3,null
2016-02-27 15:00:00,27.51,71.2,4.038,null,238.3,0.0,1001.0,474.9,null
2016-02-27 16:00:00,26.93,73.1,3.264,null,277.1,0.0,1000.0,628.1,null
2016-02-27 17:00:00,26.68,77.9,2.535,null,276.0,0.0,999.0,324.0,null
2016-02-27 18:00:00,28.27,65.1,1.37,null,196.4,0.0,999.0,272.5,null
2016-02-27 19:00:00,27.09,74.2,1.548,null,251.6,0.0,999.0,71.8,null
2016-02-27 20:00:00,25.4,81.4,1.366,null,241.0,0.0,998.0,1.2,null
2016-02-27 21:00:00,25.03,84.2,1.317,null,308.8,0.0,999.0,0.0,null
2016-02-27 22:00:00,24.46,85.9,1.824,null,28.7,0.0,1000.0,0.0,null
2016-02-27 23:00:00,24.24,85.6,1.308,null,15.1,0.0,1000.0,0.0,null
2016-02-28 00:00:00,23.64,87.2,2.479,null,31.0,0.0,1002.0,0.0,null
2016-02-28 01:00:00,23.64,85.4,2.046,null,34.9,0.0,1002.0,0.0,null
2016-02-28 02:00:00,22.55,86.8,2.664,null,46.4,0.0,1002.0,0.0,null
2016-02-28 03:00:00,23.5,75.8,1.901,null,53.6,0.0,1002.0,0.0,null
2016-02-28 04:00:00,21.28,82.7,1.445,null,9.3,0.0,1001.0,0.5,null
2016-02-28 05:00:00,20.87,83.5,1.468,null,124.2,0.0,1000.0,0.0,null
2016-02-28 06:00:00,21.77,81.7,1.487,null,150.2,0.0,999.0,0.1,null
2016-02-28 07:00:00,20.85,81.1,2.244,null,43.2,0.0,999.0,0.1,null
2016-02-28 08:00:00,22.23,73.9,1.141,null,47.2,0.0,999.0,21.2,null
2016-02-28 09:00:00,22.24,75.6,0.706,null,43.2,0.0,1000.0,170.7,null
2016-02-28 10:00:00,25.11,69.4,0.755,null,348.2,0.0,1000.0,353.6,null
2016-02-28 11:00:00,26.42,72.6,3.031,null,261.5,0.0,1000.0,682.6,null
2016-02-28 12:00:00,27.04,71.4,3.536,null,264.7,0.0,1001.0,769.2,null
2016-02-28 13:00:00,26.96,72.9,5.036,null,258.4,0.0,1001.0,864.2,null
2016-02-28 14:00:00,26.53,78.1,5.969,null,260.9,0.0,1001.0,894.9,null
2016-02-28 15:00:00,27.68,73.1,4.567,null,268.0,0.0,1000.0,851.0,null
2016-02-28 16:00:00,27.46,74.0,5.066,null,304.1,0.0,999.0,740.4,null
2016-02-28 17:00:00,26.76,79.6,5.831,null,298.6,0.0,998.0,533.2,null
2016-02-28 18:00:00,25.92,81.2,5.834,null,307.0,0.0,998.0,295.3,null
2016-02-28 19:00:00,25.47,80.8,5.557,null,304.6,0.0,998.0,92.9,null
2016-02-28 20:00:00,24.77,78.9,4.327,null,314.0,0.0,998.0,0.8,null
2016-02-28 21:00:00,24.0,80.0,3.523,null,330.7,0.0,998.0,0.0,null
2016-02-28 22:00:00,23.66,74.1,2.762,null,360.0,0.0,998.0,0.0,null
2016-02-28 23:00:00,23.9,67.8,1.96,null,27.7,0.0,999.0,0.0,null
2016-02-29 00:00:00,23.39,70.1,1.172,null,0.2,0.0,999.0,0.0,null
2016-02-29 01:00:00,22.99,73.8,0.966,null,20.6,0.0,999.0,0.0,null
2016-02-29 02:00:00,22.32,78.6,1.148,null,32.4,0.0,999.0,0.1,null
2016-02-29 03:00:00,20.87,79.9,1.237,null,52.4,0.0,999.0,0.2,null
2016-02-29 04:00:00,19.3,81.2,1.16,null,11.9,0.0,999.0,0.4,null
2016-02-29 05:00:00,22.32,73.1,1.814,null,174.8,0.0,999.0,0.0,null
2016-02-29 06:00:00,22.79,81.4,1.678,null,153.9,0.0,999.0,0.0,null
2016-02-29 07:00:00,20.42,86.3,1.141,null,55.8,0.0,999.0,0.3,null
2016-02-29 08:00:00,18.73,84.4,1.228,null,38.8,0.0,999.0,22.7,null
2016-02-29 09:00:00,20.19,78.9,0.635,null,66.6,0.0,1000.0,178.6,null
2016-02-29 10:00:00,24.85,71.6,0.642,null,74.7,0.0,1001.0,408.3,null
2016-02-29 11:00:00,25.78,73.9,2.55,null,287.3,0.0,1002.0,626.0,null
2016-02-29 12:00:00,26.02,70.6,3.508,null,251.7,0.0,1002.0,789.8,null
2016-02-29 13:00:00,25.99,66.7,4.759,null,261.0,0.0,1002.0,896.8,null
2016-02-29 14:00:00,26.33,72.0,5.084,null,262.4,0.0,1002.0,935.2,null
2016-02-29 15:00:00,26.72,75.0,5.341,null,263.7,0.0,1001.0,883.8,null
2016-02-29 16:00:00,26.91,74.6,4.904,null,267.4,0.0,1001.0,766.2,null
2016-02-29 17:00:00,27.0,74.1,4.494,null,284.7,0.0,1000.0,572.7,null
2016-02-29 18:00:00,25.85,78.5,4.748,null,307.2,0.0,1000.0,268.7,null
2016-02-29 19:00:00,25.32,80.4,4.276,null,305.9,0.0,1000.0,84.0,null
2016-02-29 20:00:00,24.51,83.2,3.613,null,314.6,0.0,999.0,0.9,null
2016-02-29 21:00:00,23.72,86.8,2.636,null,344.1,0.0,1000.0,0.0,null
2016-02-29 22:00:00,23.04,88.5,2.061,null,334.4,0.0,1000.0,0.0,null
2016-02-29 23:00:00,22.57,90.6,1.212,null,321.0,0.0,1001.0,0.0,null
