Red Universitaria de Observatorios Atmosfericos (RUOA)
Atmospheric Observatory Chamela (cham), Jalisco
Lat 19.4983 N, Lon 105.0446 W, Alt 91 masl
Time UTC-6h
Meteorological data
 
TIMESTAMP,Temp_Avg,RH_Avg,WSpeed_Avg,WSpeed_Max,WDir_Avg,Rain_Tot,Press_Avg,Rad_Avg,Visibility_Avg
yyyy-mm-dd HH:MM:SS,�C,%,m/s,m/s,deg,mm,hPa,W/m^2,m
2020-07-01 00:00:00,null,null,null,null,null,null,null,null,null
2020-07-01 01:00:00,null,null,null,null,null,null,null,null,null
2020-07-01 02:00:00,null,null,null,null,null,null,null,null,null
2020-07-01 03:00:00,null,null,null,null,null,null,null,null,null
2020-07-01 04:00:00,null,null,null,null,null,null,null,null,null
2020-07-01 05:00:00,null,null,null,null,null,null,null,null,null
2020-07-01 06:00:00,null,null,null,null,null,null,null,null,null
2020-07-01 07:00:00,null,null,null,null,null,null,null,null,null
2020-07-01 08:00:00,null,null,null,1.33,null,null,999.001,null,null
2020-07-01 09:00:00,27.06,80.32,1.217,2.14,308.8,0.0,999.155,152.2,null
2020-07-01 10:00:00,27.42,78.44,1.892,4.81,272.2,0.0,999.301,198.7,null
2020-07-01 11:00:00,27.88,79.18,3.004,5.7,254.2,0.0,999.228,454.9,null
2020-07-01 12:00:00,28.51,75.56,4.155,7.7,258.4,0.0,998.69,793.4,null
2020-07-01 13:00:00,28.86,73.5,4.594,8.16,253.2,0.0,998.035,896.9,null
2020-07-01 14:00:00,28.78,72.06,4.618,7.73,251.1,0.0,997.835,870.2,null
2020-07-01 15:00:00,28.82,71.88,4.686,8.64,245.4,0.0,997.321,801.1,null
2020-07-01 16:00:00,29.35,70.12,3.548,7.72,250.1,0.0,996.9,875.5,null
2020-07-01 17:00:00,28.03,73.99,3.48,7.02,244.0,0.0,996.838,224.3,null
2020-07-01 18:00:00,27.4,76.68,2.135,4.72,211.1,0.0,996.929,21.2,null
2020-07-01 19:00:00,27.16,79.27,1.085,2.29,249.1,0.0,997.479,21.8,null
2020-07-01 20:00:00,27.09,79.55,0.877,1.75,272.9,0.0,998.154,7.1,null
2020-07-01 21:00:00,26.9,80.13,0.624,1.09,353.7,0.0,998.775,-0.6,null
2020-07-01 22:00:00,null,null,null,2.06,null,null,999.18,null,null
2020-07-01 23:00:00,null,null,null,null,null,null,null,null,null
2020-07-02 00:00:00,null,null,null,null,null,null,null,null,null
2020-07-02 01:00:00,null,null,null,null,null,null,null,null,null
2020-07-02 02:00:00,null,null,null,null,null,null,null,null,null
2020-07-02 03:00:00,null,null,null,null,null,null,null,null,null
2020-07-02 04:00:00,null,null,null,null,null,null,null,null,null
2020-07-02 05:00:00,null,null,null,null,null,null,null,null,null
2020-07-02 06:00:00,null,null,null,null,null,null,null,null,null
2020-07-02 07:00:00,null,null,null,null,null,null,null,null,null
2020-07-02 08:00:00,null,null,null,null,null,null,null,null,null
2020-07-02 09:00:00,null,null,null,null,null,null,null,null,null
2020-07-02 10:00:00,null,null,null,2.98,null,null,999.708,null,null
2020-07-02 11:00:00,null,0.52,2.399,5.38,166.3,0.0,999.631,515.3,null
2020-07-02 12:00:00,null,0.55,4.245,8.39,264.9,0.0,999.09,803.4,null
2020-07-02 13:00:00,null,0.54,5.212,9.12,233.3,0.0,998.385,803.7,null
2020-07-02 14:00:00,null,0.54,4.36,9.0,225.5,0.0,998.077,845.2,null
2020-07-02 15:00:00,null,0.54,5.131,9.02,211.0,0.0,997.487,964.4,null
2020-07-02 16:00:00,null,0.54,4.986,9.23,215.9,0.0,997.082,903.2,null
2020-07-02 17:00:00,null,0.5,3.89,7.82,252.8,0.0,997.035,286.2,null
2020-07-02 18:00:00,null,0.49,2.188,4.74,256.6,0.0,997.029,259.4,null
2020-07-02 19:00:00,null,0.49,2.276,4.26,254.2,0.0,997.077,166.9,null
2020-07-02 20:00:00,null,0.48,1.721,3.55,257.0,0.0,997.35,44.8,null
2020-07-02 21:00:00,null,0.48,0.769,1.99,271.6,0.0,997.823,-0.6,null
2020-07-02 22:00:00,null,0.48,0.768,1.48,342.7,0.0,998.383,-0.6,null
2020-07-02 23:00:00,null,0.48,1.13,1.82,50.4,0.0,999.084,-0.5,null
2020-07-03 00:00:00,null,null,null,1.11,null,null,999.27,null,null
2020-07-03 01:00:00,null,null,null,null,null,null,null,null,null
2020-07-03 02:00:00,null,null,null,null,null,null,null,null,null
2020-07-03 03:00:00,null,null,null,null,null,null,null,null,null
2020-07-03 04:00:00,null,null,null,null,null,null,null,null,null
2020-07-03 05:00:00,null,null,null,null,null,null,null,null,null
2020-07-03 06:00:00,null,null,null,null,null,null,null,null,null
2020-07-03 07:00:00,null,null,null,null,null,null,null,null,null
2020-07-03 08:00:00,null,null,null,null,null,null,null,null,null
2020-07-03 09:00:00,null,null,null,null,null,null,null,null,null
2020-07-03 10:00:00,null,null,null,3.47,null,null,1000.006,null,null
2020-07-03 11:00:00,31.05,51.47,3.65,7.71,177.8,0.0,999.806,634.4,null
2020-07-03 12:00:00,31.95,49.56,5.783,11.62,201.5,0.0,999.379,815.8,null
2020-07-03 13:00:00,32.09,46.82,7.099,12.22,198.5,0.0,998.767,764.3,null
2020-07-03 14:00:00,31.81,46.91,7.971,13.2,193.2,0.0,998.157,893.6,null
2020-07-03 15:00:00,31.04,51.09,6.958,11.7,198.9,0.0,997.699,887.7,null
2020-07-03 16:00:00,30.36,58.14,6.31,11.15,207.1,0.0,997.19,837.6,null
2020-07-03 17:00:00,30.1,59.91,6.221,10.95,205.9,0.0,997.01,731.5,null
2020-07-03 18:00:00,29.0,68.81,5.851,11.36,195.2,0.0,996.865,545.1,null
2020-07-03 19:00:00,28.6,73.16,3.787,8.48,208.8,0.0,997.267,262.9,null
2020-07-03 20:00:00,27.98,75.38,2.754,5.08,213.7,0.0,997.81,37.5,null
2020-07-03 21:00:00,27.43,78.27,2.406,4.76,186.6,0.0,998.964,-0.4,null
2020-07-03 22:00:00,27.3,79.27,1.272,2.68,165.0,0.0,999.692,-0.5,null
2020-07-03 23:00:00,27.09,79.35,1.488,2.39,132.6,0.0,1000.109,-0.6,null
2020-07-04 00:00:00,null,null,null,1.59,null,null,1000.406,null,null
2020-07-04 01:00:00,null,null,null,null,null,null,null,null,null
2020-07-04 02:00:00,null,null,null,null,null,null,null,null,null
2020-07-04 03:00:00,null,null,null,null,null,null,null,null,null
2020-07-04 04:00:00,null,null,null,null,null,null,null,null,null
2020-07-04 05:00:00,null,null,null,null,null,null,null,null,null
2020-07-04 06:00:00,null,null,null,null,null,null,null,null,null
2020-07-04 07:00:00,null,null,null,null,null,null,null,null,null
2020-07-04 08:00:00,null,null,null,1.91,null,null,999.785,null,null
2020-07-04 09:00:00,28.54,67.48,2.285,4.6,77.5,0.0,999.921,301.1,null
2020-07-04 10:00:00,30.03,59.11,1.805,4.71,11.1,0.0,999.64,464.6,null
2020-07-04 11:00:00,29.84,63.19,4.118,7.25,266.1,0.0,999.236,651.3,null
2020-07-04 12:00:00,29.74,63.68,4.525,8.27,256.2,0.0,999.303,772.3,null
2020-07-04 13:00:00,29.92,63.12,4.701,9.39,253.5,0.0,999.278,865.8,null
2020-07-04 14:00:00,30.03,64.87,5.08,9.07,256.3,0.0,998.955,915.8,null
2020-07-04 15:00:00,30.11,64.59,5.042,9.27,253.9,0.0,998.344,914.3,null
2020-07-04 16:00:00,29.57,68.74,5.188,9.0,251.6,0.0,997.649,856.9,null
2020-07-04 17:00:00,28.66,75.16,4.075,7.73,253.4,0.0,997.759,368.1,null
2020-07-04 18:00:00,27.87,78.59,1.432,3.81,296.5,0.0,998.358,11.1,null
2020-07-04 19:00:00,27.15,84.25,0.834,2.02,297.8,0.8,998.731,3.3,null
2020-07-04 20:00:00,26.34,89.53,1.225,2.7,77.4,0.4,998.652,1.6,null
2020-07-04 21:00:00,null,null,null,4.05,null,null,999.013,null,null
2020-07-04 22:00:00,null,null,null,null,null,null,null,null,null
2020-07-04 23:00:00,null,null,null,null,null,null,null,null,null
2020-07-05 00:00:00,null,null,null,null,null,null,null,null,null
2020-07-05 01:00:00,null,null,null,null,null,null,null,null,null
2020-07-05 02:00:00,null,null,null,null,null,null,null,null,null
2020-07-05 03:00:00,null,null,null,null,null,null,null,null,null
2020-07-05 04:00:00,null,null,null,null,null,null,null,null,null
2020-07-05 05:00:00,null,null,null,null,null,null,null,null,null
2020-07-05 06:00:00,null,null,null,null,null,null,null,null,null
2020-07-05 07:00:00,null,null,null,null,null,null,null,null,null
2020-07-05 08:00:00,null,null,null,1.15,null,null,999.194,null,null
2020-07-05 09:00:00,27.25,75.41,1.301,2.62,41.8,0.0,999.586,316.3,null
2020-07-05 10:00:00,28.65,66.63,1.323,3.59,349.8,0.0,999.789,466.1,null
2020-07-05 11:00:00,29.1,65.18,3.038,5.83,283.1,0.0,999.761,626.8,null
2020-07-05 12:00:00,29.33,66.27,3.874,6.66,263.3,0.0,999.73,702.2,null
2020-07-05 13:00:00,29.62,66.3,4.004,7.37,251.8,0.0,999.575,862.2,null
2020-07-05 14:00:00,29.85,66.32,4.406,8.44,253.6,0.0,998.996,929.9,null
2020-07-05 15:00:00,29.78,68.41,4.616,8.54,250.1,0.0,998.393,884.9,null
2020-07-05 16:00:00,29.86,70.27,4.237,7.84,259.4,0.0,997.819,802.3,null
2020-07-05 17:00:00,29.33,72.4,4.334,8.47,277.8,0.0,997.367,632.9,null
2020-07-05 18:00:00,29.26,72.14,3.779,6.16,267.7,0.0,997.077,625.9,null
2020-07-05 19:00:00,29.2,72.36,3.143,6.71,286.6,0.0,997.238,338.1,null
2020-07-05 20:00:00,28.1,74.05,2.976,5.25,289.3,0.0,997.42,59.4,null
2020-07-05 21:00:00,27.48,77.89,2.163,4.11,304.6,0.0,998.19,-0.6,null
2020-07-05 22:00:00,27.17,80.76,1.938,3.26,346.5,0.0,998.757,-0.7,null
2020-07-05 23:00:00,26.96,82.12,1.686,2.47,31.0,null,998.769,-0.8,null
2020-07-06 00:00:00,null,null,null,null,null,null,null,null,null
2020-07-06 01:00:00,null,null,null,null,null,null,null,null,null
2020-07-06 02:00:00,null,null,null,null,null,null,null,null,null
2020-07-06 03:00:00,null,null,null,null,null,null,null,null,null
2020-07-06 04:00:00,null,null,null,null,null,null,null,null,null
2020-07-06 05:00:00,null,null,null,null,null,null,null,null,null
2020-07-06 06:00:00,null,null,null,null,null,null,null,null,null
2020-07-06 07:00:00,null,null,null,null,null,null,null,null,null
2020-07-06 08:00:00,null,null,null,1.54,null,null,998.832,null,null
2020-07-06 09:00:00,27.97,76.29,1.097,3.34,328.7,0.0,999.005,305.0,null
2020-07-06 10:00:00,28.85,73.8,1.947,4.47,286.5,0.0,999.161,391.5,null
2020-07-06 11:00:00,29.72,68.59,3.029,6.15,263.3,0.0,999.139,568.6,null
2020-07-06 12:00:00,29.63,70.38,4.466,7.76,267.7,0.0,998.81,720.9,null
2020-07-06 13:00:00,29.6,74.9,5.022,9.17,272.3,0.0,998.326,846.1,null
2020-07-06 14:00:00,29.39,76.97,5.725,9.09,272.9,0.0,997.595,903.4,null
2020-07-06 15:00:00,29.59,76.07,5.864,9.39,271.2,0.0,996.92,895.0,null
2020-07-06 16:00:00,29.88,75.5,5.228,9.31,278.9,0.0,996.575,805.3,null
2020-07-06 17:00:00,29.86,76.28,5.044,9.9,275.8,0.0,996.208,625.8,null
2020-07-06 18:00:00,29.3,77.52,4.914,9.44,295.4,0.0,996.015,448.3,null
2020-07-06 19:00:00,28.99,78.09,3.862,8.12,302.6,0.0,996.222,269.0,null
2020-07-06 20:00:00,28.45,80.62,3.521,6.69,308.2,0.0,997.087,52.1,null
2020-07-06 21:00:00,27.96,82.94,2.958,6.45,298.0,0.0,997.777,-0.4,null
2020-07-06 22:00:00,27.9,82.93,2.43,4.28,308.0,null,998.821,-0.6,null
2020-07-06 23:00:00,null,null,null,null,null,null,null,null,null
2020-07-07 00:00:00,null,null,null,null,null,null,null,null,null
2020-07-07 01:00:00,null,null,null,null,null,null,null,null,null
2020-07-07 02:00:00,null,null,null,null,null,null,null,null,null
2020-07-07 03:00:00,null,null,null,null,null,null,null,null,null
2020-07-07 04:00:00,null,null,null,null,null,null,null,null,null
2020-07-07 05:00:00,null,null,null,null,null,null,null,null,null
2020-07-07 06:00:00,null,null,null,null,null,null,null,null,null
2020-07-07 07:00:00,null,null,null,null,null,null,null,null,null
2020-07-07 08:00:00,null,null,null,null,null,null,null,null,null
2020-07-07 09:00:00,null,null,null,null,null,null,null,null,null
2020-07-07 10:00:00,null,null,null,6.12,null,null,999.479,null,null
2020-07-07 11:00:00,27.02,72.16,2.218,5.44,84.8,0.0,999.091,434.3,null
2020-07-07 12:00:00,28.61,61.62,2.77,4.8,77.8,0.0,998.822,495.4,null
2020-07-07 13:00:00,30.04,58.34,3.085,6.12,131.5,0.0,998.213,777.1,null
2020-07-07 14:00:00,30.84,60.75,3.109,6.03,220.8,0.0,997.794,805.4,null
2020-07-07 15:00:00,30.76,58.23,3.781,7.29,237.8,0.0,997.419,915.2,null
2020-07-07 16:00:00,30.3,59.78,4.445,7.48,247.9,0.0,997.075,899.8,null
2020-07-07 17:00:00,30.0,63.81,3.325,5.77,276.3,0.0,996.647,762.3,null
2020-07-07 18:00:00,29.3,64.67,2.358,5.54,278.3,0.0,996.61,441.8,null
2020-07-07 19:00:00,29.29,65.03,2.095,3.65,274.9,0.0,996.762,374.9,null
2020-07-07 20:00:00,28.11,72.16,1.513,3.14,276.1,0.0,997.518,71.4,null
2020-07-07 21:00:00,27.41,73.26,1.233,2.34,291.0,0.0,998.353,-0.6,null
2020-07-07 22:00:00,null,null,null,null,null,null,null,null,null
2020-07-07 23:00:00,null,null,null,null,null,null,null,null,null
2020-07-08 00:00:00,null,null,null,null,null,null,null,null,null
2020-07-08 01:00:00,null,null,null,null,null,null,null,null,null
2020-07-08 02:00:00,null,null,null,null,null,null,null,null,null
2020-07-08 03:00:00,null,null,null,null,null,null,null,null,null
2020-07-08 04:00:00,null,null,null,null,null,null,null,null,null
2020-07-08 05:00:00,null,null,null,null,null,null,null,null,null
2020-07-08 06:00:00,null,null,null,null,null,null,null,null,null
2020-07-08 07:00:00,null,null,null,null,null,null,null,null,null
2020-07-08 08:00:00,null,null,null,null,null,null,null,null,null
2020-07-08 09:00:00,null,null,null,null,null,null,null,null,null
2020-07-08 10:00:00,null,0.48,5.358,8.77,163.9,null,999.837,372.3,null
2020-07-08 11:00:00,null,0.47,5.308,10.92,160.2,0.0,1000.411,286.3,null
2020-07-08 12:00:00,null,0.48,4.188,8.35,174.0,0.0,1000.408,343.9,null
2020-07-08 13:00:00,null,0.48,4.173,7.94,182.7,0.0,999.869,545.5,null
2020-07-08 14:00:00,null,0.49,4.343,8.63,194.5,0.0,998.878,757.7,null
2020-07-08 15:00:00,null,0.51,5.883,14.4,193.9,0.0,998.016,749.7,null
2020-07-08 16:00:00,null,0.49,7.11,12.78,161.6,0.0,997.49,417.3,null
2020-07-08 17:00:00,null,0.48,5.854,11.27,153.0,0.0,997.776,61.7,null
2020-07-08 18:00:00,null,0.48,5.469,11.67,149.6,0.0,997.713,67.0,null
2020-07-08 19:00:00,null,0.48,4.096,7.29,132.6,0.0,997.516,31.8,null
2020-07-08 20:00:00,null,0.48,2.835,6.11,110.4,0.0,997.494,6.5,null
2020-07-08 21:00:00,null,0.48,1.664,3.09,167.0,null,997.969,-0.4,null
2020-07-08 22:00:00,null,null,null,null,null,null,null,null,null
2020-07-08 23:00:00,null,null,null,null,null,null,null,null,null
2020-07-09 00:00:00,null,null,null,null,null,null,null,null,null
2020-07-09 01:00:00,null,null,null,null,null,null,null,null,null
2020-07-09 02:00:00,null,null,null,null,null,null,null,null,null
2020-07-09 03:00:00,null,null,null,null,null,null,null,null,null
2020-07-09 04:00:00,null,null,null,null,null,null,null,null,null
2020-07-09 05:00:00,null,null,null,null,null,null,null,null,null
2020-07-09 06:00:00,null,null,null,null,null,null,null,null,null
2020-07-09 07:00:00,null,null,null,null,null,null,null,null,null
2020-07-09 08:00:00,null,null,null,null,null,null,null,null,null
2020-07-09 09:00:00,null,null,null,5.64,null,null,999.368,null,null
2020-07-09 10:00:00,null,0.48,3.118,5.64,162.0,0.0,999.266,335.2,null
2020-07-09 11:00:00,null,0.5,3.168,5.78,171.1,0.0,999.29,322.2,null
2020-07-09 12:00:00,null,0.53,3.7,7.23,177.5,0.0,999.191,426.5,null
2020-07-09 13:00:00,null,0.52,4.758,9.14,183.2,0.0,999.05,439.5,null
2020-07-09 14:00:00,null,0.51,5.285,9.01,193.8,0.0,998.493,514.6,null
2020-07-09 15:00:00,null,0.49,5.404,10.19,191.0,0.0,998.01,539.4,null
2020-07-09 16:00:00,null,0.49,5.515,9.31,188.4,0.0,997.761,824.2,null
2020-07-09 17:00:00,null,0.49,5.099,8.8,189.8,0.0,997.432,669.3,null
2020-07-09 18:00:00,null,0.48,4.594,8.34,204.4,0.0,997.173,341.2,null
2020-07-09 19:00:00,null,0.48,3.691,6.46,188.6,0.0,997.137,94.5,null
2020-07-09 20:00:00,null,0.48,3.222,5.87,182.5,0.0,997.792,15.2,null
2020-07-09 21:00:00,null,0.48,2.32,3.54,150.9,0.0,998.336,-0.4,null
2020-07-09 22:00:00,null,null,null,2.42,null,null,998.697,null,null
2020-07-09 23:00:00,null,null,null,null,null,null,null,null,null
2020-07-10 00:00:00,null,null,null,null,null,null,null,null,null
2020-07-10 01:00:00,null,null,null,null,null,null,null,null,null
2020-07-10 02:00:00,null,null,null,null,null,null,null,null,null
2020-07-10 03:00:00,null,null,null,null,null,null,null,null,null
2020-07-10 04:00:00,null,null,null,null,null,null,null,null,null
2020-07-10 05:00:00,null,null,null,null,null,null,null,null,null
2020-07-10 06:00:00,null,null,null,null,null,null,null,null,null
2020-07-10 07:00:00,null,null,null,null,null,null,null,null,null
2020-07-10 08:00:00,null,null,null,null,null,null,null,null,null
2020-07-10 09:00:00,28.2,74.72,1.261,2.26,31.8,null,1000.524,338.4,null
2020-07-10 10:00:00,29.77,61.64,1.489,4.27,6.3,0.0,1000.293,469.7,null
2020-07-10 11:00:00,30.13,58.56,3.476,5.59,276.5,0.0,1000.038,653.9,null
2020-07-10 12:00:00,30.31,61.63,3.785,7.05,272.7,0.0,999.712,782.4,null
2020-07-10 13:00:00,29.79,66.38,4.08,7.33,262.3,0.0,999.583,702.7,null
2020-07-10 14:00:00,29.77,71.41,4.157,7.83,273.5,0.0,999.308,907.0,null
2020-07-10 15:00:00,29.19,76.19,5.257,8.57,271.5,0.0,998.698,944.2,null
2020-07-10 16:00:00,29.9,71.93,4.606,9.06,279.5,0.0,998.555,926.9,null
2020-07-10 17:00:00,29.56,74.89,5.06,9.12,290.7,0.0,998.422,647.8,null
2020-07-10 18:00:00,27.97,82.09,4.139,7.59,297.3,0.0,998.436,100.0,null
2020-07-10 19:00:00,27.74,82.67,3.753,6.58,310.2,0.0,998.427,88.4,null
2020-07-10 20:00:00,27.45,83.49,3.993,6.71,314.7,0.0,998.887,23.3,null
2020-07-10 21:00:00,27.33,83.7,3.856,6.61,314.9,0.0,999.404,-0.4,null
2020-07-10 22:00:00,null,null,null,5.36,null,null,999.685,null,null
2020-07-10 23:00:00,null,null,null,null,null,null,null,null,null
2020-07-11 00:00:00,null,null,null,null,null,null,null,null,null
2020-07-11 01:00:00,null,null,null,null,null,null,null,null,null
2020-07-11 02:00:00,null,null,null,null,null,null,null,null,null
2020-07-11 03:00:00,null,null,null,null,null,null,null,null,null
2020-07-11 04:00:00,null,null,null,null,null,null,null,null,null
2020-07-11 05:00:00,null,null,null,null,null,null,null,null,null
2020-07-11 06:00:00,null,null,null,null,null,null,null,null,null
2020-07-11 07:00:00,null,null,null,null,null,null,null,null,null
2020-07-11 08:00:00,null,null,null,3.37,null,null,997.588,null,null
2020-07-11 09:00:00,28.19,80.96,2.305,5.56,307.3,0.0,998.045,254.2,null
2020-07-11 10:00:00,29.09,76.11,1.485,3.93,142.9,0.0,998.222,355.3,null
2020-07-11 11:00:00,29.84,74.15,2.833,5.88,233.5,0.0,998.516,514.0,null
2020-07-11 12:00:00,30.34,74.19,3.036,6.39,264.5,0.0,998.836,698.8,null
2020-07-11 13:00:00,30.2,73.15,3.667,6.36,266.2,0.0,998.329,741.0,null
2020-07-11 14:00:00,31.08,68.21,2.514,5.32,254.0,0.0,997.787,569.6,null
2020-07-11 15:00:00,31.08,67.98,3.179,5.65,262.4,0.0,997.311,653.0,null
2020-07-11 16:00:00,31.24,67.44,3.354,6.38,270.5,0.0,996.63,741.4,null
2020-07-11 17:00:00,31.06,66.21,2.773,5.04,263.8,0.0,996.114,548.6,null
2020-07-11 18:00:00,30.03,74.48,3.304,5.52,302.5,0.0,995.903,244.6,null
2020-07-11 19:00:00,29.21,81.6,3.002,5.22,310.9,0.0,996.144,195.3,null
2020-07-11 20:00:00,28.52,86.95,2.495,5.63,300.9,0.0,996.984,51.8,null
2020-07-11 21:00:00,28.03,89.39,1.458,3.01,287.4,0.0,997.558,-0.5,null
2020-07-11 22:00:00,null,null,null,3.46,null,null,997.511,null,null
2020-07-11 23:00:00,null,null,null,null,null,null,null,null,null
2020-07-12 00:00:00,null,null,null,null,null,null,null,null,null
2020-07-12 01:00:00,null,null,null,null,null,null,null,null,null
2020-07-12 02:00:00,null,null,null,null,null,null,null,null,null
2020-07-12 03:00:00,null,null,null,null,null,null,null,null,null
2020-07-12 04:00:00,null,null,null,null,null,null,null,null,null
2020-07-12 05:00:00,null,null,null,null,null,null,null,null,null
2020-07-12 06:00:00,null,null,null,null,null,null,null,null,null
2020-07-12 07:00:00,null,null,null,null,null,null,null,null,null
2020-07-12 08:00:00,null,null,null,null,null,null,null,null,null
2020-07-12 09:00:00,27.43,79.86,1.461,4.07,97.0,null,999.971,258.2,null
2020-07-12 10:00:00,27.88,76.68,1.717,3.54,136.7,0.0,1000.322,224.8,null
2020-07-12 11:00:00,28.96,71.21,1.456,3.74,134.5,0.0,1000.415,310.2,null
2020-07-12 12:00:00,29.01,70.53,2.132,5.15,182.9,0.0,1000.325,327.7,null
2020-07-12 13:00:00,29.91,65.96,2.945,5.44,178.9,0.0,1000.024,625.4,null
2020-07-12 14:00:00,29.44,71.92,4.109,8.59,200.5,0.0,999.537,442.9,null
2020-07-12 15:00:00,29.92,64.81,5.702,10.8,176.9,0.1,998.795,596.8,null
2020-07-12 16:00:00,29.47,67.97,5.223,9.57,176.2,0.0,998.492,388.0,null
2020-07-12 17:00:00,28.56,73.97,3.917,8.13,166.0,0.0,998.167,82.6,null
2020-07-12 18:00:00,28.43,73.58,2.963,7.24,156.8,0.0,998.361,84.7,null
2020-07-12 19:00:00,28.12,74.65,3.706,9.32,126.4,0.1,998.791,20.5,null
2020-07-12 20:00:00,26.28,84.38,5.045,8.51,106.8,0.8,999.252,1.6,null
2020-07-12 21:00:00,null,null,null,6.24,null,null,999.437,null,null
2020-07-12 22:00:00,null,null,null,null,null,null,null,null,null
2020-07-12 23:00:00,null,null,null,null,null,null,null,null,null
2020-07-13 00:00:00,null,null,null,null,null,null,null,null,null
2020-07-13 01:00:00,null,null,null,null,null,null,null,null,null
2020-07-13 02:00:00,null,null,null,null,null,null,null,null,null
2020-07-13 03:00:00,null,null,null,null,null,null,null,null,null
2020-07-13 04:00:00,null,null,null,null,null,null,null,null,null
2020-07-13 05:00:00,null,null,null,null,null,null,null,null,null
2020-07-13 06:00:00,null,null,null,null,null,null,null,null,null
2020-07-13 07:00:00,null,null,null,null,null,null,null,null,null
2020-07-13 08:00:00,null,null,null,2.52,null,null,1000.93,null,null
2020-07-13 09:00:00,26.49,80.76,1.083,4.26,9.4,0.0,1001.307,291.2,null
2020-07-13 10:00:00,29.13,65.02,2.313,4.87,122.1,0.0,1001.784,482.3,null
2020-07-13 11:00:00,30.55,60.0,1.963,5.04,173.3,0.0,1001.927,646.1,null
2020-07-13 12:00:00,30.33,65.86,3.503,7.3,233.0,0.0,1001.525,785.4,null
2020-07-13 13:00:00,30.46,64.89,3.759,7.82,223.3,0.0,1001.001,876.2,null
2020-07-13 14:00:00,30.75,60.07,4.391,7.47,200.4,0.0,1000.246,925.3,null
2020-07-13 15:00:00,30.86,59.16,4.274,8.38,214.3,0.0,999.542,926.0,null
2020-07-13 16:00:00,30.53,63.83,4.004,7.81,233.2,0.0,998.829,866.2,null
2020-07-13 17:00:00,29.55,72.05,4.035,6.84,274.3,0.0,998.636,763.2,null
2020-07-13 18:00:00,29.14,75.92,3.217,6.32,285.4,0.0,998.638,515.3,null
2020-07-13 19:00:00,28.62,78.24,2.91,5.37,313.7,0.0,998.952,252.5,null
2020-07-13 20:00:00,27.51,83.51,2.618,4.95,308.6,0.0,999.346,24.1,null
2020-07-13 21:00:00,27.2,84.02,1.655,2.94,334.6,null,999.886,-0.5,null
2020-07-13 22:00:00,null,null,null,null,null,null,null,null,null
2020-07-13 23:00:00,null,null,null,null,null,null,null,null,null
2020-07-14 00:00:00,null,null,null,null,null,null,null,null,null
2020-07-14 01:00:00,null,null,null,null,null,null,null,null,null
2020-07-14 02:00:00,null,null,null,null,null,null,null,null,null
2020-07-14 03:00:00,null,null,null,null,null,null,null,null,null
2020-07-14 04:00:00,null,null,null,null,null,null,null,null,null
2020-07-14 05:00:00,null,null,null,null,null,null,null,null,null
2020-07-14 06:00:00,null,null,null,null,null,null,null,null,null
2020-07-14 07:00:00,null,null,null,null,null,null,null,null,null
2020-07-14 08:00:00,null,null,null,1.28,null,null,1000.509,null,null
2020-07-14 09:00:00,27.45,84.4,1.646,3.83,359.9,0.0,1000.711,293.9,null
2020-07-14 10:00:00,28.49,78.11,2.641,4.64,316.5,0.0,1000.726,438.4,null
2020-07-14 11:00:00,29.24,75.97,3.043,6.86,296.3,0.0,1000.487,647.4,null
2020-07-14 12:00:00,29.54,73.18,3.969,7.15,266.1,0.0,1000.222,736.0,null
2020-07-14 13:00:00,29.46,77.99,5.395,9.19,270.3,0.0,999.856,861.7,null
2020-07-14 14:00:00,29.17,79.96,5.682,10.28,285.0,0.0,999.525,619.3,null
2020-07-14 15:00:00,29.26,79.24,5.105,9.64,292.5,0.0,999.144,592.0,null
2020-07-14 16:00:00,28.83,81.43,5.191,9.7,294.6,0.0,998.491,410.1,null
2020-07-14 17:00:00,28.64,81.7,5.353,9.54,288.3,0.0,997.63,366.7,null
2020-07-14 18:00:00,28.1,84.26,4.973,9.02,287.9,0.0,997.378,142.0,null
2020-07-14 19:00:00,27.86,84.44,4.649,8.33,301.6,0.0,997.59,52.1,null
2020-07-14 20:00:00,27.7,85.12,4.741,8.44,307.5,0.0,997.927,8.7,null
2020-07-14 21:00:00,27.68,85.38,4.95,8.17,312.3,0.0,998.526,-0.0,null
2020-07-14 22:00:00,27.65,86.25,4.91,9.46,317.6,0.0,998.395,-0.1,null
2020-07-14 23:00:00,27.44,86.38,3.442,7.79,327.6,0.0,998.42,-0.2,null
2020-07-15 00:00:00,27.23,87.08,2.003,3.37,345.0,null,998.979,-0.2,null
2020-07-15 01:00:00,null,null,null,null,null,null,null,null,null
2020-07-15 02:00:00,null,null,null,null,null,null,null,null,null
2020-07-15 03:00:00,null,null,null,null,null,null,null,null,null
2020-07-15 04:00:00,null,null,null,null,null,null,null,null,null
2020-07-15 05:00:00,null,null,null,null,null,null,null,null,null
2020-07-15 06:00:00,null,null,null,null,null,null,null,null,null
2020-07-15 07:00:00,null,null,null,null,null,null,null,null,null
2020-07-15 08:00:00,26.63,82.1,1.881,3.57,121.0,null,999.039,146.4,null
2020-07-15 09:00:00,27.68,80.99,3.058,5.85,138.1,0.0,999.667,245.4,null
2020-07-15 10:00:00,28.44,80.06,3.239,6.01,167.7,0.0,999.828,293.6,null
2020-07-15 11:00:00,29.37,74.36,3.485,6.06,166.4,0.0,999.943,572.6,null
2020-07-15 12:00:00,30.39,72.2,4.085,8.22,203.2,0.0,999.825,621.6,null
2020-07-15 13:00:00,30.4,72.06,5.75,10.56,205.8,0.0,999.43,872.0,null
2020-07-15 14:00:00,30.02,75.8,5.197,9.07,202.4,0.0,998.693,926.5,null
2020-07-15 15:00:00,30.47,73.75,3.893,7.52,245.1,0.0,997.968,887.2,null
2020-07-15 16:00:00,30.22,73.26,4.216,7.9,274.8,0.0,997.222,877.5,null
2020-07-15 17:00:00,29.46,78.75,4.166,8.46,277.5,0.0,996.771,480.8,null
2020-07-15 18:00:00,29.37,78.9,4.102,7.13,306.9,0.0,996.741,486.5,null
2020-07-15 19:00:00,28.85,81.56,4.014,6.58,298.1,0.0,996.785,296.6,null
2020-07-15 20:00:00,27.99,87.08,3.751,7.42,305.0,0.0,996.551,70.6,null
2020-07-15 21:00:00,27.52,88.96,3.628,6.24,317.1,0.0,997.232,-0.4,null
2020-07-15 22:00:00,null,null,null,4.89,null,null,997.592,null,null
2020-07-15 23:00:00,null,null,null,null,null,null,null,null,null
2020-07-16 00:00:00,null,null,null,null,null,null,null,null,null
2020-07-16 01:00:00,null,null,null,null,null,null,null,null,null
2020-07-16 02:00:00,null,null,null,null,null,null,null,null,null
2020-07-16 03:00:00,null,null,null,null,null,null,null,null,null
2020-07-16 04:00:00,null,null,null,null,null,null,null,null,null
2020-07-16 05:00:00,null,null,null,null,null,null,null,null,null
2020-07-16 06:00:00,null,null,null,null,null,null,null,null,null
2020-07-16 07:00:00,null,null,null,null,null,null,null,null,null
2020-07-16 08:00:00,null,null,null,null,null,null,null,null,null
2020-07-16 09:00:00,null,null,null,1.23,null,null,999.633,null,null
2020-07-16 10:00:00,27.57,84.94,2.297,4.28,146.7,0.0,1000.126,388.1,null
2020-07-16 11:00:00,29.54,78.01,2.513,5.14,176.9,0.0,1000.021,640.3,null
2020-07-16 12:00:00,30.75,73.56,2.811,6.19,196.1,0.0,999.889,734.1,null
2020-07-16 13:00:00,30.75,74.02,4.192,8.89,210.2,0.1,999.371,828.9,null
2020-07-16 14:00:00,29.85,79.26,3.924,7.07,263.2,0.0,998.676,738.2,null
2020-07-16 15:00:00,29.46,79.05,4.071,8.11,260.4,0.0,997.814,629.1,null
2020-07-16 16:00:00,28.97,81.44,3.526,6.46,262.4,0.0,997.707,317.5,null
2020-07-16 17:00:00,28.14,85.52,2.877,5.71,292.4,0.0,997.941,57.5,null
2020-07-16 18:00:00,27.63,89.13,2.241,4.29,312.7,null,997.407,20.6,null
2020-07-16 19:00:00,null,null,null,null,null,null,null,null,null
2020-07-16 20:00:00,null,null,null,null,null,null,null,null,null
2020-07-16 21:00:00,null,null,null,null,null,null,null,null,null
2020-07-16 22:00:00,null,null,null,null,null,null,null,null,null
2020-07-16 23:00:00,null,null,null,null,null,null,null,null,null
2020-07-17 00:00:00,null,null,null,null,null,null,null,null,null
2020-07-17 01:00:00,null,null,null,null,null,null,null,null,null
2020-07-17 02:00:00,null,null,null,null,null,null,null,null,null
2020-07-17 03:00:00,null,null,null,null,null,null,null,null,null
2020-07-17 04:00:00,null,null,null,null,null,null,null,null,null
2020-07-17 05:00:00,null,null,null,null,null,null,null,null,null
2020-07-17 06:00:00,null,null,null,null,null,null,null,null,null
2020-07-17 07:00:00,null,null,null,null,null,null,null,null,null
2020-07-17 08:00:00,null,null,null,null,null,null,null,null,null
2020-07-17 09:00:00,null,null,null,null,null,null,null,null,null
2020-07-17 10:00:00,null,null,null,null,null,null,null,null,null
2020-07-17 11:00:00,26.36,75.39,2.337,6.33,83.9,null,1002.431,310.2,null
2020-07-17 12:00:00,30.06,54.35,1.76,3.94,114.2,0.0,1001.962,689.6,null
2020-07-17 13:00:00,31.59,49.7,2.543,5.64,341.3,0.0,1001.063,921.3,null
2020-07-17 14:00:00,30.9,56.44,4.001,6.16,256.3,0.0,999.979,895.2,null
2020-07-17 15:00:00,31.28,54.83,3.014,5.63,252.9,0.0,999.22,780.4,null
2020-07-17 16:00:00,31.48,54.56,3.0,6.66,234.6,0.0,998.304,858.6,null
2020-07-17 17:00:00,29.99,62.0,4.416,6.92,214.5,0.0,997.637,693.6,null
2020-07-17 18:00:00,29.36,69.66,3.577,6.44,242.3,0.0,997.269,522.6,null
2020-07-17 19:00:00,28.85,72.39,2.672,5.72,252.8,0.0,997.568,351.8,null
2020-07-17 20:00:00,27.79,75.73,1.92,3.16,290.1,0.0,998.301,60.8,null
2020-07-17 21:00:00,null,null,null,2.38,null,null,998.624,null,null
2020-07-17 22:00:00,null,null,null,null,null,null,null,null,null
2020-07-17 23:00:00,null,null,null,null,null,null,null,null,null
2020-07-18 00:00:00,null,null,null,null,null,null,null,null,null
2020-07-18 01:00:00,null,null,null,null,null,null,null,null,null
2020-07-18 02:00:00,null,null,null,null,null,null,null,null,null
2020-07-18 03:00:00,null,null,null,null,null,null,null,null,null
2020-07-18 04:00:00,null,null,null,null,null,null,null,null,null
2020-07-18 05:00:00,null,null,null,null,null,null,null,null,null
2020-07-18 06:00:00,null,null,null,null,null,null,null,null,null
2020-07-18 07:00:00,null,null,null,null,null,null,null,null,null
2020-07-18 08:00:00,24.93,81.34,1.037,2.32,36.1,null,999.598,157.8,null
2020-07-18 09:00:00,26.5,77.69,0.856,1.78,28.3,0.0,999.868,285.5,null
2020-07-18 10:00:00,28.59,69.2,1.349,3.3,276.2,0.0,999.861,469.2,null
2020-07-18 11:00:00,29.31,63.54,2.995,5.08,254.0,0.0,999.711,631.7,null
2020-07-18 12:00:00,29.67,64.8,3.67,6.32,264.5,0.0,999.512,765.3,null
2020-07-18 13:00:00,29.86,63.01,3.924,7.14,267.4,0.0,999.284,861.5,null
2020-07-18 14:00:00,29.94,68.77,3.52,6.51,279.4,0.0,998.882,914.9,null
2020-07-18 15:00:00,29.99,71.98,3.457,6.86,276.5,0.0,998.055,914.4,null
2020-07-18 16:00:00,29.74,73.1,3.839,6.62,278.4,0.0,997.44,865.8,null
2020-07-18 17:00:00,29.87,73.4,3.82,6.36,270.1,0.0,996.955,781.0,null
2020-07-18 18:00:00,29.78,74.22,2.979,6.73,276.3,0.0,996.517,519.1,null
2020-07-18 19:00:00,28.74,75.5,2.656,4.31,312.0,0.0,996.719,152.9,null
2020-07-18 20:00:00,28.24,77.21,2.119,3.56,305.7,null,997.131,44.2,null
2020-07-18 21:00:00,null,null,null,null,null,null,null,null,null
2020-07-18 22:00:00,null,null,null,null,null,null,null,null,null
2020-07-18 23:00:00,null,null,null,null,null,null,null,null,null
2020-07-19 00:00:00,null,null,null,null,null,null,null,null,null
2020-07-19 01:00:00,null,null,null,null,null,null,null,null,null
2020-07-19 02:00:00,null,null,null,null,null,null,null,null,null
2020-07-19 03:00:00,null,null,null,null,null,null,null,null,null
2020-07-19 04:00:00,null,null,null,null,null,null,null,null,null
2020-07-19 05:00:00,null,null,null,null,null,null,null,null,null
2020-07-19 06:00:00,null,null,null,null,null,null,null,null,null
2020-07-19 07:00:00,null,null,null,null,null,null,null,null,null
2020-07-19 08:00:00,null,null,null,0.93,null,null,997.737,null,null
2020-07-19 09:00:00,27.17,83.01,0.742,1.65,336.0,0.0,997.987,282.4,null
2020-07-19 10:00:00,29.18,71.19,1.154,3.29,293.9,0.0,998.337,460.2,null
2020-07-19 11:00:00,29.77,71.72,2.785,5.65,275.9,0.0,998.589,624.6,null
2020-07-19 12:00:00,29.4,73.91,3.787,6.44,263.5,0.0,998.497,762.0,null
2020-07-19 13:00:00,29.31,74.25,5.443,7.8,271.9,0.0,998.197,862.0,null
2020-07-19 14:00:00,29.83,75.79,5.184,8.58,266.0,0.0,997.825,916.0,null
2020-07-19 15:00:00,30.08,76.18,5.111,8.54,275.6,0.0,997.088,896.5,null
2020-07-19 16:00:00,30.36,74.86,5.154,9.49,293.0,0.0,996.59,837.1,null
2020-07-19 17:00:00,29.69,77.15,5.237,9.2,308.7,0.0,996.749,603.9,null
2020-07-19 18:00:00,29.29,78.68,4.553,7.9,310.4,0.0,996.882,393.0,null
2020-07-19 19:00:00,28.31,83.52,3.421,5.54,305.5,0.0,997.294,46.6,null
2020-07-19 20:00:00,null,null,null,4.01,null,null,997.319,null,null
2020-07-19 21:00:00,null,null,null,null,null,null,null,null,null
2020-07-19 22:00:00,null,null,null,null,null,null,null,null,null
2020-07-19 23:00:00,null,null,null,null,null,null,null,null,null
2020-07-20 00:00:00,null,null,null,null,null,null,null,null,null
2020-07-20 01:00:00,null,null,null,null,null,null,null,null,null
2020-07-20 02:00:00,null,null,null,null,null,null,null,null,null
2020-07-20 03:00:00,null,null,null,null,null,null,null,null,null
2020-07-20 04:00:00,null,null,null,null,null,null,null,null,null
2020-07-20 05:00:00,null,null,null,null,null,null,null,null,null
2020-07-20 06:00:00,null,null,null,null,null,null,null,null,null
2020-07-20 07:00:00,null,null,null,null,null,null,null,null,null
2020-07-20 08:00:00,null,null,null,0.97,null,null,999.657,null,null
2020-07-20 09:00:00,27.09,77.73,0.696,1.85,65.3,0.0,999.813,279.3,null
2020-07-20 10:00:00,28.45,74.66,1.587,3.26,309.4,0.0,999.79,462.6,null
2020-07-20 11:00:00,29.49,70.7,2.739,5.32,272.8,0.0,999.545,625.8,null
2020-07-20 12:00:00,29.33,72.05,4.772,8.29,268.3,0.0,999.127,762.6,null
2020-07-20 13:00:00,29.03,75.06,5.615,8.77,267.8,0.0,998.804,856.2,null
2020-07-20 14:00:00,29.4,74.95,5.221,8.82,269.0,0.0,998.071,906.5,null
2020-07-20 15:00:00,29.73,74.93,4.686,8.78,272.9,0.0,997.382,925.3,null
2020-07-20 16:00:00,29.22,77.41,5.368,8.96,268.9,0.0,996.853,739.8,null
2020-07-20 17:00:00,29.02,77.33,4.295,7.98,274.8,0.0,996.474,473.4,null
2020-07-20 18:00:00,28.57,78.12,4.384,7.55,302.9,0.0,996.1,313.3,null
2020-07-20 19:00:00,28.1,79.64,4.881,8.69,311.2,0.0,995.799,252.2,null
2020-07-20 20:00:00,27.5,81.8,4.4,7.59,318.4,null,996.337,30.1,null
2020-07-20 21:00:00,null,null,null,null,null,null,null,null,null
2020-07-20 22:00:00,null,null,null,null,null,null,null,null,null
2020-07-20 23:00:00,null,null,null,null,null,null,null,null,null
2020-07-21 00:00:00,null,null,null,null,null,null,null,null,null
2020-07-21 01:00:00,null,null,null,null,null,null,null,null,null
2020-07-21 02:00:00,null,null,null,null,null,null,null,null,null
2020-07-21 03:00:00,null,null,null,null,null,null,null,null,null
2020-07-21 04:00:00,null,null,null,null,null,null,null,null,null
2020-07-21 05:00:00,null,null,null,null,null,null,null,null,null
2020-07-21 06:00:00,null,null,null,null,null,null,null,null,null
2020-07-21 07:00:00,null,null,null,null,null,null,null,null,null
2020-07-21 08:00:00,null,null,null,3.36,null,null,998.163,null,null
2020-07-21 09:00:00,26.48,82.29,1.69,3.15,36.0,0.0,998.185,285.6,null
2020-07-21 10:00:00,28.16,75.26,2.673,5.82,325.1,0.0,998.025,412.9,null
2020-07-21 11:00:00,29.38,69.61,3.697,6.85,316.2,0.0,997.919,634.4,null
2020-07-21 12:00:00,29.86,70.85,4.579,8.84,290.0,0.0,997.789,767.5,null
2020-07-21 13:00:00,30.08,70.37,4.799,9.74,280.3,0.0,997.572,844.3,null
2020-07-21 14:00:00,29.91,69.95,5.313,9.13,273.2,0.0,997.235,916.6,null
2020-07-21 15:00:00,29.92,72.51,5.398,9.7,280.1,0.0,996.701,792.5,null
2020-07-21 16:00:00,29.72,73.74,5.238,9.86,293.2,0.0,996.073,726.9,null
2020-07-21 17:00:00,29.64,74.31,5.293,9.24,296.8,0.0,995.857,762.1,null
2020-07-21 18:00:00,28.97,77.27,5.007,8.85,296.5,0.0,995.729,445.9,null
2020-07-21 19:00:00,28.35,80.14,5.568,9.27,299.7,0.0,995.584,296.9,null
2020-07-21 20:00:00,27.76,82.81,4.73,8.07,311.9,null,995.951,37.0,null
2020-07-21 21:00:00,null,null,null,null,null,null,null,null,null
2020-07-21 22:00:00,null,null,null,null,null,null,null,null,null
2020-07-21 23:00:00,null,null,null,null,null,null,null,null,null
2020-07-22 00:00:00,null,null,null,null,null,null,null,null,null
2020-07-22 01:00:00,null,null,null,null,null,null,null,null,null
2020-07-22 02:00:00,null,null,null,null,null,null,null,null,null
2020-07-22 03:00:00,null,null,null,null,null,null,null,null,null
2020-07-22 04:00:00,null,null,null,null,null,null,null,null,null
2020-07-22 05:00:00,null,null,null,null,null,null,null,null,null
2020-07-22 06:00:00,null,null,null,null,null,null,null,null,null
2020-07-22 07:00:00,null,null,null,null,null,null,null,null,null
2020-07-22 08:00:00,null,null,null,1.05,null,null,998.805,null,null
2020-07-22 09:00:00,28.06,78.1,0.882,2.41,353.0,0.0,999.018,290.9,null
2020-07-22 10:00:00,28.59,74.97,1.976,5.24,274.7,0.0,999.488,370.4,null
2020-07-22 11:00:00,28.77,75.55,3.43,6.38,262.6,0.0,999.827,584.8,null
2020-07-22 12:00:00,29.11,75.5,4.533,7.89,270.2,0.0,999.822,733.3,null
2020-07-22 13:00:00,29.46,72.55,4.525,7.76,274.5,0.0,999.676,890.8,null
2020-07-22 14:00:00,29.35,73.04,4.563,7.92,283.8,0.0,999.265,710.9,null
2020-07-22 15:00:00,29.64,71.4,4.36,8.19,276.0,0.0,998.689,849.4,null
2020-07-22 16:00:00,29.23,72.07,4.507,7.64,275.9,0.0,998.097,582.3,null
2020-07-22 17:00:00,29.01,72.57,4.205,7.77,280.5,0.0,997.745,465.3,null
2020-07-22 18:00:00,28.37,74.68,3.97,7.43,302.2,0.0,997.286,215.2,null
2020-07-22 19:00:00,27.9,76.02,3.491,6.83,318.7,0.0,997.598,93.6,null
2020-07-22 20:00:00,null,null,null,3.93,null,null,997.676,null,null
2020-07-22 21:00:00,null,null,null,null,null,null,null,null,null
2020-07-22 22:00:00,null,null,null,null,null,null,null,null,null
2020-07-22 23:00:00,null,null,null,null,null,null,null,null,null
2020-07-23 00:00:00,null,null,null,null,null,null,null,null,null
2020-07-23 01:00:00,null,null,null,null,null,null,null,null,null
2020-07-23 02:00:00,null,null,null,null,null,null,null,null,null
2020-07-23 03:00:00,null,null,null,null,null,null,null,null,null
2020-07-23 04:00:00,null,null,null,null,null,null,null,null,null
2020-07-23 05:00:00,null,null,null,null,null,null,null,null,null
2020-07-23 06:00:00,null,null,null,null,null,null,null,null,null
2020-07-23 07:00:00,null,null,null,null,null,null,null,null,null
2020-07-23 08:00:00,null,null,null,null,null,null,null,null,null
2020-07-23 09:00:00,null,null,null,2.54,null,null,999.578,null,null
2020-07-23 10:00:00,28.54,74.9,1.934,4.36,352.9,0.0,999.594,363.2,null
2020-07-23 11:00:00,28.85,73.44,3.975,7.43,275.7,0.0,999.653,375.6,null
2020-07-23 12:00:00,27.3,84.23,2.818,5.62,277.2,1.0,999.757,147.7,null
2020-07-23 13:00:00,27.14,88.21,2.475,6.21,280.4,0.1,999.403,437.1,null
2020-07-23 14:00:00,27.66,82.6,3.256,5.86,296.1,0.0,999.104,236.5,null
2020-07-23 15:00:00,27.16,83.29,2.581,4.49,287.8,0.0,998.409,55.3,null
2020-07-23 16:00:00,null,null,null,4.27,null,null,997.844,null,null
2020-07-23 17:00:00,25.98,89.9,1.703,3.89,327.0,0.3,997.76,63.2,null
2020-07-23 18:00:00,26.07,91.72,0.866,2.42,342.4,0.0,997.611,55.5,null
2020-07-23 19:00:00,26.17,90.07,0.854,1.43,41.9,null,997.404,39.3,null
2020-07-23 20:00:00,null,null,null,null,null,null,null,null,null
2020-07-23 21:00:00,null,null,null,null,null,null,null,null,null
2020-07-23 22:00:00,null,null,null,null,null,null,null,null,null
2020-07-23 23:00:00,null,null,null,null,null,null,null,null,null
2020-07-24 00:00:00,null,null,null,null,null,null,null,null,null
2020-07-24 01:00:00,null,null,null,null,null,null,null,null,null
2020-07-24 02:00:00,null,null,null,null,null,null,null,null,null
2020-07-24 03:00:00,null,null,null,null,null,null,null,null,null
2020-07-24 04:00:00,null,null,null,null,null,null,null,null,null
2020-07-24 05:00:00,null,null,null,null,null,null,null,null,null
2020-07-24 06:00:00,null,null,null,null,null,null,null,null,null
2020-07-24 07:00:00,null,null,null,null,null,null,null,null,null
2020-07-24 08:00:00,null,null,null,1.42,null,null,999.132,null,null
2020-07-24 09:00:00,26.91,81.96,0.821,2.5,282.1,0.0,999.575,282.2,null
2020-07-24 10:00:00,28.03,77.06,1.622,3.56,299.2,0.0,999.834,398.9,null
2020-07-24 11:00:00,27.68,79.83,3.581,8.19,271.0,0.0,999.768,463.1,null
2020-07-24 12:00:00,28.42,76.0,4.287,7.0,268.5,0.0,999.725,689.5,null
2020-07-24 13:00:00,29.21,74.67,4.816,8.6,286.9,0.0,999.448,789.3,null
2020-07-24 14:00:00,29.35,73.58,4.622,8.07,301.7,0.0,998.733,690.1,null
2020-07-24 15:00:00,28.08,79.31,4.436,8.14,294.1,0.0,998.183,362.5,null
2020-07-24 16:00:00,27.94,79.17,4.83,8.85,306.6,0.0,997.607,282.5,null
2020-07-24 17:00:00,27.45,78.23,4.12,7.8,312.6,0.0,997.269,74.8,null
2020-07-24 18:00:00,27.36,77.76,3.635,7.08,318.9,0.0,997.301,60.9,null
2020-07-24 19:00:00,27.32,79.13,3.468,6.72,316.9,0.0,997.457,57.1,null
2020-07-24 20:00:00,null,null,null,4.1,null,null,997.651,null,null
2020-07-24 21:00:00,null,null,null,null,null,null,null,null,null
2020-07-24 22:00:00,null,null,null,null,null,null,null,null,null
2020-07-24 23:00:00,null,null,null,null,null,null,null,null,null
2020-07-25 00:00:00,null,null,null,null,null,null,null,null,null
2020-07-25 01:00:00,null,null,null,null,null,null,null,null,null
2020-07-25 02:00:00,null,null,null,null,null,null,null,null,null
2020-07-25 03:00:00,null,null,null,null,null,null,null,null,null
2020-07-25 04:00:00,null,null,null,null,null,null,null,null,null
2020-07-25 05:00:00,null,null,null,null,null,null,null,null,null
2020-07-25 06:00:00,null,null,null,null,null,null,null,null,null
2020-07-25 07:00:00,null,null,null,null,null,null,null,null,null
2020-07-25 08:00:00,null,null,null,0.88,null,null,998.084,null,null
2020-07-25 09:00:00,27.02,79.63,0.826,2.55,44.8,0.0,998.236,255.7,null
2020-07-25 10:00:00,28.32,73.9,1.702,3.6,5.1,0.0,998.318,429.6,null
2020-07-25 11:00:00,28.96,70.14,2.3,4.76,286.2,0.0,997.936,383.6,null
2020-07-25 12:00:00,29.31,70.56,4.248,7.4,268.1,0.0,997.706,671.8,null
2020-07-25 13:00:00,29.77,69.59,4.729,8.08,266.9,0.0,997.119,844.6,null
2020-07-25 14:00:00,29.52,71.57,5.615,9.48,268.8,0.0,996.502,895.0,null
2020-07-25 15:00:00,30.07,70.76,5.289,8.56,278.6,0.0,995.929,885.7,null
2020-07-25 16:00:00,30.06,72.7,5.038,9.2,277.3,0.0,995.531,834.3,null
2020-07-25 17:00:00,29.62,74.04,5.25,8.46,289.9,0.0,995.305,580.0,null
2020-07-25 18:00:00,28.97,76.33,4.693,8.84,293.1,0.0,995.515,256.0,null
2020-07-25 19:00:00,28.18,79.14,3.598,7.86,298.1,null,995.997,38.1,null
2020-07-25 20:00:00,null,null,null,null,null,null,null,null,null
2020-07-25 21:00:00,null,null,null,null,null,null,null,null,null
2020-07-25 22:00:00,null,null,null,null,null,null,null,null,null
2020-07-25 23:00:00,null,null,null,null,null,null,null,null,null
2020-07-26 00:00:00,null,null,null,null,null,null,null,null,null
2020-07-26 01:00:00,null,null,null,null,null,null,null,null,null
2020-07-26 02:00:00,null,null,null,null,null,null,null,null,null
2020-07-26 03:00:00,null,null,null,null,null,null,null,null,null
2020-07-26 04:00:00,null,null,null,null,null,null,null,null,null
2020-07-26 05:00:00,null,null,null,null,null,null,null,null,null
2020-07-26 06:00:00,null,null,null,null,null,null,null,null,null
2020-07-26 07:00:00,null,null,null,null,null,null,null,null,null
2020-07-26 08:00:00,null,null,null,0.96,null,null,998.266,null,null
2020-07-26 09:00:00,26.65,77.38,2.203,4.03,131.2,0.0,998.65,273.8,null
2020-07-26 10:00:00,28.2,71.86,1.666,3.75,142.9,0.0,999.267,432.2,null
2020-07-26 11:00:00,29.55,67.08,1.813,5.34,232.2,0.0,999.176,551.1,null
2020-07-26 12:00:00,28.65,72.25,3.398,5.76,258.7,0.0,998.818,430.9,null
2020-07-26 13:00:00,29.67,66.84,3.687,7.26,263.8,0.0,998.234,868.6,null
2020-07-26 14:00:00,29.64,69.43,3.669,7.42,259.8,0.0,997.541,883.8,null
2020-07-26 15:00:00,29.68,71.23,3.758,7.15,254.7,0.0,996.754,926.4,null
2020-07-26 16:00:00,29.75,73.77,3.913,6.55,285.6,0.0,996.23,779.1,null
2020-07-26 17:00:00,28.79,77.01,3.957,6.81,277.9,0.0,996.001,455.7,null
2020-07-26 18:00:00,27.41,83.22,3.423,6.06,263.5,1.4,996.036,152.5,null
2020-07-26 19:00:00,26.89,85.05,2.533,4.57,249.4,0.0,996.333,69.2,null
2020-07-26 20:00:00,null,null,null,2.64,null,null,996.44,null,null
2020-07-26 21:00:00,null,null,null,null,null,null,null,null,null
2020-07-26 22:00:00,null,null,null,null,null,null,null,null,null
2020-07-26 23:00:00,null,null,null,null,null,null,null,null,null
2020-07-27 00:00:00,null,null,null,null,null,null,null,null,null
2020-07-27 01:00:00,null,null,null,null,null,null,null,null,null
2020-07-27 02:00:00,null,null,null,null,null,null,null,null,null
2020-07-27 03:00:00,null,null,null,null,null,null,null,null,null
2020-07-27 04:00:00,null,null,null,null,null,null,null,null,null
2020-07-27 05:00:00,null,null,null,null,null,null,null,null,null
2020-07-27 06:00:00,null,null,null,null,null,null,null,null,null
2020-07-27 07:00:00,null,null,null,null,null,null,null,null,null
2020-07-27 08:00:00,null,null,null,null,null,null,null,null,null
2020-07-27 09:00:00,null,null,null,3.65,null,null,999.255,null,null
2020-07-27 10:00:00,27.61,75.9,2.514,4.02,115.9,0.0,999.335,445.0,null
2020-07-27 11:00:00,29.2,68.07,2.209,4.83,167.6,0.0,999.176,619.2,null
2020-07-27 12:00:00,29.68,69.68,3.261,6.98,206.3,0.0,998.711,752.4,null
2020-07-27 13:00:00,29.51,68.76,4.52,7.2,209.3,0.0,998.312,763.6,null
2020-07-27 14:00:00,28.92,72.47,4.277,7.65,223.5,0.0,997.996,531.6,null
2020-07-27 15:00:00,28.98,74.9,3.57,7.24,246.7,0.0,997.843,624.3,null
2020-07-27 16:00:00,28.74,77.39,2.917,6.16,264.9,0.0,997.457,547.3,null
2020-07-27 17:00:00,28.94,76.35,3.302,5.77,279.4,0.0,996.843,597.1,null
2020-07-27 18:00:00,28.45,80.09,2.572,5.22,277.7,0.0,996.511,372.3,null
2020-07-27 19:00:00,28.03,81.63,2.105,4.26,290.1,0.0,996.758,183.2,null
2020-07-27 20:00:00,null,null,null,2.53,null,null,996.986,null,null
2020-07-27 21:00:00,null,null,null,null,null,null,null,null,null
2020-07-27 22:00:00,null,null,null,null,null,null,null,null,null
2020-07-27 23:00:00,null,null,null,null,null,null,null,null,null
2020-07-28 00:00:00,null,null,null,null,null,null,null,null,null
2020-07-28 01:00:00,null,null,null,null,null,null,null,null,null
2020-07-28 02:00:00,null,null,null,null,null,null,null,null,null
2020-07-28 03:00:00,null,null,null,null,null,null,null,null,null
2020-07-28 04:00:00,null,null,null,null,null,null,null,null,null
2020-07-28 05:00:00,null,null,null,null,null,null,null,null,null
2020-07-28 06:00:00,null,null,null,null,null,null,null,null,null
2020-07-28 07:00:00,null,null,null,null,null,null,null,null,null
2020-07-28 08:00:00,24.69,89.67,0.876,1.7,54.0,null,998.343,152.6,null
2020-07-28 09:00:00,26.17,85.34,1.012,2.17,3.9,0.0,998.944,280.7,null
2020-07-28 10:00:00,28.63,73.19,1.001,2.13,17.3,0.0,998.997,448.4,null
2020-07-28 11:00:00,29.59,67.5,2.533,4.99,260.7,0.0,999.005,622.1,null
2020-07-28 12:00:00,29.22,69.31,3.068,5.45,263.8,0.0,999.012,677.3,null
2020-07-28 13:00:00,29.48,67.81,3.613,6.46,268.8,0.0,998.381,854.3,null
2020-07-28 14:00:00,29.71,67.23,3.877,6.69,268.0,0.0,997.622,897.7,null
2020-07-28 15:00:00,30.07,65.42,3.743,6.82,272.3,0.0,997.092,899.7,null
2020-07-28 16:00:00,30.04,65.99,4.052,6.9,277.7,0.0,996.448,846.0,null
2020-07-28 17:00:00,29.86,67.67,4.294,7.78,285.3,0.0,995.805,748.7,null
2020-07-28 18:00:00,29.4,71.29,4.026,7.27,303.9,0.0,995.795,574.9,null
2020-07-28 19:00:00,29.1,72.94,3.364,6.53,293.6,0.0,996.039,371.7,null
2020-07-28 20:00:00,28.42,76.6,2.492,4.32,303.2,null,996.528,124.9,null
2020-07-28 21:00:00,null,null,null,null,null,null,null,null,null
2020-07-28 22:00:00,null,null,null,null,null,null,null,null,null
2020-07-28 23:00:00,null,null,null,null,null,null,null,null,null
2020-07-29 00:00:00,null,null,null,null,null,null,null,null,null
2020-07-29 01:00:00,null,null,null,null,null,null,null,null,null
2020-07-29 02:00:00,null,null,null,null,null,null,null,null,null
2020-07-29 03:00:00,null,null,null,null,null,null,null,null,null
2020-07-29 04:00:00,null,null,null,null,null,null,null,null,null
2020-07-29 05:00:00,null,null,null,null,null,null,null,null,null
2020-07-29 06:00:00,null,null,null,null,null,null,null,null,null
2020-07-29 07:00:00,null,null,null,null,null,null,null,null,null
2020-07-29 08:00:00,null,null,null,null,null,null,null,null,null
2020-07-29 09:00:00,26.48,85.73,0.596,1.22,325.0,null,998.406,227.3,null
2020-07-29 10:00:00,27.77,77.22,1.005,2.2,194.5,0.0,998.781,274.0,null
2020-07-29 11:00:00,28.44,77.84,1.948,4.23,230.9,0.0,998.966,470.8,null
2020-07-29 12:00:00,29.29,72.64,2.906,5.67,207.4,0.0,998.821,778.4,null
2020-07-29 13:00:00,29.8,69.45,3.545,7.53,241.0,0.0,998.39,886.0,null
2020-07-29 14:00:00,29.04,74.0,3.737,6.72,211.4,0.0,998.031,448.8,null
2020-07-29 15:00:00,27.81,81.79,2.677,5.52,207.8,0.0,997.535,109.0,null
2020-07-29 16:00:00,27.61,83.58,1.423,3.58,209.1,0.0,997.244,86.0,null
2020-07-29 17:00:00,27.15,89.11,0.753,1.92,77.4,null,997.009,31.2,null
2020-07-29 18:00:00,25.89,93.56,1.672,3.39,92.5,null,997.158,42.1,null
2020-07-29 19:00:00,null,null,null,null,null,null,null,null,null
2020-07-29 20:00:00,null,null,null,null,null,null,null,null,null
2020-07-29 21:00:00,null,null,null,null,null,null,null,null,null
2020-07-29 22:00:00,null,null,null,null,null,null,null,null,null
2020-07-29 23:00:00,null,null,null,null,null,null,null,null,null
2020-07-30 00:00:00,null,null,null,null,null,null,null,null,null
2020-07-30 01:00:00,null,null,null,null,null,null,null,null,null
2020-07-30 02:00:00,null,null,null,null,null,null,null,null,null
2020-07-30 03:00:00,null,null,null,null,null,null,null,null,null
2020-07-30 04:00:00,null,null,null,null,null,null,null,null,null
2020-07-30 05:00:00,null,null,null,null,null,null,null,null,null
2020-07-30 06:00:00,null,null,null,null,null,null,null,null,null
2020-07-30 07:00:00,null,null,null,null,null,null,null,null,null
2020-07-30 08:00:00,25.73,78.24,1.479,2.97,101.4,null,999.087,147.7,null
2020-07-30 09:00:00,26.44,81.65,1.005,2.37,348.1,0.0,999.199,288.2,null
2020-07-30 10:00:00,29.17,66.04,1.568,4.04,124.3,0.0,999.349,458.5,null
2020-07-30 11:00:00,30.29,60.31,2.446,5.39,205.7,0.0,999.458,622.5,null
2020-07-30 12:00:00,30.48,63.69,3.647,6.94,219.0,0.0,999.398,786.6,null
2020-07-30 13:00:00,30.41,61.1,5.221,9.69,211.0,0.0,998.987,837.4,null
2020-07-30 14:00:00,30.45,60.39,6.473,10.33,209.9,0.0,998.437,900.6,null
2020-07-30 15:00:00,30.38,62.62,5.423,9.87,209.1,0.0,997.734,916.6,null
2020-07-30 16:00:00,30.19,67.42,4.369,7.98,204.3,0.0,997.06,843.4,null
2020-07-30 17:00:00,29.46,73.85,4.647,8.7,225.5,0.0,997.202,608.4,null
2020-07-30 18:00:00,29.02,77.23,3.558,6.75,221.4,0.0,997.345,441.7,null
2020-07-30 19:00:00,28.44,78.76,2.786,5.67,208.2,0.0,997.63,82.6,null
2020-07-30 20:00:00,28.08,79.42,1.449,3.18,211.8,0.0,998.465,15.6,null
2020-07-30 21:00:00,null,null,null,null,null,null,null,null,null
2020-07-30 22:00:00,null,null,null,null,null,null,null,null,null
2020-07-30 23:00:00,null,null,null,null,null,null,null,null,null
2020-07-31 00:00:00,null,null,null,null,null,null,null,null,null
2020-07-31 01:00:00,null,null,null,null,null,null,null,null,null
2020-07-31 02:00:00,null,null,null,null,null,null,null,null,null
2020-07-31 03:00:00,null,null,null,null,null,null,null,null,null
2020-07-31 04:00:00,null,null,null,null,null,null,null,null,null
2020-07-31 05:00:00,null,null,null,null,null,null,null,null,null
2020-07-31 06:00:00,null,null,null,null,null,null,null,null,null
2020-07-31 07:00:00,null,null,null,null,null,null,null,null,null
2020-07-31 08:00:00,null,null,null,1.63,null,null,998.623,null,null
2020-07-31 09:00:00,27.75,70.47,1.295,2.99,29.1,0.0,998.761,280.2,null
2020-07-31 10:00:00,29.32,66.53,1.718,4.71,332.9,0.0,998.93,442.3,null
2020-07-31 11:00:00,29.93,63.11,3.052,6.27,247.0,0.0,999.216,612.4,null
2020-07-31 12:00:00,30.08,63.13,4.111,7.4,218.6,0.0,999.413,752.7,null
2020-07-31 13:00:00,30.42,61.09,4.62,9.33,202.9,0.0,999.524,850.7,null
2020-07-31 14:00:00,30.6,67.49,4.726,8.99,213.1,0.0,999.457,895.4,null
2020-07-31 15:00:00,30.15,67.97,4.964,8.73,198.2,0.0,998.862,858.6,null
2020-07-31 16:00:00,29.81,67.86,4.095,8.53,211.2,0.0,998.438,448.9,null
2020-07-31 17:00:00,28.97,73.97,2.225,5.4,276.8,0.0,998.286,89.6,null
2020-07-31 18:00:00,26.38,81.04,3.995,6.91,45.8,0.0,998.337,44.9,null
2020-07-31 19:00:00,26.05,79.09,2.75,5.28,39.3,null,998.352,40.1,null
2020-07-31 20:00:00,null,null,null,null,null,null,null,null,null
2020-07-31 21:00:00,null,null,null,null,null,null,null,null,null
2020-07-31 22:00:00,null,null,null,null,null,null,null,null,null
2020-07-31 23:00:00,null,null,null,null,null,null,null,null,null
