Red Universitaria de Observatorios Atmosfericos (RUOA)
Atmospheric Observatory Morelia (more), Michoacan
Lat 19.6493 N, Lon 101.2221 W, Alt 1936 masl
Time UTC-6h
Meteorological data
 
TIMESTAMP,Temp_Avg,RH_Avg,WSpeed_Avg,WSpeed_Max,WDir_Avg,Rain_Tot,Press_Avg,Rad_Avg
yyyy-mm-dd HH:MM:SS,�C,%,m/s,m/s,deg,mm,hPa,W/m^2
2022-10-01 00:00:00,null,null,null,null,null,null,null,null
2022-10-01 01:00:00,null,null,null,null,null,null,null,null
2022-10-01 02:00:00,null,null,null,null,null,null,null,null
2022-10-01 03:00:00,null,null,null,null,null,null,null,null
2022-10-01 04:00:00,null,null,null,null,null,null,null,null
2022-10-01 05:00:00,null,null,null,null,null,null,null,null
2022-10-01 06:00:00,null,null,null,null,null,null,null,null
2022-10-01 07:00:00,null,null,null,null,null,null,null,null
2022-10-01 08:00:00,null,null,null,null,null,null,null,null
2022-10-01 09:00:00,null,null,null,null,null,null,null,null
2022-10-01 10:00:00,null,null,null,null,null,null,null,null
2022-10-01 11:00:00,null,null,null,null,null,null,null,null
2022-10-01 12:00:00,null,null,null,null,null,null,null,null
2022-10-01 13:00:00,null,null,null,null,null,null,null,null
2022-10-01 14:00:00,null,null,null,null,null,null,null,null
2022-10-01 15:00:00,null,null,null,null,null,null,null,null
2022-10-01 16:00:00,null,null,null,null,null,null,null,null
2022-10-01 17:00:00,null,null,null,null,null,null,null,null
2022-10-01 18:00:00,null,null,null,null,null,null,null,null
2022-10-01 19:00:00,null,null,null,null,null,null,null,null
2022-10-01 20:00:00,null,null,null,null,null,null,null,null
2022-10-01 21:00:00,null,null,null,null,null,null,null,null
2022-10-01 22:00:00,null,null,null,null,null,null,null,null
2022-10-01 23:00:00,null,null,null,null,null,null,null,null
2022-10-02 00:00:00,null,null,null,null,null,null,null,null
2022-10-02 01:00:00,null,null,null,null,null,null,null,null
2022-10-02 02:00:00,null,null,null,null,null,null,null,null
2022-10-02 03:00:00,null,null,null,null,null,null,null,null
2022-10-02 04:00:00,null,null,null,null,null,null,null,null
2022-10-02 05:00:00,null,null,null,null,null,null,null,null
2022-10-02 06:00:00,null,null,null,null,null,null,null,null
2022-10-02 07:00:00,null,null,null,null,null,null,null,null
2022-10-02 08:00:00,null,null,null,null,null,null,null,null
2022-10-02 09:00:00,null,null,null,null,null,null,null,null
2022-10-02 10:00:00,null,null,null,null,null,null,null,null
2022-10-02 11:00:00,null,null,null,null,null,null,null,null
2022-10-02 12:00:00,null,null,null,null,null,null,null,null
2022-10-02 13:00:00,null,null,null,null,null,null,null,null
2022-10-02 14:00:00,null,null,null,null,null,null,null,null
2022-10-02 15:00:00,null,null,null,null,null,null,null,null
2022-10-02 16:00:00,null,null,null,null,null,null,null,null
2022-10-02 17:00:00,null,null,null,null,null,null,null,null
2022-10-02 18:00:00,null,null,null,null,null,null,null,null
2022-10-02 19:00:00,null,null,null,null,null,null,null,null
2022-10-02 20:00:00,null,null,null,null,null,null,null,null
2022-10-02 21:00:00,null,null,null,null,null,null,null,null
2022-10-02 22:00:00,null,null,null,null,null,null,null,null
2022-10-02 23:00:00,null,null,null,null,null,null,null,null
2022-10-03 00:00:00,null,null,null,null,null,null,null,null
2022-10-03 01:00:00,null,null,null,null,null,null,null,null
2022-10-03 02:00:00,null,null,null,null,null,null,null,null
2022-10-03 03:00:00,null,null,null,null,null,null,null,null
2022-10-03 04:00:00,null,null,null,null,null,null,null,null
2022-10-03 05:00:00,null,null,null,null,null,null,null,null
2022-10-03 06:00:00,null,null,null,null,null,null,null,null
2022-10-03 07:00:00,null,null,null,null,null,null,null,null
2022-10-03 08:00:00,null,null,null,null,null,null,null,null
2022-10-03 09:00:00,null,null,null,null,null,null,null,null
2022-10-03 10:00:00,null,null,null,null,null,null,null,null
2022-10-03 11:00:00,null,null,null,null,null,null,null,null
2022-10-03 12:00:00,null,null,null,null,null,null,null,null
2022-10-03 13:00:00,null,null,null,null,null,null,null,null
2022-10-03 14:00:00,null,null,null,null,null,null,null,null
2022-10-03 15:00:00,null,null,null,null,null,null,null,null
2022-10-03 16:00:00,null,null,null,null,null,null,null,null
2022-10-03 17:00:00,null,null,null,null,null,null,null,null
2022-10-03 18:00:00,null,null,null,null,null,null,null,null
2022-10-03 19:00:00,null,null,null,null,null,null,null,null
2022-10-03 20:00:00,null,null,null,null,null,null,null,null
2022-10-03 21:00:00,null,null,null,null,null,null,null,null
2022-10-03 22:00:00,null,null,null,null,null,null,null,null
2022-10-03 23:00:00,null,null,null,null,null,null,null,null
2022-10-04 00:00:00,null,null,null,null,null,null,null,null
2022-10-04 01:00:00,null,null,null,null,null,null,null,null
2022-10-04 02:00:00,null,null,null,null,null,null,null,null
2022-10-04 03:00:00,null,null,null,null,null,null,null,null
2022-10-04 04:00:00,null,null,null,null,null,null,null,null
2022-10-04 05:00:00,null,null,null,null,null,null,null,null
2022-10-04 06:00:00,null,null,null,null,null,null,null,null
2022-10-04 07:00:00,null,null,null,null,null,null,null,null
2022-10-04 08:00:00,null,null,null,null,null,null,null,null
2022-10-04 09:00:00,null,null,null,null,null,null,null,null
2022-10-04 10:00:00,null,null,null,null,null,null,null,null
2022-10-04 11:00:00,null,null,null,null,null,null,null,null
2022-10-04 12:00:00,null,null,null,null,null,null,null,null
2022-10-04 13:00:00,null,null,null,null,null,null,null,null
2022-10-04 14:00:00,null,null,null,null,null,null,null,null
2022-10-04 15:00:00,null,null,null,null,null,null,null,null
2022-10-04 16:00:00,null,null,null,null,null,null,null,null
2022-10-04 17:00:00,null,null,null,null,null,null,null,null
2022-10-04 18:00:00,null,null,null,null,null,null,null,null
2022-10-04 19:00:00,null,null,null,null,null,null,null,null
2022-10-04 20:00:00,null,null,null,null,null,null,null,null
2022-10-04 21:00:00,null,null,null,null,null,null,null,null
2022-10-04 22:00:00,null,null,null,null,null,null,null,null
2022-10-04 23:00:00,null,null,null,null,null,null,null,null
2022-10-05 00:00:00,null,null,null,null,null,null,null,null
2022-10-05 01:00:00,null,null,null,null,null,null,null,null
2022-10-05 02:00:00,null,null,null,null,null,null,null,null
2022-10-05 03:00:00,null,null,null,null,null,null,null,null
2022-10-05 04:00:00,null,null,null,null,null,null,null,null
2022-10-05 05:00:00,null,null,null,null,null,null,null,null
2022-10-05 06:00:00,null,null,null,null,null,null,null,null
2022-10-05 07:00:00,null,null,null,null,null,null,null,null
2022-10-05 08:00:00,null,null,null,null,null,null,null,null
2022-10-05 09:00:00,null,null,null,null,null,null,null,null
2022-10-05 10:00:00,null,null,null,null,null,null,null,null
2022-10-05 11:00:00,null,null,null,null,null,null,null,null
2022-10-05 12:00:00,null,null,null,null,null,null,null,null
2022-10-05 13:00:00,null,null,null,null,null,null,null,null
2022-10-05 14:00:00,null,null,null,null,null,null,null,null
2022-10-05 15:00:00,null,null,null,null,null,null,null,null
2022-10-05 16:00:00,null,null,null,null,null,null,null,null
2022-10-05 17:00:00,null,null,null,null,null,null,null,null
2022-10-05 18:00:00,null,null,null,null,null,null,null,null
2022-10-05 19:00:00,null,null,null,null,null,null,null,null
2022-10-05 20:00:00,null,null,null,null,null,null,null,null
2022-10-05 21:00:00,null,null,null,null,null,null,null,null
2022-10-05 22:00:00,null,null,null,null,null,null,null,null
2022-10-05 23:00:00,null,null,null,null,null,null,null,null
2022-10-06 00:00:00,null,null,null,null,null,null,null,null
2022-10-06 01:00:00,null,null,null,null,null,null,null,null
2022-10-06 02:00:00,null,null,null,null,null,null,null,null
2022-10-06 03:00:00,null,null,null,null,null,null,null,null
2022-10-06 04:00:00,null,null,null,null,null,null,null,null
2022-10-06 05:00:00,null,null,null,null,null,null,null,null
2022-10-06 06:00:00,null,null,null,null,null,null,null,null
2022-10-06 07:00:00,null,null,null,null,null,null,null,null
2022-10-06 08:00:00,null,null,null,null,null,null,null,null
2022-10-06 09:00:00,null,null,null,null,null,null,null,null
2022-10-06 10:00:00,null,null,null,null,null,null,null,null
2022-10-06 11:00:00,null,null,null,null,null,null,null,null
2022-10-06 12:00:00,null,null,null,null,null,null,null,null
2022-10-06 13:00:00,null,null,null,null,null,null,null,null
2022-10-06 14:00:00,null,null,null,null,null,null,null,null
2022-10-06 15:00:00,null,null,null,null,null,null,null,null
2022-10-06 16:00:00,null,null,null,null,null,null,null,null
2022-10-06 17:00:00,null,null,null,null,null,null,null,null
2022-10-06 18:00:00,null,null,null,null,null,null,null,null
2022-10-06 19:00:00,null,null,null,null,null,null,null,null
2022-10-06 20:00:00,null,null,null,null,null,null,null,null
2022-10-06 21:00:00,null,null,null,null,null,null,null,null
2022-10-06 22:00:00,null,null,null,null,null,null,null,null
2022-10-06 23:00:00,null,null,null,null,null,null,null,null
2022-10-07 00:00:00,null,null,null,null,null,null,null,null
2022-10-07 01:00:00,null,null,null,null,null,null,null,null
2022-10-07 02:00:00,null,null,null,null,null,null,null,null
2022-10-07 03:00:00,null,null,null,null,null,null,null,null
2022-10-07 04:00:00,null,null,null,null,null,null,null,null
2022-10-07 05:00:00,null,null,null,null,null,null,null,null
2022-10-07 06:00:00,null,null,null,null,null,null,null,null
2022-10-07 07:00:00,null,null,null,null,null,null,null,null
2022-10-07 08:00:00,null,null,null,null,null,null,null,null
2022-10-07 09:00:00,null,null,null,null,null,null,null,null
2022-10-07 10:00:00,null,null,null,null,null,null,null,null
2022-10-07 11:00:00,null,null,null,null,null,null,null,null
2022-10-07 12:00:00,null,null,null,null,null,null,null,null
2022-10-07 13:00:00,null,null,null,null,null,null,null,null
2022-10-07 14:00:00,null,null,null,null,null,null,null,null
2022-10-07 15:00:00,null,null,null,null,null,null,null,null
2022-10-07 16:00:00,null,null,null,null,null,null,null,null
2022-10-07 17:00:00,null,null,null,null,null,null,null,null
2022-10-07 18:00:00,null,null,null,null,null,null,null,null
2022-10-07 19:00:00,null,null,null,null,null,null,null,null
2022-10-07 20:00:00,null,null,null,null,null,null,null,null
2022-10-07 21:00:00,null,null,null,null,null,null,null,null
2022-10-07 22:00:00,null,null,null,null,null,null,null,null
2022-10-07 23:00:00,null,null,null,null,null,null,null,null
2022-10-08 00:00:00,null,null,null,null,null,null,null,null
2022-10-08 01:00:00,null,null,null,null,null,null,null,null
2022-10-08 02:00:00,null,null,null,null,null,null,null,null
2022-10-08 03:00:00,null,null,null,null,null,null,null,null
2022-10-08 04:00:00,null,null,null,null,null,null,null,null
2022-10-08 05:00:00,null,null,null,null,null,null,null,null
2022-10-08 06:00:00,null,null,null,null,null,null,null,null
2022-10-08 07:00:00,null,null,null,null,null,null,null,null
2022-10-08 08:00:00,null,null,null,null,null,null,null,null
2022-10-08 09:00:00,null,null,null,null,null,null,null,null
2022-10-08 10:00:00,null,null,null,null,null,null,null,null
2022-10-08 11:00:00,null,null,null,null,null,null,null,null
2022-10-08 12:00:00,null,null,null,null,null,null,null,null
2022-10-08 13:00:00,null,null,null,null,null,null,null,null
2022-10-08 14:00:00,null,null,null,null,null,null,null,null
2022-10-08 15:00:00,null,null,null,null,null,null,null,null
2022-10-08 16:00:00,null,null,null,null,null,null,null,null
2022-10-08 17:00:00,null,null,null,null,null,null,null,null
2022-10-08 18:00:00,null,null,null,null,null,null,null,null
2022-10-08 19:00:00,null,null,null,null,null,null,null,null
2022-10-08 20:00:00,null,null,null,null,null,null,null,null
2022-10-08 21:00:00,null,null,null,null,null,null,null,null
2022-10-08 22:00:00,null,null,null,null,null,null,null,null
2022-10-08 23:00:00,null,null,null,null,null,null,null,null
2022-10-09 00:00:00,null,null,null,null,null,null,null,null
2022-10-09 01:00:00,null,null,null,null,null,null,null,null
2022-10-09 02:00:00,null,null,null,null,null,null,null,null
2022-10-09 03:00:00,null,null,null,null,null,null,null,null
2022-10-09 04:00:00,null,null,null,null,null,null,null,null
2022-10-09 05:00:00,null,null,null,null,null,null,null,null
2022-10-09 06:00:00,null,null,null,null,null,null,null,null
2022-10-09 07:00:00,null,null,null,null,null,null,null,null
2022-10-09 08:00:00,null,null,null,null,null,null,null,null
2022-10-09 09:00:00,null,null,null,null,null,null,null,null
2022-10-09 10:00:00,null,null,null,null,null,null,null,null
2022-10-09 11:00:00,null,null,null,null,null,null,null,null
2022-10-09 12:00:00,null,null,null,null,null,null,null,null
2022-10-09 13:00:00,null,null,null,null,null,null,null,null
2022-10-09 14:00:00,null,null,null,null,null,null,null,null
2022-10-09 15:00:00,null,null,null,null,null,null,null,null
2022-10-09 16:00:00,null,null,null,null,null,null,null,null
2022-10-09 17:00:00,null,null,null,null,null,null,null,null
2022-10-09 18:00:00,null,null,null,null,null,null,null,null
2022-10-09 19:00:00,null,null,null,null,null,null,null,null
2022-10-09 20:00:00,null,null,null,null,null,null,null,null
2022-10-09 21:00:00,null,null,null,null,null,null,null,null
2022-10-09 22:00:00,null,null,null,null,null,null,null,null
2022-10-09 23:00:00,null,null,null,null,null,null,null,null
2022-10-10 00:00:00,null,null,null,null,null,null,null,null
2022-10-10 01:00:00,null,null,null,null,null,null,null,null
2022-10-10 02:00:00,null,null,null,null,null,null,null,null
2022-10-10 03:00:00,null,null,null,null,null,null,null,null
2022-10-10 04:00:00,null,null,null,null,null,null,null,null
2022-10-10 05:00:00,null,null,null,null,null,null,null,null
2022-10-10 06:00:00,null,null,null,null,null,null,null,null
2022-10-10 07:00:00,null,null,null,null,null,null,null,null
2022-10-10 08:00:00,null,null,null,null,null,null,null,null
2022-10-10 09:00:00,null,null,null,null,null,null,null,null
2022-10-10 10:00:00,null,null,null,null,null,null,null,null
2022-10-10 11:00:00,null,null,null,null,null,null,null,null
2022-10-10 12:00:00,null,null,null,null,null,null,null,null
2022-10-10 13:00:00,null,null,null,null,null,null,null,null
2022-10-10 14:00:00,null,null,null,null,null,null,null,null
2022-10-10 15:00:00,null,null,null,null,null,null,null,null
2022-10-10 16:00:00,null,null,null,null,null,null,null,null
2022-10-10 17:00:00,null,null,null,null,null,null,null,null
2022-10-10 18:00:00,null,null,null,null,null,null,null,null
2022-10-10 19:00:00,null,null,null,null,null,null,null,null
2022-10-10 20:00:00,null,null,null,null,null,null,null,null
2022-10-10 21:00:00,null,null,null,null,null,null,null,null
2022-10-10 22:00:00,null,null,null,null,null,null,null,null
2022-10-10 23:00:00,null,null,null,null,null,null,null,null
2022-10-11 00:00:00,null,null,null,null,null,null,null,null
2022-10-11 01:00:00,null,null,null,null,null,null,null,null
2022-10-11 02:00:00,null,null,null,null,null,null,null,null
2022-10-11 03:00:00,null,null,null,null,null,null,null,null
2022-10-11 04:00:00,null,null,null,null,null,null,null,null
2022-10-11 05:00:00,null,null,null,null,null,null,null,null
2022-10-11 06:00:00,null,null,null,null,null,null,null,null
2022-10-11 07:00:00,null,null,null,null,null,null,null,null
2022-10-11 08:00:00,null,null,null,null,null,null,null,null
2022-10-11 09:00:00,null,null,null,null,null,null,null,null
2022-10-11 10:00:00,null,null,null,null,null,null,null,null
2022-10-11 11:00:00,null,null,null,null,null,null,null,null
2022-10-11 12:00:00,null,null,null,null,null,null,null,null
2022-10-11 13:00:00,null,null,null,null,null,null,null,null
2022-10-11 14:00:00,null,null,null,null,null,null,null,null
2022-10-11 15:00:00,null,null,null,null,null,null,null,null
2022-10-11 16:00:00,null,null,null,null,null,null,null,null
2022-10-11 17:00:00,null,null,null,null,null,null,null,null
2022-10-11 18:00:00,null,null,null,null,null,null,null,null
2022-10-11 19:00:00,null,null,null,null,null,null,null,null
2022-10-11 20:00:00,null,null,null,null,null,null,null,null
2022-10-11 21:00:00,null,null,null,null,null,null,null,null
2022-10-11 22:00:00,null,null,null,null,null,null,null,null
2022-10-11 23:00:00,null,null,null,null,null,null,null,null
2022-10-12 00:00:00,null,null,null,null,null,null,null,null
2022-10-12 01:00:00,null,null,null,null,null,null,null,null
2022-10-12 02:00:00,null,null,null,null,null,null,null,null
2022-10-12 03:00:00,14.44,87.18,1.105,2.109,129.3,null,806.279,-1.637
2022-10-12 04:00:00,14.55,85.71,0.361,1.761,45.6,0.0,806.16,-1.145
2022-10-12 05:00:00,13.33,99.39,0.256,1.536,108.8,0.0,805.955,-1.206
2022-10-12 06:00:00,12.77,99.86,0.314,1.311,102.6,0.0,806.179,-1.276
2022-10-12 07:00:00,12.27,99.85,0.379,0.983,94.1,0.0,806.632,6.803
2022-10-12 08:00:00,13.58,96.63,0.153,1.403,341.0,0.0,807.203,132.227
2022-10-12 09:00:00,16.02,82.29,0.442,1.905,355.6,0.0,807.819,392.57
2022-10-12 10:00:00,17.94,68.54,1.138,3.328,27.3,0.0,808.056,641.463
2022-10-12 11:00:00,19.91,58.45,1.738,4.915,35.1,0.0,807.813,849.27
2022-10-12 12:00:00,22.04,47.38,3.562,8.33,25.3,0.0,807.263,954.085
2022-10-12 13:00:00,23.54,37.02,4.004,8.25,11.4,0.0,806.389,1038.3
2022-10-12 14:00:00,24.4,33.66,3.935,7.854,21.4,0.0,805.541,991.717
2022-10-12 15:00:00,24.97,32.06,3.85,7.741,340.1,0.0,804.941,883.483
2022-10-12 16:00:00,25.55,30.76,3.375,7.649,0.1,0.0,804.419,684.027
2022-10-12 17:00:00,25.5,30.86,3.149,7.608,348.9,0.0,804.273,466.632
2022-10-12 18:00:00,25.05,32.38,2.714,5.652,353.8,0.0,804.382,177.924
2022-10-12 19:00:00,22.65,40.03,1.262,4.229,20.2,0.0,804.684,5.095
2022-10-12 20:00:00,18.78,53.76,1.386,2.949,168.4,0.0,805.169,-1.502
2022-10-12 21:00:00,17.1,58.28,0.946,2.202,182.5,0.0,805.855,-1.678
2022-10-12 22:00:00,15.94,61.91,0.98,2.15,140.2,0.0,806.351,-1.343
2022-10-12 23:00:00,15.05,66.89,0.592,1.628,184.8,0.0,806.661,-1.666
2022-10-13 00:00:00,14.2,70.7,0.57,2.284,147.5,0.0,806.608,-1.672
2022-10-13 01:00:00,13.47,74.42,0.879,1.956,156.8,0.0,806.505,-1.941
2022-10-13 02:00:00,13.12,76.19,0.381,1.812,103.7,0.0,806.368,-1.196
2022-10-13 03:00:00,12.38,79.55,0.169,1.157,1.3,0.0,806.045,-1.609
2022-10-13 04:00:00,11.94,85.38,0.172,1.137,4.0,0.0,805.707,-1.442
2022-10-13 05:00:00,11.76,98.66,0.548,1.577,105.9,0.0,805.582,-1.753
2022-10-13 06:00:00,11.39,99.84,0.16,0.932,311.8,0.0,805.704,-1.312
2022-10-13 07:00:00,10.41,85.48,0.294,1.147,56.2,0.0,806.125,4.469
2022-10-13 08:00:00,13.27,80.37,0.006,0.369,1.9,0.0,806.688,155.588
2022-10-13 09:00:00,15.23,78.49,0.42,1.567,359.0,0.0,807.026,405.177
2022-10-13 10:00:00,17.69,64.88,1.1,3.052,14.0,0.0,807.231,656.183
2022-10-13 11:00:00,19.96,50.94,1.998,4.26,33.0,0.0,807.155,840.102
2022-10-13 12:00:00,21.91,40.54,2.697,5.048,40.8,0.0,806.526,969.917
2022-10-13 13:00:00,23.68,33.21,3.229,7.424,49.3,0.0,805.686,1018.117
2022-10-13 14:00:00,24.37,30.63,2.699,6.093,20.3,0.0,804.865,985.717
2022-10-13 15:00:00,24.82,31.28,2.746,6.523,19.7,0.0,804.154,866.912
2022-10-13 16:00:00,25.3,30.23,2.492,5.816,30.5,0.0,803.565,679.983
2022-10-13 17:00:00,25.29,30.18,2.514,5.243,40.4,0.0,803.269,445.287
2022-10-13 18:00:00,24.67,32.56,2.875,6.052,355.8,0.0,803.452,149.332
2022-10-13 19:00:00,22.18,40.53,0.983,2.714,68.0,0.0,803.766,3.564
2022-10-13 20:00:00,18.76,53.7,0.626,1.925,180.3,0.0,804.174,-1.543
2022-10-13 21:00:00,17.7,56.27,1.065,2.898,144.1,0.0,805.022,-2.216
2022-10-13 22:00:00,18.28,53.15,1.695,2.959,102.6,0.0,805.868,-1.985
2022-10-13 23:00:00,17.07,58.14,1.665,3.707,108.8,0.0,806.437,-1.55
2022-10-14 00:00:00,14.8,68.08,1.091,1.782,149.2,0.0,806.466,-1.34
2022-10-14 01:00:00,13.42,74.29,0.931,1.638,181.4,0.0,806.263,-1.548
2022-10-14 02:00:00,12.51,78.48,0.751,1.608,188.5,0.0,805.8,-1.431
2022-10-14 03:00:00,12.07,80.96,0.631,1.423,183.7,0.0,805.278,-1.596
2022-10-14 04:00:00,11.55,81.88,0.083,0.819,8.2,0.0,805.087,-1.439
2022-10-14 05:00:00,10.9,85.01,0.042,0.799,18.0,0.0,804.856,-1.65
2022-10-14 06:00:00,10.68,86.9,0.366,1.096,145.8,0.0,805.11,-1.66
2022-10-14 07:00:00,10.03,96.6,0.007,0.297,3.2,0.0,805.539,3.756
2022-10-14 08:00:00,11.73,85.8,0.0,0.113,1.6,0.0,806.025,133.507
2022-10-14 09:00:00,15.07,69.35,0.37,1.72,19.6,0.0,806.576,404.44
2022-10-14 10:00:00,17.1,60.76,1.17,3.676,26.8,0.0,806.969,655.4
2022-10-14 11:00:00,19.37,49.67,2.102,4.434,25.9,0.0,806.877,853.137
2022-10-14 12:00:00,21.78,39.22,2.744,6.369,33.9,0.0,806.278,980.617
2022-10-14 13:00:00,23.19,32.25,3.236,6.226,42.7,0.0,805.404,1030.3
2022-10-14 14:00:00,24.26,28.43,2.345,6.359,54.9,0.0,804.764,993.75
2022-10-14 15:00:00,24.84,28.67,2.243,5.069,349.3,0.0,804.135,864.753
2022-10-14 16:00:00,25.26,27.91,2.176,4.803,30.4,0.0,803.451,682.872
2022-10-14 17:00:00,24.95,28.54,2.262,5.458,5.0,0.0,803.315,452.122
2022-10-14 18:00:00,24.7,28.14,2.033,4.905,339.1,0.0,803.629,157.97
2022-10-14 19:00:00,20.96,43.84,0.984,3.092,142.9,0.0,804.136,4.112
2022-10-14 20:00:00,18.46,63.9,0.125,1.485,17.8,0.0,804.725,-1.609
2022-10-14 21:00:00,16.77,73.39,0.684,2.191,124.0,0.0,805.433,-1.749
2022-10-14 22:00:00,15.53,77.51,0.202,1.628,62.7,0.0,805.991,-1.497
2022-10-14 23:00:00,14.74,82.94,0.558,1.659,155.7,0.0,806.298,-1.822
2022-10-15 00:00:00,14.06,93.44,0.622,1.802,111.6,0.0,806.376,-1.588
2022-10-15 01:00:00,13.4,99.84,0.173,1.167,342.5,0.0,806.359,-1.564
2022-10-15 02:00:00,12.8,73.33,0.466,1.997,216.6,0.0,806.208,-1.763
2022-10-15 03:00:00,11.99,95.12,0.039,0.84,18.3,0.0,806.202,-1.223
2022-10-15 04:00:00,11.6,90.06,0.072,0.983,7.9,0.0,806.067,-1.626
2022-10-15 05:00:00,11.13,99.84,0.0,0.0,0.0,0.0,806.107,-1.548
2022-10-15 06:00:00,10.41,99.83,0.058,0.645,8.9,0.0,806.364,-1.564
2022-10-15 07:00:00,10.08,99.82,0.291,1.126,83.1,0.0,806.567,3.529
2022-10-15 08:00:00,12.12,86.21,0.012,0.399,2.2,0.0,807.008,153.659
2022-10-15 09:00:00,15.44,71.07,0.152,1.096,27.5,0.0,807.486,407.972
2022-10-15 10:00:00,17.24,64.14,0.866,2.171,26.2,0.0,807.893,654.083
2022-10-15 11:00:00,19.88,51.78,1.441,3.594,17.1,0.0,807.738,840.83
2022-10-15 12:00:00,21.96,42.27,2.477,5.458,38.7,0.0,807.136,969.067
2022-10-15 13:00:00,23.86,32.23,3.356,7.26,55.0,0.0,806.468,1019.117
2022-10-15 14:00:00,24.47,27.42,3.305,8.88,72.6,0.0,805.803,988.867
2022-10-15 15:00:00,24.88,29.85,2.818,6.707,52.4,0.0,805.077,832.57
2022-10-15 16:00:00,25.53,27.31,2.592,5.878,6.2,0.0,804.589,687.158
2022-10-15 17:00:00,25.41,27.16,3.025,6.052,329.3,0.0,804.461,444.868
2022-10-15 18:00:00,24.96,29.58,2.541,4.772,21.5,0.0,804.598,174.319
2022-10-15 19:00:00,22.6,36.66,1.463,4.813,64.0,0.0,804.831,5.051
2022-10-15 20:00:00,19.49,45.95,1.372,2.56,150.0,0.0,805.145,-1.745
2022-10-15 21:00:00,17.62,52.58,0.88,1.7,203.9,0.0,805.492,-1.687
2022-10-15 22:00:00,15.98,59.53,1.04,3.103,175.4,0.0,805.925,-1.785
2022-10-15 23:00:00,14.82,65.12,0.625,1.423,187.9,0.0,806.053,-1.329
2022-10-16 00:00:00,14.05,69.09,0.462,1.065,256.1,0.0,806.239,-1.921
2022-10-16 01:00:00,13.54,71.31,0.707,1.516,196.1,0.0,806.144,-1.91
2022-10-16 02:00:00,12.61,75.7,0.859,1.915,202.5,0.0,805.816,-1.524
2022-10-16 03:00:00,11.97,78.8,0.73,1.833,192.7,0.0,805.673,-1.432
2022-10-16 04:00:00,11.55,80.64,0.351,1.843,18.9,0.0,805.467,-1.57
2022-10-16 05:00:00,11.0,83.3,0.286,1.034,27.5,0.0,805.591,-1.497
2022-10-16 06:00:00,10.55,86.82,0.061,0.594,1.3,0.0,805.842,-1.635
2022-10-16 07:00:00,10.23,95.74,0.032,0.502,7.0,0.0,806.118,3.829
2022-10-16 08:00:00,12.0,82.16,0.085,0.788,6.9,0.0,806.618,135.403
2022-10-16 09:00:00,15.54,67.54,0.277,2.191,21.6,0.0,806.876,388.588
2022-10-16 10:00:00,17.56,63.04,0.765,1.935,36.8,0.0,807.122,625.032
2022-10-16 11:00:00,20.16,50.76,1.288,2.877,49.3,0.0,807.05,816.135
2022-10-16 12:00:00,22.79,46.77,0.697,2.519,55.1,0.0,806.517,848.452
2022-10-16 13:00:00,23.9,46.57,1.049,3.615,228.1,0.0,805.677,723.662
2022-10-16 14:00:00,24.61,48.13,1.776,4.823,176.1,0.0,804.907,770.902
2022-10-16 15:00:00,24.7,50.25,2.511,6.093,137.1,0.0,804.133,740.193
2022-10-16 16:00:00,24.97,48.82,2.001,4.844,148.9,0.0,803.529,429.805
2022-10-16 17:00:00,25.17,50.18,2.723,6.072,183.5,0.0,803.481,462.968
2022-10-16 18:00:00,23.3,55.08,3.102,6.175,212.3,0.0,803.687,116.955
2022-10-16 19:00:00,21.23,65.27,2.139,5.212,191.9,0.0,804.313,3.014
2022-10-16 20:00:00,20.57,69.34,1.955,5.315,242.7,0.0,804.699,-1.122
2022-10-16 21:00:00,20.5,67.49,1.447,3.758,243.9,0.0,805.285,-0.968
2022-10-16 22:00:00,19.89,70.19,0.423,1.526,5.5,0.0,805.681,-0.861
2022-10-16 23:00:00,18.91,76.1,0.333,1.792,33.2,0.0,805.742,-0.733
2022-10-17 00:00:00,18.52,79.99,0.981,2.621,168.4,0.0,805.887,-0.795
2022-10-17 01:00:00,17.21,72.64,3.69,9.2,241.6,0.6,805.864,-0.553
2022-10-17 02:00:00,16.08,71.4,2.498,6.769,272.7,0.1,805.387,-1.523
2022-10-17 03:00:00,15.56,77.7,1.54,4.977,285.2,0.7,804.793,-1.587
2022-10-17 04:00:00,15.0,90.78,0.351,2.447,345.3,0.1,804.741,-0.934
2022-10-17 05:00:00,14.41,99.84,0.247,1.536,31.7,0.0,804.601,-0.868
2022-10-17 06:00:00,14.07,84.79,0.048,0.645,349.1,0.0,804.907,-0.916
2022-10-17 07:00:00,14.11,60.98,0.385,2.048,346.3,0.0,805.219,3.655
2022-10-17 08:00:00,14.19,68.2,0.329,1.792,328.1,0.0,805.697,92.152
2022-10-17 09:00:00,17.13,83.89,0.528,1.966,353.9,0.0,806.251,375.268
2022-10-17 10:00:00,19.2,69.12,0.688,2.243,30.2,0.0,806.471,509.552
2022-10-17 11:00:00,20.63,63.22,0.872,3.41,152.4,0.0,806.11,655.288
2022-10-17 12:00:00,21.99,54.04,0.808,2.519,124.4,0.0,805.484,573.349
2022-10-17 13:00:00,23.36,47.46,1.553,3.389,56.0,0.0,804.624,986.378
2022-10-17 14:00:00,24.12,44.27,1.385,3.717,9.1,0.0,803.553,591.288
2022-10-17 15:00:00,24.18,44.82,0.847,3.717,272.9,0.0,802.589,191.378
2022-10-17 16:00:00,18.02,65.12,4.995,10.01,118.6,1.6,802.805,24.679
2022-10-17 17:00:00,15.88,81.26,3.055,8.35,143.4,4.2,803.212,5.634
2022-10-17 18:00:00,15.21,97.03,3.044,6.441,210.4,0.6,803.603,2.196
2022-10-17 19:00:00,14.75,95.98,2.812,5.489,208.3,1.0,803.721,-0.986
2022-10-17 20:00:00,15.91,85.77,2.858,6.042,131.2,0.1,804.533,-1.821
2022-10-17 21:00:00,15.55,94.04,1.349,5.386,322.6,0.0,805.206,-0.039
2022-10-17 22:00:00,14.99,63.37,2.028,5.509,41.4,3.3,806.779,-0.164
2022-10-17 23:00:00,null,25.55,0.641,1.884,165.1,1.0,806.615,-0.276
2022-10-18 00:00:00,null,4.02,0.809,1.618,123.6,0.1,805.927,-0.44
2022-10-18 01:00:00,13.27,53.75,0.551,1.843,80.5,0.0,805.151,-0.469
2022-10-18 02:00:00,null,39.94,0.451,1.966,349.1,0.0,804.924,-0.576
2022-10-18 03:00:00,null,19.75,0.408,1.516,91.9,0.3,805.074,-0.45
2022-10-18 04:00:00,13.04,56.2,0.582,2.755,104.1,0.2,805.206,-0.742
2022-10-18 05:00:00,null,26.8,0.53,2.263,345.3,0.0,805.027,-0.468
2022-10-18 06:00:00,null,0.41,0.481,1.618,31.4,0.0,804.96,-0.526
2022-10-18 07:00:00,null,3.79,0.527,1.792,3.4,0.0,805.367,2.261
2022-10-18 08:00:00,14.1,80.51,0.868,1.966,45.7,0.0,806.021,61.981
2022-10-18 09:00:00,14.99,99.88,0.627,1.72,9.2,0.0,806.506,168.067
2022-10-18 10:00:00,15.85,96.89,0.612,1.843,333.0,0.0,806.646,335.085
2022-10-18 11:00:00,17.58,75.65,1.841,4.311,27.6,0.0,806.557,758.507
2022-10-18 12:00:00,19.11,65.99,3.036,5.868,57.1,0.0,805.997,995.138
2022-10-18 13:00:00,19.83,62.85,3.309,6.124,102.5,0.0,805.316,612.37
2022-10-18 14:00:00,20.74,58.41,2.77,5.458,117.3,0.0,804.491,456.737
2022-10-18 15:00:00,20.19,62.12,3.25,5.407,138.8,0.0,803.674,205.953
2022-10-18 16:00:00,20.39,62.1,2.059,4.004,322.2,0.0,803.363,239.745
2022-10-18 17:00:00,19.85,65.97,1.278,4.506,9.4,0.0,803.49,114.377
2022-10-18 18:00:00,18.49,74.3,1.586,4.506,82.1,0.0,804.008,32.239
2022-10-18 19:00:00,17.78,78.06,0.839,2.099,155.9,0.0,804.521,0.839
2022-10-18 20:00:00,17.6,80.08,0.968,3.369,99.8,0.0,805.287,-0.609
2022-10-18 21:00:00,16.38,91.17,1.797,3.953,128.0,0.4,806.241,-0.251
2022-10-18 22:00:00,15.83,99.88,1.119,3.604,107.5,0.0,806.893,-0.844
2022-10-18 23:00:00,15.68,99.89,0.668,2.15,87.0,0.0,807.04,-0.828
2022-10-19 00:00:00,15.44,99.88,0.602,2.662,106.5,0.0,807.023,-0.79
2022-10-19 01:00:00,15.35,99.88,0.926,2.222,103.4,0.0,806.704,-0.728
2022-10-19 02:00:00,15.31,99.89,1.137,2.038,135.3,0.0,806.469,-0.818
2022-10-19 03:00:00,15.25,99.89,1.308,3.052,120.9,0.0,806.435,-0.916
2022-10-19 04:00:00,15.04,99.89,1.407,3.256,101.9,0.0,806.395,-0.855
2022-10-19 05:00:00,14.68,99.89,2.046,4.588,119.0,0.0,806.472,-0.404
2022-10-19 06:00:00,14.04,99.88,1.719,3.584,114.5,0.2,806.69,-0.282
2022-10-19 07:00:00,13.76,99.91,2.219,4.25,125.0,0.0,807.078,2.236
2022-10-19 08:00:00,13.89,96.26,2.217,3.625,143.4,0.0,807.703,59.604
2022-10-19 09:00:00,14.34,85.22,2.071,3.779,142.7,0.0,808.075,235.755
2022-10-19 10:00:00,15.33,74.78,2.703,5.366,147.2,0.0,808.392,388.405
2022-10-19 11:00:00,16.55,70.02,2.419,5.018,134.9,0.0,808.453,590.635
2022-10-19 12:00:00,17.72,64.33,2.206,5.396,127.7,0.0,807.988,624.103
2022-10-19 13:00:00,19.22,58.64,1.511,4.608,116.0,0.0,807.274,632.337
2022-10-19 14:00:00,20.13,55.04,1.55,3.471,68.2,0.0,806.414,389.708
2022-10-19 15:00:00,20.66,52.63,1.233,3.492,84.7,0.0,805.771,258.075
2022-10-19 16:00:00,20.88,52.43,2.117,4.403,101.5,0.0,805.508,249.17
2022-10-19 17:00:00,20.5,53.29,2.842,5.55,110.5,0.0,805.554,134.742
2022-10-19 18:00:00,20.03,54.43,2.911,5.489,102.8,0.0,805.964,51.985
2022-10-19 19:00:00,19.13,57.01,3.337,5.489,126.9,0.0,806.464,1.834
2022-10-19 20:00:00,17.89,60.72,2.293,4.987,122.1,0.0,807.269,-0.402
2022-10-19 21:00:00,16.73,63.99,2.639,5.089,131.4,0.0,808.229,-0.49
2022-10-19 22:00:00,15.44,69.73,1.896,3.912,145.3,0.0,808.624,-0.597
2022-10-19 23:00:00,14.17,77.0,1.052,2.478,162.2,0.0,808.715,-0.959
2022-10-20 00:00:00,13.65,79.32,0.763,1.761,182.1,0.0,808.645,-1.117
2022-10-20 01:00:00,13.24,80.79,1.101,1.935,162.5,0.0,808.348,-1.175
2022-10-20 02:00:00,13.15,82.28,1.063,1.915,155.1,0.0,807.908,-0.847
2022-10-20 03:00:00,11.88,93.77,0.414,1.454,168.2,0.0,807.421,-1.152
2022-10-20 04:00:00,11.25,98.4,0.282,1.27,290.9,0.0,807.102,-1.271
2022-10-20 05:00:00,10.75,99.83,0.422,1.27,271.3,0.0,806.939,-1.31
2022-10-20 06:00:00,10.51,99.83,0.402,1.393,153.6,0.0,807.03,-1.307
2022-10-20 07:00:00,10.1,99.82,0.063,0.881,15.0,0.0,807.314,4.278
2022-10-20 08:00:00,10.62,99.84,0.27,1.772,6.8,0.0,807.725,80.855
2022-10-20 09:00:00,12.02,98.04,0.384,1.362,30.4,0.0,808.247,246.808
2022-10-20 10:00:00,14.74,76.92,0.989,3.195,145.4,0.0,808.419,612.188
2022-10-20 11:00:00,16.75,64.62,1.909,3.942,108.1,0.0,808.323,819.052
2022-10-20 12:00:00,18.68,56.3,1.977,4.301,67.6,0.0,807.691,955.233
2022-10-20 13:00:00,20.34,51.49,2.288,5.376,52.5,0.0,806.662,972.96
2022-10-20 14:00:00,21.64,46.96,2.92,5.908,57.7,0.0,805.593,883.888
2022-10-20 15:00:00,21.89,44.4,2.5,5.827,63.7,0.0,804.668,474.238
2022-10-20 16:00:00,21.46,51.42,2.183,5.12,126.9,0.0,804.242,214.67
2022-10-20 17:00:00,20.56,61.53,2.301,4.772,177.4,0.0,804.2,102.025
2022-10-20 18:00:00,19.71,63.44,2.021,4.639,194.2,0.0,804.449,45.161
2022-10-20 19:00:00,19.02,64.16,1.037,4.014,170.1,0.0,804.885,2.382
2022-10-20 20:00:00,18.47,64.67,1.521,3.932,258.4,0.0,805.48,-0.555
2022-10-20 21:00:00,18.07,66.9,0.901,3.267,132.7,0.0,806.155,-0.67
2022-10-20 22:00:00,17.3,72.17,0.243,1.669,354.9,0.0,806.65,-0.771
2022-10-20 23:00:00,16.97,73.29,0.398,1.669,27.5,0.0,806.888,-0.788
2022-10-21 00:00:00,16.36,76.59,0.631,1.905,275.2,0.0,806.803,-0.948
2022-10-21 01:00:00,15.18,80.21,1.035,3.236,263.3,0.0,806.481,-1.152
2022-10-21 02:00:00,14.88,81.16,0.686,2.099,195.1,0.0,806.24,-0.902
2022-10-21 03:00:00,14.96,82.47,0.011,0.389,1.8,0.0,805.824,-0.831
2022-10-21 04:00:00,14.17,87.17,0.406,1.423,226.8,0.0,805.449,-0.851
2022-10-21 05:00:00,14.28,90.11,0.244,1.577,5.9,0.0,805.291,-0.838
2022-10-21 06:00:00,13.43,98.68,0.059,0.983,12.9,0.0,805.278,-1.097
2022-10-21 07:00:00,12.86,86.37,0.082,1.085,352.7,0.0,805.691,2.816
2022-10-21 08:00:00,13.5,99.89,0.085,0.717,7.1,0.0,806.253,83.84
2022-10-21 09:00:00,15.47,92.47,0.131,1.26,1.6,0.0,806.786,237.49
2022-10-21 10:00:00,17.02,76.79,0.724,1.976,67.2,0.0,807.274,422.258
2022-10-21 11:00:00,18.6,66.1,0.719,2.335,45.1,0.0,807.216,570.338
2022-10-21 12:00:00,19.74,58.56,0.983,3.338,40.8,0.0,806.576,239.995
2022-10-21 13:00:00,19.72,58.99,0.804,2.007,314.5,0.0,805.894,102.321
2022-10-21 14:00:00,19.78,59.41,0.986,2.079,311.3,0.0,805.282,156.388
2022-10-21 15:00:00,19.86,59.54,0.459,6.185,357.9,0.0,804.721,138.057
2022-10-21 16:00:00,18.62,67.5,2.36,5.591,106.9,0.0,804.499,241.777
2022-10-21 17:00:00,19.26,64.08,1.166,2.714,126.5,0.0,804.374,132.35
2022-10-21 18:00:00,19.08,65.39,0.725,2.099,295.0,0.0,804.638,48.934
2022-10-21 19:00:00,18.31,71.92,0.911,3.215,275.4,0.0,805.094,1.092
2022-10-21 20:00:00,17.61,74.68,1.442,3.871,265.6,0.0,805.814,-0.513
2022-10-21 21:00:00,17.3,76.9,0.95,3.359,318.9,0.0,806.454,-0.622
2022-10-21 22:00:00,16.5,82.71,0.143,1.597,355.1,0.0,806.637,-0.672
2022-10-21 23:00:00,16.02,87.14,0.634,1.966,26.8,0.0,806.713,-0.951
2022-10-22 00:00:00,15.58,87.22,0.29,1.782,19.4,0.0,806.796,-1.3
2022-10-22 01:00:00,15.17,88.48,0.717,2.099,34.4,0.0,806.427,-0.808
2022-10-22 02:00:00,14.65,95.3,0.21,1.556,326.6,0.0,805.825,-0.846
2022-10-22 03:00:00,14.14,99.88,0.092,1.208,341.0,0.0,805.247,-0.964
2022-10-22 04:00:00,13.72,99.88,0.346,1.229,81.2,0.0,804.89,-0.927
2022-10-22 05:00:00,12.83,99.86,0.569,1.495,132.9,0.0,804.653,-1.298
2022-10-22 06:00:00,12.13,99.28,0.62,1.495,325.0,0.0,804.873,-1.374
2022-10-22 07:00:00,11.68,72.13,0.662,1.618,166.9,0.0,805.242,2.751
2022-10-22 08:00:00,13.3,91.87,0.099,1.372,332.2,0.0,805.977,136.366
2022-10-22 09:00:00,15.62,83.4,0.44,1.659,14.9,0.0,806.631,400.087
2022-10-22 10:00:00,18.06,67.67,0.673,2.693,14.3,0.0,807.073,638.478
2022-10-22 11:00:00,19.8,60.66,1.27,3.389,39.1,0.0,806.911,794.465
2022-10-22 12:00:00,21.5,53.38,1.93,5.847,72.1,0.0,806.289,814.33
2022-10-22 13:00:00,22.68,48.49,3.112,6.472,170.2,0.0,805.42,949.633
2022-10-22 14:00:00,23.17,48.04,3.964,7.24,152.6,0.0,804.462,979.825
2022-10-22 15:00:00,23.29,49.87,4.576,8.69,151.5,0.0,803.772,914.063
2022-10-22 16:00:00,22.61,52.88,4.355,8.51,154.4,0.0,803.527,623.005
2022-10-22 17:00:00,22.17,54.98,3.724,7.578,218.6,0.0,803.668,414.683
2022-10-22 18:00:00,20.32,61.64,3.354,7.363,258.9,0.0,803.897,74.032
2022-10-22 19:00:00,18.84,68.42,3.323,6.625,248.2,0.0,804.153,3.4
2022-10-22 20:00:00,18.41,70.87,2.382,5.673,270.0,0.0,805.028,-1.453
2022-10-22 21:00:00,18.02,72.43,3.282,5.939,274.7,0.0,805.959,-1.55
2022-10-22 22:00:00,17.08,76.19,0.812,2.417,55.0,0.0,806.347,-1.161
2022-10-22 23:00:00,15.61,85.93,0.77,3.779,292.5,0.0,806.542,-1.683
2022-10-23 00:00:00,15.25,91.19,0.693,2.621,300.7,0.0,806.513,-1.457
2022-10-23 01:00:00,15.74,95.03,2.469,5.304,298.0,0.0,806.276,-1.768
2022-10-23 02:00:00,15.47,91.19,2.107,4.557,317.1,0.0,806.029,-1.076
2022-10-23 03:00:00,15.47,85.7,2.087,4.444,289.8,0.0,806.108,-1.116
2022-10-23 04:00:00,14.51,93.71,1.171,3.645,56.1,0.0,805.755,-0.456
2022-10-23 05:00:00,13.89,99.87,0.699,3.604,66.9,0.0,805.601,-0.92
2022-10-23 06:00:00,13.39,99.87,0.857,3.195,60.0,0.0,805.654,-0.973
2022-10-23 07:00:00,11.75,67.02,0.413,1.638,313.8,0.0,806.02,4.245
2022-10-23 08:00:00,13.8,94.28,0.832,2.478,105.9,0.0,806.53,167.219
2022-10-23 09:00:00,16.49,79.51,1.016,2.601,48.4,0.0,806.905,465.845
2022-10-23 10:00:00,18.59,67.11,1.519,3.635,52.2,0.0,807.13,488.607
2022-10-23 11:00:00,20.31,61.83,1.513,3.83,62.2,0.0,806.992,727.052
2022-10-23 12:00:00,21.93,56.27,2.092,6.195,2.0,0.0,806.291,677.465
2022-10-23 13:00:00,22.19,55.66,2.783,6.124,251.6,0.0,805.627,591.448
2022-10-23 14:00:00,23.42,51.71,1.964,5.417,211.2,0.0,804.678,653.748
2022-10-23 15:00:00,23.94,49.9,3.109,6.728,193.1,0.0,803.978,716.378
2022-10-23 16:00:00,24.33,50.16,3.126,6.922,208.2,0.0,803.612,629.502
2022-10-23 17:00:00,24.2,46.83,3.223,7.086,206.6,0.0,803.649,350.567
2022-10-23 18:00:00,23.73,49.0,2.42,4.475,196.7,0.0,803.972,165.542
2022-10-23 19:00:00,21.56,61.81,0.701,3.389,290.4,0.0,804.725,4.347
2022-10-23 20:00:00,20.12,69.19,1.076,3.666,192.3,0.0,805.524,-0.997
2022-10-23 21:00:00,19.11,73.03,1.653,3.912,197.5,0.0,806.122,-1.522
2022-10-23 22:00:00,18.16,76.04,1.599,3.543,201.7,0.0,806.413,-1.245
2022-10-23 23:00:00,16.41,84.29,0.3,1.475,352.1,0.0,806.774,-1.288
2022-10-24 00:00:00,15.13,99.82,0.189,1.219,22.8,0.0,806.727,-1.414
2022-10-24 01:00:00,14.35,71.7,0.265,1.382,43.3,0.0,806.434,-1.458
2022-10-24 02:00:00,null,20.84,0.184,1.29,330.3,0.0,806.189,-1.04
2022-10-24 03:00:00,null,10.92,0.27,1.352,356.5,0.0,805.778,-1.161
2022-10-24 04:00:00,null,6.21,0.421,1.597,221.9,0.0,805.633,-1.252
2022-10-24 05:00:00,null,0.41,0.19,1.188,23.2,0.0,805.573,-1.039
2022-10-24 06:00:00,null,0.41,0.57,1.772,170.7,0.0,806.021,-1.556
2022-10-24 07:00:00,null,0.41,0.402,1.812,22.8,0.0,806.397,2.75
2022-10-24 08:00:00,null,37.43,0.195,1.802,10.7,0.0,806.916,61.543
2022-10-24 09:00:00,15.12,97.82,0.744,2.652,301.6,0.0,807.402,192.79
2022-10-24 10:00:00,17.52,79.48,1.448,2.847,345.2,0.0,807.859,410.058
2022-10-24 11:00:00,18.7,71.5,1.379,3.297,27.3,0.0,808.091,541.847
2022-10-24 12:00:00,20.69,61.42,1.017,3.318,92.6,0.0,807.677,934.38
2022-10-24 13:00:00,22.65,51.6,1.126,4.045,142.4,0.0,806.753,989.683
2022-10-24 14:00:00,24.59,42.7,2.365,4.905,272.1,0.0,805.665,955.517
2022-10-24 15:00:00,26.14,37.22,2.066,5.837,246.0,0.0,804.72,860.683
2022-10-24 16:00:00,25.77,48.06,3.252,6.779,148.5,0.0,804.178,673.838
2022-10-24 17:00:00,24.5,52.07,4.007,8.82,149.5,0.0,804.151,411.503
2022-10-24 18:00:00,22.82,60.41,3.46,7.813,187.3,0.0,804.341,140.43
2022-10-24 19:00:00,20.82,67.94,3.002,6.144,175.6,0.0,805.059,2.517
2022-10-24 20:00:00,20.47,67.67,1.716,5.284,242.5,0.0,805.684,-1.552
2022-10-24 21:00:00,19.64,70.41,0.529,4.25,25.5,0.0,806.216,-1.473
2022-10-24 22:00:00,18.41,76.72,0.44,2.509,13.5,0.0,806.521,-1.524
2022-10-24 23:00:00,16.55,96.19,0.397,1.935,7.9,0.0,806.731,-1.207
2022-10-25 00:00:00,15.24,99.72,0.082,1.208,357.9,0.0,806.666,-1.618
2022-10-25 01:00:00,14.57,99.87,0.202,1.362,317.1,0.0,806.534,-1.586
2022-10-25 02:00:00,null,45.19,0.264,1.638,312.6,0.0,806.422,-1.48
