Fecha Local,Fecha UTC,Direcci�n del Viento (grados),Direcci�n de r�faga (grados),Rapidez de viento (km/h),Rapidez de r�faga (km/h),Temperatura del Aire (�C),Humedad relativa (%),Presi�n Atmosf�rica (hpa),Precipitaci�n (mm),Radiaci�n Solar (W/m�)
11/28/2022 02:40,11/28/2022 08:40,346,333,5.5,6.8,13,99,780,0,0
11/28/2022 02:30,11/28/2022 08:30,355,14,4.5,6.2,13.2,96,780,0,0
11/28/2022 02:20,11/28/2022 08:20,295,290,5.1,6.8,13.2,92,780.1,0,0
11/28/2022 02:10,11/28/2022 08:10,263,253,5.7,7.9,13.2,92,780.1,0,0
11/28/2022 02:00,11/28/2022 08:00,276,274,5.5,9.7,13.3,92,780.2,0,0
11/28/2022 01:50,11/28/2022 07:50,261,261,4.8,6.2,13.6,91,780.3,0,0
11/28/2022 01:40,11/28/2022 07:40,255,252,3.1,4.5,13.7,90,780.4,0,0
11/28/2022 01:30,11/28/2022 07:30,256,256,6.2,9.1,13.7,89,780.5,0,0
11/28/2022 01:20,11/28/2022 07:20,270,249,4.3,6.2,13.8,90,780.5,0,0
11/28/2022 01:10,11/28/2022 07:10,268,258,4.3,6.8,14,88,780.6,0,0
11/28/2022 01:00,11/28/2022 07:00,261,250,4.8,9.1,14.1,90,780.6,0,0
11/28/2022 00:50,11/28/2022 06:50,272,261,3.4,5.6,14.3,91,780.6,0,0
11/28/2022 00:40,11/28/2022 06:40,264,261,3.5,7.9,14.5,93,780.6,0,0
11/28/2022 00:30,11/28/2022 06:30,274,270,0,0,14.6,92,780.7,0,0
11/28/2022 00:20,11/28/2022 06:20,281,270,2.3,4.5,14.8,92,780.7,0,0
11/28/2022 00:10,11/28/2022 06:10,260,301,4.5,7.4,14.9,93,780.8,0,0
11/28/2022 00:00,11/28/2022 06:00,258,249,4.1,8.5,15.1,94,781,0,0
11/27/2022 23:50,11/28/2022 05:50,246,238,2.9,4.5,15.2,94,781,0,0
11/27/2022 23:40,11/28/2022 05:40,249,233,1.9,4.5,15.1,96,781.1,0,0
11/27/2022 23:30,11/28/2022 05:30,297,215,0,0,15.2,97,781.1,0,0
11/27/2022 23:20,11/28/2022 05:20,225,215,2.9,5.6,15.4,97,781.1,0,0
11/27/2022 23:10,11/28/2022 05:10,190,213,2.6,6.8,15.3,98,781.1,0,0
11/27/2022 23:00,11/28/2022 05:00,222,227,5.6,9.1,15.4,95,781.1,0,0
11/27/2022 22:50,11/28/2022 04:50,228,229,6.5,10.2,15.4,95,781.1,0,0
11/27/2022 22:40,11/28/2022 04:40,225,226,6.3,8.5,15.5,93,781.1,0,0
11/27/2022 22:30,11/28/2022 04:30,243,250,6.5,7.9,15.4,93,781.2,0,0
11/27/2022 22:20,11/28/2022 04:20,250,240,4.4,8.5,15.3,96,781.3,0,0
11/27/2022 22:10,11/28/2022 04:10,294,301,5,7.9,15.4,95,781.2,0,0
11/27/2022 22:00,11/28/2022 04:00,295,296,4.6,9.1,15.5,94,781.1,0,0
11/27/2022 21:50,11/28/2022 03:50,337,318,1.7,2.8,15.6,93,781,0,0
11/27/2022 21:40,11/28/2022 03:40,329,328,4.9,6.8,15.5,94,781,0,0
11/27/2022 21:30,11/28/2022 03:30,339,337,6.2,10.2,15.5,94,781,0,0
11/27/2022 21:20,11/28/2022 03:20,330,314,7.3,10.2,15.6,95,780.9,0,0
11/27/2022 21:10,11/28/2022 03:10,328,330,7.5,10.2,15.7,95,780.8,0,0
11/27/2022 21:00,11/28/2022 03:00,296,315,5.7,7.9,15.7,94,780.8,0,0
11/27/2022 20:50,11/28/2022 02:50,280,295,4.9,7.4,15.9,92,780.7,0,0
11/27/2022 20:40,11/28/2022 02:40,302,292,6,7.9,16,92,780.6,0,0
11/27/2022 20:30,11/28/2022 02:30,277,291,6.6,10.8,16.1,94,780.6,0,0
11/27/2022 20:20,11/28/2022 02:20,248,254,4.8,9.7,16.2,93,780.4,0,0
11/27/2022 20:10,11/28/2022 02:10,212,171,0,0,16.3,94,780.3,0,0
11/27/2022 20:00,11/28/2022 02:00,130,171,3.7,5.6,16.2,93,780.2,0,0
11/27/2022 19:50,11/28/2022 01:50,190,189,8.3,10.8,16.1,96,780.2,0,0
11/27/2022 19:40,11/28/2022 01:40,187,198,6.9,10.2,16.4,94,780.1,0,0
11/27/2022 19:30,11/28/2022 01:30,229,224,7.1,9.7,16.4,89,780.2,0,0
11/27/2022 19:20,11/28/2022 01:20,248,248,7.7,10.2,16.5,88,780.1,0,0
11/27/2022 19:10,11/28/2022 01:10,259,247,6.9,10.2,16.9,82,780.1,0.25,0
11/27/2022 19:00,11/28/2022 01:00,266,272,5.9,9.1,17.2,78,780,0,0
11/27/2022 18:50,11/28/2022 00:50,248,252,10,17.2,17.2,75,779.8,0,0
11/27/2022 18:40,11/28/2022 00:40,262,234,6.3,11.4,17.4,77,779.6,0,0
11/27/2022 18:30,11/28/2022 00:30,27,35,8.4,10.8,17.3,75,779.4,0,0
11/27/2022 18:20,11/28/2022 00:20,15,23,7.6,9.1,17.4,73,779.3,0,0
11/27/2022 18:10,11/28/2022 00:10,349,326,6.2,10.8,17.3,69,779.3,0,0
11/27/2022 18:00,11/28/2022 00:00,334,290,5.4,9.1,17.7,67,779.1,0,0
11/27/2022 17:50,11/27/2022 23:50,113,139,4.4,8.5,17.4,64,778.9,0,0
11/27/2022 17:40,11/27/2022 23:40,142,133,7.7,11.4,17,68,778.7,0,0
11/27/2022 17:30,11/27/2022 23:30,98,85,14.7,22.3,17.2,67,778.6,0,0
11/27/2022 17:20,11/27/2022 23:20,32,83,10.4,25.2,18,61,778.9,0.25,0
11/27/2022 17:10,11/27/2022 23:10,307,299,11.2,18.9,18.8,57,778.9,0.25,0
11/27/2022 17:00,11/27/2022 23:00,275,274,11.8,31,19.5,53,778.7,0,11
11/27/2022 16:50,11/27/2022 22:50,244,287,10.5,14.9,19.9,56,778.4,0,20
11/27/2022 16:40,11/27/2022 22:40,238,231,8.4,14.9,20.3,52,778.2,0,27
11/27/2022 16:30,11/27/2022 22:30,217,215,8.4,12,20.4,49,778.1,0,31
11/27/2022 16:20,11/27/2022 22:20,201,177,7.7,11.4,20.2,52,778.1,0,31
11/27/2022 16:10,11/27/2022 22:10,219,212,10.9,17.2,20.3,57,778,0,66
11/27/2022 16:00,11/27/2022 22:00,239,208,8.8,17.7,21.5,57,777.8,0.25,87
11/27/2022 15:50,11/27/2022 21:50,187,205,9.6,21.2,22.4,49,777.8,0,147
11/27/2022 15:40,11/27/2022 21:40,160,167,9.1,14.3,22.4,49,777.8,0,121
11/27/2022 15:30,11/27/2022 21:30,158,160,12.8,22.3,22.9,48,777.9,0,118
11/27/2022 15:20,11/27/2022 21:20,359,175,4.9,16,23.9,42,777.9,0,132
11/27/2022 15:10,11/27/2022 21:10,295,307,7.2,14.9,24.2,40,778,0,452
11/27/2022 15:00,11/27/2022 21:00,248,240,8,12.5,24,41,778,0,586
11/27/2022 14:50,11/27/2022 20:50,187,182,7.4,10.2,23.8,42,778,0,578
11/27/2022 14:40,11/27/2022 20:40,19,233,5.3,10.2,23.6,42,778.2,0,524
11/27/2022 14:30,11/27/2022 20:30,340,330,7.9,12.5,23.7,43,778.3,0,685
11/27/2022 14:20,11/27/2022 20:20,324,331,6.9,14.3,23.7,43,778.4,0,689
11/27/2022 14:10,11/27/2022 20:10,8,324,6.7,12.5,23.7,43,778.5,0,660
11/27/2022 14:00,11/27/2022 20:00,150,188,7.3,13.1,23.5,44,778.6,0,711
11/27/2022 13:50,11/27/2022 19:50,214,218,5.8,10.8,23.9,44,778.7,0,695
11/27/2022 13:40,11/27/2022 19:40,255,186,6.5,13.1,23.6,44,778.9,0,731
11/27/2022 13:30,11/27/2022 19:30,248,217,4.7,9.7,23.5,45,779.1,0,762
11/27/2022 13:20,11/27/2022 19:20,139,186,5.5,9.7,22.8,47,779.3,0,751
11/27/2022 13:10,11/27/2022 19:10,115,81,2.8,9.1,22.5,48,779.5,0,579
11/27/2022 13:00,11/27/2022 19:00,204,210,6.6,10.2,22.6,48,779.7,0,606
11/27/2022 12:50,11/27/2022 18:50,205,209,6.1,11.4,22.7,48,779.9,0,782
11/27/2022 12:40,11/27/2022 18:40,74,41,5.3,7.4,22,49,780.1,0,780
11/27/2022 12:30,11/27/2022 18:30,20,39,7.1,10.2,21.6,52,780.2,0,809
11/27/2022 12:20,11/27/2022 18:20,31,55,8.5,14.9,21.9,51,780.4,0,798
11/27/2022 12:10,11/27/2022 18:10,292,234,4.8,9.1,21.7,50,780.6,0,789
11/27/2022 12:00,11/27/2022 18:00,58,39,6.9,11.4,21.3,53,780.7,0,788
11/27/2022 11:50,11/27/2022 17:50,69,119,9,16.6,21.2,54,780.8,0,817
11/27/2022 11:40,11/27/2022 17:40,37,57,8.2,16,21.4,56,780.9,0,806
11/27/2022 11:30,11/27/2022 17:30,257,347,5.2,10.8,20.9,56,781.1,0,773
11/27/2022 11:20,11/27/2022 17:20,11,38,5.5,9.1,20.1,58,781.3,0,734
11/27/2022 11:10,11/27/2022 17:10,35,21,8.4,14.9,20.4,59,781.4,0,733
11/27/2022 11:00,11/27/2022 17:00,19,18,4.8,13.1,20.7,59,781.5,0,739
11/27/2022 10:50,11/27/2022 16:50,63,94,5.9,10.8,19.9,61,781.5,0,714
11/27/2022 10:40,11/27/2022 16:40,37,55,6.6,12.5,19.8,62,781.6,0,679
11/27/2022 10:30,11/27/2022 16:30,328,289,3.5,6.8,19.7,62,781.7,0,659
11/27/2022 10:20,11/27/2022 16:20,1,7,3.8,7.9,19.4,63,781.7,0,638
11/27/2022 10:10,11/27/2022 16:10,110,125,3.2,5.6,18.7,65,781.8,0,621
11/27/2022 10:00,11/27/2022 16:00,85,50,6.3,9.1,18.3,66,781.9,0,602
11/27/2022 09:50,11/27/2022 15:50,68,88,6.2,8.5,18.1,68,781.9,0,570
11/27/2022 09:40,11/27/2022 15:40,21,71,3.1,8.5,17.9,69,781.9,0,536
11/27/2022 09:30,11/27/2022 15:30,347,2,3.9,7.4,17.6,70,782,0,505
11/27/2022 09:20,11/27/2022 15:20,359,345,4.4,7.4,17.5,71,781.9,0,473
11/27/2022 09:10,11/27/2022 15:10,94,152,2.4,4.5,17.5,70,781.9,0,440
11/27/2022 09:00,11/27/2022 15:00,109,138,4.3,6.8,17,72,781.7,0,406
11/27/2022 08:50,11/27/2022 14:50,93,85,2.2,5.1,16.8,72,781.6,0,369
11/27/2022 08:40,11/27/2022 14:40,243,242,1.9,3.3,15.9,75,781.6,0,333
11/27/2022 08:30,11/27/2022 14:30,218,222,2.7,5.6,15.1,77,781.6,0,282
11/27/2022 08:20,11/27/2022 14:20,240,236,5.1,7.9,14.9,78,781.5,0,229
11/27/2022 08:10,11/27/2022 14:10,273,292,2.9,6.2,14.5,80,781.5,0,212
11/27/2022 08:00,11/27/2022 14:00,277,264,4.2,6.8,13.8,82,781.5,0,185
11/27/2022 07:50,11/27/2022 13:50,266,283,5.8,9.1,13.2,84,781.4,0,150
11/27/2022 07:40,11/27/2022 13:40,272,273,6.2,9.7,12.7,87,781.3,0,112
11/27/2022 07:30,11/27/2022 13:30,280,287,3.4,7.4,12.2,91,781.2,0,75
11/27/2022 07:20,11/27/2022 13:20,284,299,2.8,5.1,11.9,92,781.1,0,43
11/27/2022 07:10,11/27/2022 13:10,337,1,2.4,3.9,11.9,92,780.9,0,15
11/27/2022 07:00,11/27/2022 13:00,2,4,4,5.1,11.9,92,780.8,0,3
11/27/2022 06:50,11/27/2022 12:50,356,348,4.5,6.2,11.9,91,780.7,0,0
11/27/2022 06:40,11/27/2022 12:40,327,309,5.1,7.4,11.9,91,780.6,0,0
11/27/2022 06:30,11/27/2022 12:30,325,324,6,7.9,12,92,780.6,0,0
11/27/2022 06:20,11/27/2022 12:20,356,293,0,0,12.1,92,780.5,0,0
11/27/2022 06:10,11/27/2022 12:10,297,293,2.5,4.5,12,91,780.3,0,0
11/27/2022 06:00,11/27/2022 12:00,259,251,2,4.5,12.2,91,780.3,0,0
11/27/2022 05:50,11/27/2022 11:50,251,253,4.7,5.6,12.3,91,780.2,0,0
11/27/2022 05:40,11/27/2022 11:40,251,249,5.2,6.2,12.5,90,780.2,0,0
11/27/2022 05:30,11/27/2022 11:30,247,247,5.8,7.4,12.4,89,780.2,0,0
11/27/2022 05:20,11/27/2022 11:20,258,243,4.4,7.4,12.2,90,780.2,0,0
11/27/2022 05:10,11/27/2022 11:10,262,272,4,6.2,12.4,89,780.2,0,0
11/27/2022 05:00,11/27/2022 11:00,244,255,4.6,6.8,12.5,89,780.1,0,0
11/27/2022 04:50,11/27/2022 10:50,262,257,5.2,7.9,12.4,89,780.1,0,0
11/27/2022 04:40,11/27/2022 10:40,270,276,4.9,7.4,12.6,89,780.1,0,0
11/27/2022 04:30,11/27/2022 10:30,275,270,4.9,7.9,12.7,88,780.1,0,0
11/27/2022 04:20,11/27/2022 10:20,294,296,6.1,8.5,12.9,87,780.1,0,0
11/27/2022 04:10,11/27/2022 10:10,307,307,7.2,9.1,13.1,88,780.1,0,0
11/27/2022 04:00,11/27/2022 10:00,337,321,3.2,6.8,13.1,88,780.1,0,0
11/27/2022 03:50,11/27/2022 09:50,345,305,0,0,13.1,88,780,0,0
11/27/2022 03:40,11/27/2022 09:40,26,305,0,0,13,87,780,0,0
11/27/2022 03:30,11/27/2022 09:30,16,305,0,0,13.2,85,780,0,0
11/27/2022 03:20,11/27/2022 09:20,311,305,4,6.2,13.4,83,780.1,0,0
11/27/2022 03:10,11/27/2022 09:10,318,306,5.6,6.8,13.4,82,780.1,0,0
11/27/2022 03:00,11/27/2022 09:00,334,323,2.2,5.6,13.3,82,780.1,0,0
11/27/2022 02:50,11/27/2022 08:50,311,295,0,0,13.3,82,780.1,0,0
11/27/2022 02:40,11/27/2022 08:40,292,295,0,0,13.4,80,780.1,0,0
11/27/2022 02:30,11/27/2022 08:30,294,295,0,0,13.7,80,780.3,0,0
11/27/2022 02:20,11/27/2022 08:20,292,295,3.7,5.6,13.8,79,780.3,0,0
11/27/2022 02:10,11/27/2022 08:10,297,308,4.3,5.6,13.8,79,780.3,0,0
11/27/2022 02:00,11/27/2022 08:00,277,268,5.2,7.9,14,78,780.3,0,0
11/27/2022 01:50,11/27/2022 07:50,272,254,4.3,6.2,14.3,78,780.4,0,0
11/27/2022 01:40,11/27/2022 07:40,247,249,6.4,8.5,14.6,75,780.5,0,0
11/27/2022 01:30,11/27/2022 07:30,235,238,5.8,7.4,14.7,76,780.5,0,0
11/27/2022 01:20,11/27/2022 07:20,241,227,7.3,9.1,14.6,77,780.5,0,0
11/27/2022 01:10,11/27/2022 07:10,256,254,6.8,9.1,14.5,77,780.5,0,0
11/27/2022 01:00,11/27/2022 07:00,260,260,7.4,11.4,14.4,78,780.6,0,0
11/27/2022 00:50,11/27/2022 06:50,275,282,6.4,8.5,14.6,79,780.6,0,0
11/27/2022 00:40,11/27/2022 06:40,282,274,5.1,7.9,14.9,80,780.6,0,0
11/27/2022 00:30,11/27/2022 06:30,305,294,3,6.8,15.5,84,780.6,0,0
11/27/2022 00:20,11/27/2022 06:20,231,217,4,7.4,15.9,85,780.6,0,0
11/27/2022 00:10,11/27/2022 06:10,221,198,4.9,7.4,16,84,780.6,0,0
11/27/2022 00:00,11/27/2022 06:00,221,222,4.3,6.8,16,84,780.5,0,0
11/26/2022 23:50,11/27/2022 05:50,218,197,4.1,5.1,16.1,83,780.5,0,0
11/26/2022 23:40,11/27/2022 05:40,213,232,4.2,6.2,16,83,780.4,0,0
11/26/2022 23:30,11/27/2022 05:30,265,245,4.8,7.4,15.9,83,780.4,0,0
11/26/2022 23:20,11/27/2022 05:20,314,321,3.1,5.1,16,80,780.4,0,0
11/26/2022 23:10,11/27/2022 05:10,38,9,0,0,16.3,78,780.4,0,0
11/26/2022 23:00,11/27/2022 05:00,0,9,2.2,3.9,16.4,80,780.3,0,0
11/26/2022 22:50,11/27/2022 04:50,286,349,2.3,4.5,16.6,78,780.3,0,0
11/26/2022 22:40,11/27/2022 04:40,174,202,2.7,5.1,16.6,80,780.3,0,0
11/26/2022 22:30,11/27/2022 04:30,214,223,2.2,4.5,16.8,79,780.3,0,0
11/26/2022 22:20,11/27/2022 04:20,194,228,2.6,4.5,17.1,77,780.2,0,0
11/26/2022 22:10,11/27/2022 04:10,187,161,4.5,7.4,17.3,75,780.1,0,0
11/26/2022 22:00,11/27/2022 04:00,196,213,3.4,6.2,17.4,75,780.1,0,0
11/26/2022 21:50,11/27/2022 03:50,176,160,5.7,10.8,17.4,73,780.1,0,0
11/26/2022 21:40,11/27/2022 03:40,215,187,0,3.9,17.4,71,780.1,0,0
11/26/2022 21:30,11/27/2022 03:30,240,235,2.9,5.6,17.7,67,780,0,0
11/26/2022 21:20,11/27/2022 03:20,237,249,6.7,10.8,17.9,65,780,0,0
11/26/2022 21:10,11/27/2022 03:10,256,255,3.9,7.9,18,60,780,0,0
11/26/2022 21:00,11/27/2022 03:00,216,224,6,11.4,18,59,779.8,0,0
11/26/2022 20:50,11/27/2022 02:50,253,250,6,10.2,18.3,58,779.8,0,0
11/26/2022 20:40,11/27/2022 02:40,217,223,6.3,12,18.5,56,779.7,0,0
11/26/2022 20:30,11/27/2022 02:30,231,223,5.8,8.5,18.7,54,779.6,0,0
11/26/2022 20:20,11/27/2022 02:20,238,236,7.6,12,18.7,54,779.5,0,0
11/26/2022 20:10,11/27/2022 02:10,243,270,6.7,10.8,18.8,55,779.5,0,0
11/26/2022 20:00,11/27/2022 02:00,208,209,5.9,9.7,19,54,779.4,0,0
11/26/2022 19:50,11/27/2022 01:50,215,217,5.7,8.5,19.1,54,779.3,0,0
11/26/2022 19:40,11/27/2022 01:40,234,220,10.5,16.6,19.2,54,779.1,0,0
11/26/2022 19:30,11/27/2022 01:30,246,231,8.7,18.3,19.4,55,779,0,0
11/26/2022 19:20,11/27/2022 01:20,237,236,7.3,12,19.6,55,778.9,0,0
11/26/2022 19:10,11/27/2022 01:10,230,229,8.5,14.3,19.7,56,778.8,0,0
11/26/2022 19:00,11/27/2022 01:00,228,228,12,17.7,20,56,778.7,0,0
11/26/2022 18:50,11/27/2022 00:50,241,238,12.5,22.3,20.4,56,778.7,0,0
11/26/2022 18:40,11/27/2022 00:40,253,254,8.6,12.5,20.7,55,778.6,0,0
11/26/2022 18:30,11/27/2022 00:30,258,299,9.6,15.4,21,53,778.4,0,0
11/26/2022 18:20,11/27/2022 00:20,272,257,8.5,14.3,21.2,52,778.3,0,0
11/26/2022 18:10,11/27/2022 00:10,329,328,7.9,12.5,21.6,49,778.2,0,0
11/26/2022 18:00,11/27/2022 00:00,308,290,9.7,16,22,47,778,0,2
11/26/2022 17:50,11/26/2022 23:50,316,297,11.5,18.3,22.5,44,777.9,0,24
11/26/2022 17:40,11/26/2022 23:40,298,309,9.2,15.4,23.1,42,777.8,0,50
11/26/2022 17:30,11/26/2022 23:30,300,304,6.9,14.3,23.4,41,777.7,0,89
11/26/2022 17:20,11/26/2022 23:20,296,287,8.1,14.9,23.7,39,777.7,0,129
11/26/2022 17:10,11/26/2022 23:10,229,293,6.6,15.4,24,38,777.6,0,152
11/26/2022 17:00,11/26/2022 23:00,235,229,7.4,13.1,24.1,38,777.6,0,190
11/26/2022 16:50,11/26/2022 22:50,240,223,9.8,15.4,24.2,36,777.4,0,226
11/26/2022 16:40,11/26/2022 22:40,254,263,12,20,24.1,37,777.4,0,255
11/26/2022 16:30,11/26/2022 22:30,249,241,11.8,18.3,24,37,777.3,0,289
11/26/2022 16:20,11/26/2022 22:20,256,252,9.3,21.2,24,37,777.4,0,310
11/26/2022 16:10,11/26/2022 22:10,234,218,12.3,21.8,24.4,36,777.4,0,257
11/26/2022 16:00,11/26/2022 22:00,247,235,11.9,22.9,24.7,34,777.4,0,437
11/26/2022 15:50,11/26/2022 21:50,236,237,13.9,21.8,24.6,34,777.5,0,478
11/26/2022 15:40,11/26/2022 21:40,224,239,15.2,25.8,25.1,33,777.5,0,498
11/26/2022 15:30,11/26/2022 21:30,242,252,7.7,17.2,25.2,31,777.6,0,491
11/26/2022 15:20,11/26/2022 21:20,252,255,14.2,28.1,24.9,31,777.6,0,539
11/26/2022 15:10,11/26/2022 21:10,218,221,9.3,20,24.7,31,777.7,0,587
11/26/2022 15:00,11/26/2022 21:00,241,228,12.1,20,25,31,777.7,0,443
11/26/2022 14:50,11/26/2022 20:50,228,232,7.1,16.6,25.3,31,777.7,0,723
11/26/2022 14:40,11/26/2022 20:40,208,234,6.6,16.6,24.9,32,777.8,0,572
11/26/2022 14:30,11/26/2022 20:30,216,198,8.3,15.4,26.3,31,777.9,0,571
11/26/2022 14:20,11/26/2022 20:20,254,251,3.3,7.9,26.6,29,778,0,651
11/26/2022 14:10,11/26/2022 20:10,285,224,4.8,10.2,26,30,778.1,0,694
11/26/2022 14:00,11/26/2022 20:00,264,255,6.2,10.8,25.3,30,778.2,0,742
11/26/2022 13:50,11/26/2022 19:50,95,90,6.5,11.4,24.5,32,778.4,0,778
11/26/2022 13:40,11/26/2022 19:40,220,203,5.9,10.8,24.1,33,778.5,0,787
11/26/2022 13:30,11/26/2022 19:30,144,163,10.4,16,24,33,778.7,0,756
11/26/2022 13:20,11/26/2022 19:20,91,117,7.8,16.6,24.2,34,778.8,0,802
11/26/2022 13:10,11/26/2022 19:10,94,126,6.8,14.9,23.9,35,779.1,0,827
11/26/2022 13:00,11/26/2022 19:00,68,11,7.2,12.5,23.8,36,779.2,0,824
11/26/2022 12:50,11/26/2022 18:50,99,116,8.1,16.6,23.6,36,779.4,0,837
11/26/2022 12:40,11/26/2022 18:40,133,140,8.3,14.3,23.9,36,779.6,0,854
11/26/2022 12:30,11/26/2022 18:30,188,230,4.7,7.4,23.8,36,779.7,0,857
11/26/2022 12:20,11/26/2022 18:20,167,247,5.9,10.2,23,37,779.9,0,868
11/26/2022 12:10,11/26/2022 18:10,26,14,6,11.4,22.5,40,780,0,819
11/26/2022 12:00,11/26/2022 18:00,177,117,6.6,13.1,22.2,41,780.2,0,875
11/26/2022 11:50,11/26/2022 17:50,146,151,9,17.7,22.4,43,780.3,0,871
11/26/2022 11:40,11/26/2022 17:40,139,103,6.7,13.1,21.9,47,780.6,0,856
11/26/2022 11:30,11/26/2022 17:30,109,126,8.3,13.7,21.4,48,780.7,0,848
11/26/2022 11:20,11/26/2022 17:20,83,77,8.1,16,21.1,52,780.9,0,840
11/26/2022 11:10,11/26/2022 17:10,124,93,7.5,13.7,20.7,56,781.1,0,855
11/26/2022 11:00,11/26/2022 17:00,85,91,9.2,15.4,20.6,59,781.2,0,830
11/26/2022 10:50,11/26/2022 16:50,94,116,8,13.7,19.9,64,781.4,0,793
11/26/2022 10:40,11/26/2022 16:40,73,86,8,13.7,19.6,65,781.5,0,726
11/26/2022 10:30,11/26/2022 16:30,100,86,7.7,13.7,19.2,67,781.6,0,635
11/26/2022 10:20,11/26/2022 16:20,48,103,7.4,12.5,19,68,781.7,0,684
11/26/2022 10:10,11/26/2022 16:10,36,27,6,10.2,18.8,70,781.7,0,639
11/26/2022 10:00,11/26/2022 16:00,124,119,8.2,13.7,18.6,71,781.7,0,603
11/26/2022 09:50,11/26/2022 15:50,118,66,7.4,12.5,18.5,72,781.8,0,604
11/26/2022 09:40,11/26/2022 15:40,130,132,7.4,13.1,18.1,74,781.8,0,573
11/26/2022 09:30,11/26/2022 15:30,117,112,6.9,10.8,17.8,76,781.8,0,538
11/26/2022 09:20,11/26/2022 15:20,109,125,7.4,12,17.5,79,781.8,0,503
11/26/2022 09:10,11/26/2022 15:10,103,80,8.2,12.5,17.3,83,781.7,0,470
11/26/2022 09:00,11/26/2022 15:00,79,121,6.4,9.7,17.1,87,781.7,0,432
11/26/2022 08:50,11/26/2022 14:50,116,99,6.4,9.7,16.7,93,781.7,0,396
11/26/2022 08:40,11/26/2022 14:40,110,101,5.7,7.9,16.6,94,781.7,0,360
11/26/2022 08:30,11/26/2022 14:30,121,103,5.5,9.1,16.7,93,781.6,0,324
11/26/2022 08:20,11/26/2022 14:20,303,292,1.9,3.3,16.4,95,781.6,0,282
11/26/2022 08:10,11/26/2022 14:10,277,308,1.7,2.8,15.5,99,781.6,0,245
11/26/2022 08:00,11/26/2022 14:00,289,291,2.1,4.5,14.5,99,781.5,0,203
11/26/2022 07:50,11/26/2022 13:50,295,292,2.2,3.9,13.8,99,781.5,0,163
11/26/2022 07:40,11/26/2022 13:40,294,300,2.9,6.8,13.3,99,781.4,0,123
11/26/2022 07:30,11/26/2022 13:30,252,255,0,0,12.8,99,781.3,0,89
11/26/2022 07:20,11/26/2022 13:20,256,255,4.7,7.4,12.3,99,781.2,0,53
11/26/2022 07:10,11/26/2022 13:10,268,267,5.7,7.9,12,99,781.1,0,27
11/26/2022 07:00,11/26/2022 13:00,256,251,3.4,5.6,11.8,99,781,0,4
11/26/2022 06:50,11/26/2022 12:50,268,255,2.1,4.5,11.8,99,780.9,0,0
11/26/2022 06:40,11/26/2022 12:40,263,262,5.3,6.8,11.9,99,780.7,0,0
11/26/2022 06:30,11/26/2022 12:30,248,250,2.3,4.5,11.9,99,780.6,0,0
11/26/2022 06:20,11/26/2022 12:20,261,268,4.2,5.6,12,99,780.6,0,0
11/26/2022 06:10,11/26/2022 12:10,277,284,3.6,5.1,12.3,99,780.5,0,0
11/26/2022 06:00,11/26/2022 12:00,230,277,1.6,4.5,12.4,99,780.4,0,0
11/26/2022 05:50,11/26/2022 11:50,175,169,2,3.9,12.5,99,780.3,0,0
11/26/2022 05:40,11/26/2022 11:40,147,154,2.3,4.5,12.4,99,780.3,0,0
11/26/2022 05:30,11/26/2022 11:30,136,152,0,0,12.5,99,780.2,0,0
11/26/2022 05:20,11/26/2022 11:20,149,152,1.7,2.8,12.9,99,780.2,0,0
11/26/2022 05:10,11/26/2022 11:10,225,200,0,0,13,99,780.1,0,0
11/26/2022 05:00,11/26/2022 11:00,195,200,2.5,4.5,13.2,99,780,0,0
11/26/2022 04:50,11/26/2022 10:50,216,215,3.2,5.1,13.4,99,780,0,0
11/26/2022 04:40,11/26/2022 10:40,217,235,2.6,3.9,13.5,98,780,0,0
11/26/2022 04:30,11/26/2022 10:30,214,203,2.3,3.3,13.5,99,779.9,0,0
11/26/2022 04:20,11/26/2022 10:20,238,250,2.9,5.1,13.5,98,779.9,0,0
11/26/2022 04:10,11/26/2022 10:10,156,153,5.1,7.9,13.7,95,779.9,0,0
11/26/2022 04:00,11/26/2022 10:00,127,127,5.2,6.2,13.8,94,779.9,0,0
11/26/2022 03:50,11/26/2022 09:50,104,107,4.2,7.4,13.7,93,779.9,0,0
11/26/2022 03:40,11/26/2022 09:40,54,101,1.6,2.2,13.7,91,779.9,0,0
11/26/2022 03:30,11/26/2022 09:30,119,106,3.3,5.6,13.8,91,779.9,0,0
11/26/2022 03:20,11/26/2022 09:20,132,109,5.2,6.2,13.7,90,779.9,0,0
11/26/2022 03:10,11/26/2022 09:10,162,151,3.3,5.6,13.8,91,779.9,0,0
11/26/2022 03:00,11/26/2022 09:00,239,251,5.3,6.8,13.8,89,780,0,0
11/26/2022 02:50,11/26/2022 08:50,261,262,5.7,7.4,13.9,89,780,0,0
11/26/2022 02:40,11/26/2022 08:40,234,268,2.7,6.8,14.1,88,780.1,0,0
11/26/2022 02:30,11/26/2022 08:30,172,141,2.7,4.5,14.1,87,780.2,0,0
11/26/2022 02:20,11/26/2022 08:20,150,144,2.7,5.1,14.2,86,780.2,0,0
11/26/2022 02:10,11/26/2022 08:10,5,0,2.1,3.9,14.6,83,780.2,0,0
11/26/2022 02:00,11/26/2022 08:00,333,349,4.5,5.6,14.6,82,780.2,0,0
11/26/2022 01:50,11/26/2022 07:50,35,61,3.8,5.1,14.5,83,780.3,0,0
11/26/2022 01:40,11/26/2022 07:40,25,70,2.6,5.1,14.5,83,780.4,0,0
11/26/2022 01:30,11/26/2022 07:30,314,308,4.7,6.2,14.4,83,780.4,0,0
11/26/2022 01:20,11/26/2022 07:20,306,326,3.7,6.2,14.3,82,780.4,0,0
11/26/2022 01:10,11/26/2022 07:10,279,272,3.8,5.6,14.5,81,780.3,0,0
11/26/2022 01:00,11/26/2022 07:00,292,301,5.4,6.8,14.7,79,780.3,0,0
11/26/2022 00:50,11/26/2022 06:50,296,335,5,7.9,15,78,780.4,0,0
11/26/2022 00:40,11/26/2022 06:40,261,272,7.1,9.7,15.1,77,780.4,0,0
11/26/2022 00:30,11/26/2022 06:30,252,244,5,7.4,15.1,77,780.6,0,0
11/26/2022 00:20,11/26/2022 06:20,301,305,5.2,7.4,15.1,76,780.6,0,0
11/26/2022 00:10,11/26/2022 06:10,278,270,4.7,6.2,15.1,76,780.6,0,0
11/26/2022 00:00,11/26/2022 06:00,300,303,5,6.8,15.2,75,780.6,0,0
11/25/2022 23:50,11/26/2022 05:50,273,278,4,5.6,15.3,73,780.7,0,0
11/25/2022 23:40,11/26/2022 05:40,328,302,3.5,5.1,15.6,71,780.7,0,0
11/25/2022 23:30,11/26/2022 05:30,293,298,6,7.9,16,69,780.6,0,0
11/25/2022 23:20,11/26/2022 05:20,81,97,2.7,5.1,16.5,65,780.7,0,0
11/25/2022 23:10,11/26/2022 05:10,24,24,5.8,6.8,16.7,65,780.8,0,0
11/25/2022 23:00,11/26/2022 05:00,21,21,6.2,8.5,16.7,64,780.8,0,0
11/25/2022 22:50,11/26/2022 04:50,359,11,6.3,8.5,16.9,61,780.8,0,0
11/25/2022 22:40,11/26/2022 04:40,17,25,8.1,12,17,60,780.8,0,0
11/25/2022 22:30,11/26/2022 04:30,5,334,6.8,8.5,17,59,780.6,0,0
11/25/2022 22:20,11/26/2022 04:20,333,328,7.3,10.8,17.1,58,780.6,0,0
11/25/2022 22:10,11/26/2022 04:10,322,335,6.4,9.7,17.3,57,780.5,0,0
11/25/2022 22:00,11/26/2022 04:00,337,343,3.8,6.8,17.3,56,780.4,0,0
11/25/2022 21:50,11/26/2022 03:50,330,345,1.9,5.6,17.3,57,780.3,0,0
11/25/2022 21:40,11/26/2022 03:40,65,94,3.5,5.1,17.3,62,780.2,0,0
11/25/2022 21:30,11/26/2022 03:30,317,281,3.1,4.5,17.5,63,780.1,0,0
11/25/2022 21:20,11/26/2022 03:20,290,288,4,5.6,17.9,61,780,0,0
11/25/2022 21:10,11/26/2022 03:10,242,232,4.8,5.6,18.4,56,779.8,0,0
11/25/2022 21:00,11/26/2022 03:00,219,235,5,6.8,18.4,54,779.7,0,0
11/25/2022 20:50,11/26/2022 02:50,217,229,6.3,9.7,18.3,56,779.5,0,0
11/25/2022 20:40,11/26/2022 02:40,204,200,7.4,9.7,18.3,57,779.3,0,0
11/25/2022 20:30,11/26/2022 02:30,188,192,5.5,7.9,18.3,58,779.2,0,0
11/25/2022 20:20,11/26/2022 02:20,179,160,6.7,9.7,18.5,58,779,0,0
11/25/2022 20:10,11/26/2022 02:10,144,154,8,13.1,18.6,58,778.8,0,0
11/25/2022 20:00,11/26/2022 02:00,145,156,8.6,18.3,18.7,59,778.7,0,0
11/25/2022 19:50,11/26/2022 01:50,137,142,10.9,17.2,18.7,60,778.4,0,0
11/25/2022 19:40,11/26/2022 01:40,129,135,9.9,15.4,18.8,61,778.2,0,0
11/25/2022 19:30,11/26/2022 01:30,123,155,10.1,18.9,18.9,61,778.2,0,0
11/25/2022 19:20,11/26/2022 01:20,106,105,12.5,21.2,19.1,61,777.9,0,0
11/25/2022 19:10,11/26/2022 01:10,116,115,9.2,14.3,19.4,59,777.9,0,0
11/25/2022 19:00,11/26/2022 01:00,140,114,10.5,17.2,19.5,59,777.9,0,0
11/25/2022 18:50,11/26/2022 00:50,130,104,10.8,17.7,19.7,59,777.9,0,0
11/25/2022 18:40,11/26/2022 00:40,119,122,12.9,20.6,19.9,58,777.7,0,0
11/25/2022 18:30,11/26/2022 00:30,122,103,11.7,18.9,20.1,56,777.8,0,0
11/25/2022 18:20,11/26/2022 00:20,117,110,9.1,15.4,20.2,54,777.6,0,0
11/25/2022 18:10,11/26/2022 00:10,137,135,12.9,21.8,20.4,54,777.6,0,1
11/25/2022 18:00,11/26/2022 00:00,137,116,14,22.9,20.6,53,777.4,0,7
11/25/2022 17:50,11/25/2022 23:50,134,126,14.6,26.9,20.8,52,777.2,0,19
11/25/2022 17:40,11/25/2022 23:40,127,106,15.9,24.6,21.1,51,777,0,32
11/25/2022 17:30,11/25/2022 23:30,135,138,15.3,23.5,21.4,49,777,0,77
11/25/2022 17:20,11/25/2022 23:20,129,110,18,26.4,21.7,48,776.8,0,128
11/25/2022 17:10,11/25/2022 23:10,129,136,16.7,27.5,21.9,46,776.7,0,142
11/25/2022 17:00,11/25/2022 23:00,126,126,17.9,26.9,22.2,45,776.5,0,101
11/25/2022 16:50,11/25/2022 22:50,124,128,17,29.2,22.8,43,776.5,0,109
11/25/2022 16:40,11/25/2022 22:40,125,130,16.5,24.1,22.9,42,776.4,0,251
11/25/2022 16:30,11/25/2022 22:30,130,130,18.8,28.1,22.8,41,776.3,0,271
11/25/2022 16:20,11/25/2022 22:20,126,124,16.7,26.4,23,42,776.2,0,115
11/25/2022 16:10,11/25/2022 22:10,132,126,12.9,23.5,23.3,40,776.2,0,167
11/25/2022 16:00,11/25/2022 22:00,127,126,18,26.9,23.7,39,776.2,0,237
11/25/2022 15:50,11/25/2022 21:50,127,133,15.7,24.6,23.8,38,776.3,0,487
11/25/2022 15:40,11/25/2022 21:40,135,146,13.9,23.5,23.9,38,776.3,0,504
11/25/2022 15:30,11/25/2022 21:30,126,133,15.6,27.5,23.7,40,776.4,0,356
11/25/2022 15:20,11/25/2022 21:20,143,135,12.9,22.9,23.9,39,776.4,0,532
11/25/2022 15:10,11/25/2022 21:10,140,122,15.2,22.9,23.4,38,776.5,0,609
11/25/2022 15:00,11/25/2022 21:00,153,109,14.9,24.6,23.3,38,776.5,0,305
11/25/2022 14:50,11/25/2022 20:50,154,128,9.4,21.8,23.3,38,776.6,0,343
11/25/2022 14:40,11/25/2022 20:40,176,198,10.5,15.4,23.3,41,776.7,0,203
11/25/2022 14:30,11/25/2022 20:30,118,146,11.2,24.6,23.5,39,776.7,0,210
11/25/2022 14:20,11/25/2022 20:20,140,154,12.7,18.9,24,42,776.8,0,559
11/25/2022 14:10,11/25/2022 20:10,179,167,11.1,20.6,24.3,41,776.8,0,805
11/25/2022 14:00,11/25/2022 20:00,198,197,6.7,15.4,23.8,42,777,0,880
11/25/2022 13:50,11/25/2022 19:50,202,238,6.9,13.7,23.6,45,777.2,0,485
11/25/2022 13:40,11/25/2022 19:40,206,197,7.6,17.7,24,45,777.3,0,482
11/25/2022 13:30,11/25/2022 19:30,162,157,7.2,13.7,23.5,45,777.5,0,770
11/25/2022 13:20,11/25/2022 19:20,184,119,8.9,22.3,23.5,45,777.7,0,786
11/25/2022 13:10,11/25/2022 19:10,174,206,6.5,14.9,23.4,46,777.8,0,798
11/25/2022 13:00,11/25/2022 19:00,31,119,6.4,12,23.3,49,778,0,833
11/25/2022 12:50,11/25/2022 18:50,57,46,2.9,6.8,23,50,778.3,0,777
11/25/2022 12:40,11/25/2022 18:40,122,145,7.3,15.4,22.3,51,778.5,0,772
11/25/2022 12:30,11/25/2022 18:30,156,141,6.6,13.7,22.4,51,778.7,0,782
11/25/2022 12:20,11/25/2022 18:20,78,141,7.4,14.3,22.2,52,778.8,0,770
11/25/2022 12:10,11/25/2022 18:10,18,27,4.3,9.7,21.6,54,779,0,777
11/25/2022 12:00,11/25/2022 18:00,60,95,6.9,10.2,21.7,54,779.1,0,737
11/25/2022 11:50,11/25/2022 17:50,359,29,4.5,9.1,21.5,54,779.3,0,741
11/25/2022 11:40,11/25/2022 17:40,57,81,7.4,12,21.5,56,779.4,0,756
11/25/2022 11:30,11/25/2022 17:30,32,55,4.1,12,21.5,55,779.6,0,778
11/25/2022 11:20,11/25/2022 17:20,164,187,6,9.7,21.2,58,779.8,0,755
11/25/2022 11:10,11/25/2022 17:10,143,112,4.6,9.1,21.2,59,780,0,750
11/25/2022 11:00,11/25/2022 17:00,317,280,4.7,7.4,20.7,62,780.1,0,720
11/25/2022 10:50,11/25/2022 16:50,163,83,4.5,9.1,20.3,64,780.2,0,698
11/25/2022 10:40,11/25/2022 16:40,289,328,5.1,9.1,19.6,67,780.3,0,684
11/25/2022 10:30,11/25/2022 16:30,305,19,5.6,8.5,19,70,780.4,0,652
11/25/2022 10:20,11/25/2022 16:20,343,325,6.1,10.2,18.9,70,780.5,0,627
11/25/2022 10:10,11/25/2022 16:10,254,301,4.2,6.8,18.3,73,780.7,0,606
11/25/2022 10:00,11/25/2022 16:00,354,317,4.9,7.9,17.8,76,780.7,0,567
11/25/2022 09:50,11/25/2022 15:50,29,13,5.8,8.5,17.8,75,780.8,0,539
11/25/2022 09:40,11/25/2022 15:40,338,317,3.6,6.8,17.3,79,780.9,0,510
11/25/2022 09:30,11/25/2022 15:30,16,17,4.7,7.4,17.4,79,780.9,0,479
11/25/2022 09:20,11/25/2022 15:20,55,43,2.4,5.6,16.9,82,780.9,0,454
11/25/2022 09:10,11/25/2022 15:10,344,13,4.1,6.2,16.2,88,780.9,0,421
11/25/2022 09:00,11/25/2022 15:00,38,15,5.2,7.9,16.2,89,780.8,0,383
11/25/2022 08:50,11/25/2022 14:50,214,176,2.8,5.1,16.2,90,780.8,0,348
11/25/2022 08:40,11/25/2022 14:40,143,81,2.9,5.1,16,94,780.8,0,317
11/25/2022 08:30,11/25/2022 14:30,21,17,2.9,5.6,16,97,780.7,0,273
11/25/2022 08:20,11/25/2022 14:20,37,211,0,0,15.5,98,780.7,0,244
11/25/2022 08:10,11/25/2022 14:10,31,211,0,0,14.8,99,780.6,0,210
11/25/2022 08:00,11/25/2022 14:00,5,211,0,0,14,99,780.7,0,172
11/25/2022 07:50,11/25/2022 13:50,18,211,0,0,13.6,99,780.7,0,136
11/25/2022 07:40,11/25/2022 13:40,93,211,0,0,13,99,780.7,0,102
11/25/2022 07:30,11/25/2022 13:30,208,211,0,0,12.2,99,780.6,0,73
11/25/2022 07:20,11/25/2022 13:20,219,211,0,0,11.9,99,780.5,0,46
11/25/2022 07:10,11/25/2022 13:10,230,211,0,0,11.8,99,780.4,0,22
11/25/2022 07:00,11/25/2022 13:00,246,211,1.6,2.2,11.6,99,780.4,0,4
11/25/2022 06:50,11/25/2022 12:50,263,220,0,0,11.6,99,780.3,0,0
11/25/2022 06:40,11/25/2022 12:40,263,220,0,0,11.7,99,780.2,0,0
11/25/2022 06:30,11/25/2022 12:30,270,220,0,0,11.7,99,780.1,0,0
11/25/2022 06:20,11/25/2022 12:20,219,220,0,0,11.9,99,780.1,0,0
11/25/2022 06:10,11/25/2022 12:10,227,220,0,0,12.1,99,780,0,0
11/25/2022 06:00,11/25/2022 12:00,219,220,0,0,12.2,99,779.9,0,0
11/25/2022 05:50,11/25/2022 11:50,225,220,2.4,3.9,12.1,99,779.9,0,0
11/25/2022 05:40,11/25/2022 11:40,277,286,2.7,4.5,11.9,99,779.8,0,0
11/25/2022 05:30,11/25/2022 11:30,307,309,1.9,3.9,12,99,779.7,0,0
11/25/2022 05:20,11/25/2022 11:20,304,291,2.4,3.9,12.2,99,779.6,0,0
11/25/2022 05:10,11/25/2022 11:10,280,295,2.3,4.5,12.3,99,779.6,0,0
11/25/2022 05:00,11/25/2022 11:00,301,301,4.2,5.1,12.5,99,779.6,0,0
11/25/2022 04:50,11/25/2022 10:50,294,301,3.3,4.5,12.4,99,779.5,0,0
11/25/2022 04:40,11/25/2022 10:40,271,216,0,0,12.3,99,779.5,0,0
11/25/2022 04:30,11/25/2022 10:30,224,216,0,0,12.5,99,779.4,0,0
11/25/2022 04:20,11/25/2022 10:20,209,216,1.9,3.3,12.6,99,779.4,0,0
11/25/2022 04:10,11/25/2022 10:10,196,201,1.9,3.3,12.7,99,779.4,0,0
11/25/2022 04:00,11/25/2022 10:00,211,201,3.2,5.1,12.7,99,779.4,0,0
11/25/2022 03:50,11/25/2022 09:50,207,233,2.2,4.5,12.8,99,779.4,0,0
11/25/2022 03:40,11/25/2022 09:40,240,241,3.7,6.2,12.7,99,779.4,0,0
11/25/2022 03:30,11/25/2022 09:30,280,296,4.1,5.6,12.8,99,779.5,0,0
11/25/2022 03:20,11/25/2022 09:20,305,312,6.1,7.9,12.9,99,779.5,0,0
11/25/2022 03:10,11/25/2022 09:10,256,313,2.6,6.2,13,99,779.5,0,0
11/25/2022 03:00,11/25/2022 09:00,224,246,2.1,3.9,13.2,99,779.5,0,0
11/25/2022 02:50,11/25/2022 08:50,250,246,3.5,5.6,13.3,99,779.6,0,0
11/25/2022 02:40,11/25/2022 08:40,210,218,2.2,3.9,13.4,99,779.5,0,0
11/25/2022 02:30,11/25/2022 08:30,247,245,4,6.2,13.4,99,779.6,0,0
11/25/2022 02:20,11/25/2022 08:20,248,232,5.3,8.5,13.5,100,779.7,0,0
11/25/2022 02:10,11/25/2022 08:10,256,264,6.8,9.1,13.6,99,779.8,0,0
11/25/2022 02:00,11/25/2022 08:00,268,248,5.5,8.5,13.7,99,779.8,0,0
11/25/2022 01:50,11/25/2022 07:50,262,266,4.4,6.2,14,99,779.8,0,0
11/25/2022 01:40,11/25/2022 07:40,276,271,2.4,5.1,14.3,91,779.9,0,0
11/25/2022 01:30,11/25/2022 07:30,254,241,1.6,2.2,14.5,89,780,0,0
11/25/2022 01:20,11/25/2022 07:20,198,162,1.8,3.9,14.7,89,780.1,0,0
11/25/2022 01:10,11/25/2022 07:10,202,163,0,0,14.9,88,780.1,0,0
11/25/2022 01:00,11/25/2022 07:00,165,163,3.1,5.6,15.1,86,780,0,0
11/25/2022 00:50,11/25/2022 06:50,171,186,4.4,7.9,15.3,85,780.1,0,0
11/25/2022 00:40,11/25/2022 06:40,161,150,5.4,7.9,15.4,85,780.2,0,0
11/25/2022 00:30,11/25/2022 06:30,165,163,6.2,8.5,15.4,85,780.2,0,0
11/25/2022 00:20,11/25/2022 06:20,148,170,5.3,7.4,15.4,86,780.2,0,0
11/25/2022 00:10,11/25/2022 06:10,178,193,4.4,6.8,15.5,86,780.2,0,0
11/25/2022 00:00,11/25/2022 06:00,205,213,4,5.1,15.6,86,780.2,0,0
11/24/2022 23:50,11/25/2022 05:50,172,187,4.1,5.6,15.8,85,780.2,0,0
11/24/2022 23:40,11/25/2022 05:40,227,226,6.7,9.1,15.9,84,780.2,0,0
11/24/2022 23:30,11/25/2022 05:30,219,231,6.5,8.5,15.8,84,780.2,0,0
11/24/2022 23:20,11/25/2022 05:20,218,218,6.5,7.9,15.9,84,780.1,0,0
11/24/2022 23:10,11/25/2022 05:10,257,253,8.5,12,15.9,84,780.2,0,0
11/24/2022 23:00,11/25/2022 05:00,243,271,4.7,8.5,16.2,84,780.2,0,0
11/24/2022 22:50,11/25/2022 04:50,204,217,5,9.1,16.3,83,780.1,0,0
11/24/2022 22:40,11/25/2022 04:40,248,242,5.3,7.4,16.2,84,780.1,0,0
11/24/2022 22:30,11/25/2022 04:30,292,306,4.4,6.2,16.1,85,780.1,0,0
11/24/2022 22:20,11/25/2022 04:20,279,296,3.3,5.6,16.1,85,780.1,0,0
11/24/2022 22:10,11/25/2022 04:10,274,266,3.8,6.2,16.2,85,779.9,0,0
11/24/2022 22:00,11/25/2022 04:00,276,274,4.4,5.6,16.3,84,779.8,0,0
11/24/2022 21:50,11/25/2022 03:50,239,271,2.3,5.6,16.7,83,779.8,0,0
11/24/2022 21:40,11/25/2022 03:40,212,231,2.9,5.1,16.9,81,779.7,0,0
11/24/2022 21:30,11/25/2022 03:30,238,238,5.4,6.8,16.8,82,779.7,0,0
11/24/2022 21:20,11/25/2022 03:20,247,245,3.6,5.6,16.7,83,779.6,0,0
11/24/2022 21:10,11/25/2022 03:10,245,236,4.2,5.6,16.9,82,779.5,0,0
11/24/2022 21:00,11/25/2022 03:00,237,232,5,6.8,17,81,779.4,0,0
11/24/2022 20:50,11/25/2022 02:50,218,201,4.6,7.4,17.2,80,779.3,0,0
11/24/2022 20:40,11/25/2022 02:40,179,175,4.7,6.2,17.3,79,779.3,0,0
11/24/2022 20:30,11/25/2022 02:30,205,209,5.4,8.5,17.4,79,779.2,0,0
11/24/2022 20:20,11/25/2022 02:20,211,200,6.2,10.2,17.3,79,779.2,0,0
11/24/2022 20:10,11/25/2022 02:10,144,125,1.9,3.3,17.3,79,779.1,0,0
11/24/2022 20:00,11/25/2022 02:00,50,84,1.9,3.9,17.5,78,778.9,0,0
11/24/2022 19:50,11/25/2022 01:50,240,181,3.5,6.2,17.8,77,778.9,0,0
11/24/2022 19:40,11/25/2022 01:40,228,242,5.9,10.8,17.9,76,778.8,0,0
11/24/2022 19:30,11/25/2022 01:30,241,203,7.1,13.7,18,75,778.7,0,0
11/24/2022 19:20,11/25/2022 01:20,223,192,6.3,14.9,18,75,778.7,0,0
11/24/2022 19:10,11/25/2022 01:10,254,197,2.6,10.2,18,73,778.5,0,0
11/24/2022 19:00,11/25/2022 01:00,256,274,2.9,6.2,18.3,71,778.4,0,0
11/24/2022 18:50,11/25/2022 00:50,238,235,2.5,3.9,18.4,69,778.2,0,0
11/24/2022 18:40,11/25/2022 00:40,294,292,3.5,6.2,18.6,69,778.1,0,0
11/24/2022 18:30,11/25/2022 00:30,71,51,3.6,7.4,18.7,68,778.1,0,0
11/24/2022 18:20,11/25/2022 00:20,213,258,4.4,9.1,18.7,69,778,0,0
11/24/2022 18:10,11/25/2022 00:10,245,259,7.3,10.8,18.7,68,777.9,0,0
11/24/2022 18:00,11/25/2022 00:00,243,243,9.2,14.3,18.8,68,777.9,0,0
11/24/2022 17:50,11/24/2022 23:50,251,255,10.7,16,19,68,777.9,0,2
11/24/2022 17:40,11/24/2022 23:40,242,233,11.5,18.3,19.4,65,777.8,0,5
11/24/2022 17:30,11/24/2022 23:30,233,230,10.1,16.6,19.7,64,777.7,0,7
11/24/2022 17:20,11/24/2022 23:20,235,229,13.1,21.8,20,62,777.7,0,12
11/24/2022 17:10,11/24/2022 23:10,238,228,12.7,18.9,20.5,59,777.6,0,21
11/24/2022 17:00,11/24/2022 23:00,238,238,10.5,16.6,20.8,56,777.6,0,20
11/24/2022 16:50,11/24/2022 22:50,237,245,8.3,14.3,21,56,777.5,0,21
11/24/2022 16:40,11/24/2022 22:40,243,238,8.3,14.3,21.1,55,777.5,0,19
11/24/2022 16:30,11/24/2022 22:30,241,254,7.8,11.4,21.3,55,777.4,0,60
11/24/2022 16:20,11/24/2022 22:20,232,222,7.3,11.4,21.3,54,777.3,0,90
11/24/2022 16:10,11/24/2022 22:10,248,256,8,10.8,21.3,54,777.3,0,83
11/24/2022 16:00,11/24/2022 22:00,253,249,9.3,14.9,21.4,53,777.3,0,86
11/24/2022 15:50,11/24/2022 21:50,240,247,8.3,14.9,21.7,53,777.3,0,85
11/24/2022 15:40,11/24/2022 21:40,232,208,6.7,13.1,22.1,51,777.3,0,106
11/24/2022 15:30,11/24/2022 21:30,260,229,2.5,6.8,22.3,50,777.3,0,124
11/24/2022 15:20,11/24/2022 21:20,293,255,4,9.1,22.3,50,777.3,0,147
11/24/2022 15:10,11/24/2022 21:10,242,256,7.5,13.1,22.4,49,777.3,0,192
11/24/2022 15:00,11/24/2022 21:00,276,317,3.4,5.6,22.4,49,777.3,0,199
11/24/2022 14:50,11/24/2022 20:50,252,263,8.1,11.4,22.3,48,777.4,0,256
11/24/2022 14:40,11/24/2022 20:40,232,237,6.9,10.2,22.3,48,777.4,0,308
11/24/2022 14:30,11/24/2022 20:30,250,205,7.9,12,22.3,48,777.5,0,371
11/24/2022 14:20,11/24/2022 20:20,225,242,7,13.1,22.6,48,777.7,0,270
11/24/2022 14:10,11/24/2022 20:10,268,307,7.7,13.1,23,47,777.7,0,346
11/24/2022 14:00,11/24/2022 20:00,263,249,7.5,13.1,23,47,777.8,0,474
11/24/2022 13:50,11/24/2022 19:50,260,245,5,10.8,23.3,48,777.9,0,418
11/24/2022 13:40,11/24/2022 19:40,257,290,4.6,8.5,23.3,49,778,0,382
11/24/2022 13:30,11/24/2022 19:30,272,298,5.9,13.1,23.8,47,778.1,0,380
11/24/2022 13:20,11/24/2022 19:20,213,202,5.2,9.1,23.9,47,778.2,0,798
11/24/2022 13:10,11/24/2022 19:10,296,292,5.4,9.7,23,50,778.4,0,853
11/24/2022 13:00,11/24/2022 19:00,314,279,4.2,8.5,22.1,52,778.6,0,780
11/24/2022 12:50,11/24/2022 18:50,77,79,6.4,11.4,21.7,53,778.8,0,491
11/24/2022 12:40,11/24/2022 18:40,0,88,7,12,21.9,53,778.9,0,649
11/24/2022 12:30,11/24/2022 18:30,1,29,5.5,10.8,22.2,52,779.1,0,589
11/24/2022 12:20,11/24/2022 18:20,260,253,7,12,22.3,51,779.2,0,617
11/24/2022 12:10,11/24/2022 18:10,320,348,6.1,10.2,21.7,54,779.4,0,695
11/24/2022 12:00,11/24/2022 18:00,308,341,4.6,11.4,21.7,55,779.6,0,686
11/24/2022 11:50,11/24/2022 17:50,353,337,6.8,13.1,21.1,57,779.7,0,774
11/24/2022 11:40,11/24/2022 17:40,356,345,5.8,12,21.5,57,779.9,0,759
11/24/2022 11:30,11/24/2022 17:30,205,232,3.9,8.5,21.2,56,780,0,767
11/24/2022 11:20,11/24/2022 17:20,338,2,6.4,11.4,20.5,61,780.1,0,730
11/24/2022 11:10,11/24/2022 17:10,232,342,3.7,12,20.3,62,780.2,0,710
11/24/2022 11:00,11/24/2022 17:00,37,6,5.5,9.1,20.2,62,780.3,0,710
11/24/2022 10:50,11/24/2022 16:50,308,316,5.1,10.8,20,64,780.4,0,688
11/24/2022 10:40,11/24/2022 16:40,218,239,3.4,7.4,19.5,65,780.6,0,680
11/24/2022 10:30,11/24/2022 16:30,3,4,5.4,9.7,19,67,780.7,0,653
11/24/2022 10:20,11/24/2022 16:20,173,15,4.6,7.9,19,68,780.8,0,603
11/24/2022 10:10,11/24/2022 16:10,308,290,5,9.1,18.7,71,780.9,0,558
11/24/2022 10:00,11/24/2022 16:00,241,285,3.4,5.6,18.4,72,780.9,0,510
11/24/2022 09:50,11/24/2022 15:50,357,350,5,8.5,18,74,780.9,0,513
11/24/2022 09:40,11/24/2022 15:40,305,303,3.8,7.9,17.8,74,780.9,0,511
11/24/2022 09:30,11/24/2022 15:30,284,301,4.4,7.4,17.6,76,780.9,0,478
11/24/2022 09:20,11/24/2022 15:20,269,289,4,6.8,17.1,82,780.8,0,446
11/24/2022 09:10,11/24/2022 15:10,52,123,2.6,4.5,16.5,89,780.8,0,409
11/24/2022 09:00,11/24/2022 15:00,8,353,3.1,5.1,16.2,94,780.8,0,369
11/24/2022 08:50,11/24/2022 14:50,90,354,2,4.5,16.1,96,780.7,0,335
11/24/2022 08:40,11/24/2022 14:40,131,344,0,0,15.6,99,780.7,0,300
11/24/2022 08:30,11/24/2022 14:30,339,344,1.7,0,14.8,99,780.6,0,267
11/24/2022 08:20,11/24/2022 14:20,20,344,1.6,2.8,14.4,99,780.5,0,234
11/24/2022 08:10,11/24/2022 14:10,49,281,0,0,13.8,99,780.4,0,196
11/24/2022 08:00,11/24/2022 14:00,316,281,0,0,13.1,99,780.3,0,161
11/24/2022 07:50,11/24/2022 13:50,296,281,0,0,12.5,99,780.3,0,128
11/24/2022 07:40,11/24/2022 13:40,296,281,0,0,12,99,780.2,0,96
11/24/2022 07:30,11/24/2022 13:30,276,281,2.1,4.5,11.7,99,780.1,0,62
11/24/2022 07:20,11/24/2022 13:20,291,289,2,5.1,11.6,99,779.9,0,26
11/24/2022 07:10,11/24/2022 13:10,288,268,0,0,11.6,99,779.9,0,13
11/24/2022 07:00,11/24/2022 13:00,297,268,0,0,11.7,99,779.8,0,4
11/24/2022 06:50,11/24/2022 12:50,303,268,0,0,11.7,99,779.6,0,0
11/24/2022 06:40,11/24/2022 12:40,287,268,0,0,11.8,99,779.5,0,0
11/24/2022 06:30,11/24/2022 12:30,292,268,0,0,12,99,779.5,0,0
11/24/2022 06:20,11/24/2022 12:20,298,268,0,0,12,99,779.4,0,0
11/24/2022 06:10,11/24/2022 12:10,313,268,0,0,12.1,99,779.3,0,0
11/24/2022 06:00,11/24/2022 12:00,298,268,0,0,12,99,779.2,0,0
11/24/2022 05:50,11/24/2022 11:50,249,268,0,0,12,99,779.2,0,0
11/24/2022 05:40,11/24/2022 11:40,240,268,0,0,11.9,99,779.1,0,0
11/24/2022 05:30,11/24/2022 11:30,272,268,0,0,12,99,779.1,0,0
11/24/2022 05:20,11/24/2022 11:20,296,268,0,0,12.2,99,779,0,0
11/24/2022 05:10,11/24/2022 11:10,309,268,0,0,12.1,99,778.9,0,0
11/24/2022 05:00,11/24/2022 11:00,249,268,0,0,12,99,778.9,0,0
11/24/2022 04:50,11/24/2022 10:50,214,268,0,0,12.2,99,778.8,0,0
11/24/2022 04:40,11/24/2022 10:40,255,268,0,0,12.3,99,778.9,0,0
11/24/2022 04:30,11/24/2022 10:30,241,268,2.5,5.1,12.4,99,778.9,0,0
11/24/2022 04:20,11/24/2022 10:20,277,292,4.7,6.2,12.5,99,778.9,0,0
11/24/2022 04:10,11/24/2022 10:10,297,306,4.5,6.2,12.7,99,778.8,0,0
11/24/2022 04:00,11/24/2022 10:00,294,319,0,4.5,12.8,99,778.8,0,0
11/24/2022 03:50,11/24/2022 09:50,295,309,0,0,12.9,99,778.8,0,0
11/24/2022 03:40,11/24/2022 09:40,314,309,2.8,5.1,13,99,778.9,0,0
11/24/2022 03:30,11/24/2022 09:30,308,312,0,4.5,13.1,98,778.9,0,0
11/24/2022 03:20,11/24/2022 09:20,299,301,2.8,5.6,13.4,96,778.9,0,0
11/24/2022 03:10,11/24/2022 09:10,314,306,1.6,5.6,13.4,96,779,0,0
11/24/2022 03:00,11/24/2022 09:00,297,303,3.1,4.5,13.5,94,779,0,0
11/24/2022 02:50,11/24/2022 08:50,296,312,3.2,4.5,13.4,94,779.1,0,0
11/24/2022 02:40,11/24/2022 08:40,274,272,4.6,6.2,13.5,92,779.2,0,0
11/24/2022 02:30,11/24/2022 08:30,259,279,3.8,5.1,13.7,91,779.3,0,0
11/24/2022 02:20,11/24/2022 08:20,225,262,3,5.1,13.9,89,779.3,0,0
11/24/2022 02:10,11/24/2022 08:10,201,243,4.8,8.5,14.1,88,779.4,0,0
11/24/2022 02:00,11/24/2022 08:00,245,245,6.6,9.1,14,88,779.4,0,0
11/24/2022 01:50,11/24/2022 07:50,264,258,5.4,7.9,14,87,779.5,0,0
11/24/2022 01:40,11/24/2022 07:40,271,250,5.3,7.4,14.2,87,779.6,0,0
11/24/2022 01:30,11/24/2022 07:30,237,237,4.5,7.4,14,87,779.6,0,0
11/24/2022 01:20,11/24/2022 07:20,273,283,5.1,7.4,13.9,88,779.6,0,0
11/24/2022 01:10,11/24/2022 07:10,268,276,4.6,6.8,13.9,88,779.7,0,0
11/24/2022 01:00,11/24/2022 07:00,268,266,4.8,5.6,14,87,779.8,0,0
11/24/2022 00:50,11/24/2022 06:50,274,283,4.4,6.2,14.2,85,779.8,0,0
11/24/2022 00:40,11/24/2022 06:40,246,250,6.2,10.2,14.4,84,779.9,0,0
11/24/2022 00:30,11/24/2022 06:30,221,256,4.6,9.1,14.4,85,780,0,0
11/24/2022 00:20,11/24/2022 06:20,231,242,2.4,4.5,14.5,84,780,0,0
11/24/2022 00:10,11/24/2022 06:10,256,260,7.1,10.8,14.7,83,779.9,0,0
11/24/2022 00:00,11/24/2022 06:00,262,255,6.8,10.8,14.8,83,779.9,0,0
11/23/2022 23:50,11/24/2022 05:50,258,260,8.4,12.5,14.9,83,780,0,0
11/23/2022 23:40,11/24/2022 05:40,266,276,7,9.7,15.1,83,780.1,0,0
11/23/2022 23:30,11/24/2022 05:30,261,262,7.3,10.2,15.4,81,780.2,0,0
11/23/2022 23:20,11/24/2022 05:20,253,254,8.3,10.8,15.6,80,780.2,0,0
11/23/2022 23:10,11/24/2022 05:10,257,255,7,10.8,15.8,79,780.2,0,0
11/23/2022 23:00,11/24/2022 05:00,253,256,6.9,9.1,16,77,780.3,0,0
11/23/2022 22:50,11/24/2022 04:50,252,251,7.5,9.1,16.2,76,780.3,0,0
11/23/2022 22:40,11/24/2022 04:40,240,255,6.5,9.7,16.3,76,780.3,0,0
11/23/2022 22:30,11/24/2022 04:30,252,255,7.3,12,16.2,75,780.2,0,0
11/23/2022 22:20,11/24/2022 04:20,273,276,6.7,9.7,16.2,75,780.3,0,0
11/23/2022 22:10,11/24/2022 04:10,262,265,7.5,11.4,16.3,75,780.3,0,0
11/23/2022 22:00,11/24/2022 04:00,263,259,7,10.2,16.4,76,780.3,0,0
11/23/2022 21:50,11/24/2022 03:50,262,253,6.7,9.7,16.7,78,780.3,0,0
11/23/2022 21:40,11/24/2022 03:40,254,246,7.1,9.7,16.9,77,780.3,0,0
11/23/2022 21:30,11/24/2022 03:30,250,247,7,9.1,17,78,780.2,0,0
11/23/2022 21:20,11/24/2022 03:20,250,253,7.6,9.1,17.2,78,780.1,0,0
11/23/2022 21:10,11/24/2022 03:10,244,261,6.8,9.7,17.3,77,780,0,0
11/23/2022 21:00,11/24/2022 03:00,228,231,5.3,6.8,17.5,76,779.9,0,0
11/23/2022 20:50,11/24/2022 02:50,245,239,5.2,6.8,17.7,75,779.9,0,0
11/23/2022 20:40,11/24/2022 02:40,226,250,3.5,7.4,17.7,74,779.8,0,0
11/23/2022 20:30,11/24/2022 02:30,175,209,2.4,5.6,17.6,74,779.7,0,0
11/23/2022 20:20,11/24/2022 02:20,289,252,3.5,8.5,17.9,73,779.6,0,0
11/23/2022 20:10,11/24/2022 02:10,228,232,3.8,6.2,18.1,71,779.5,0,0
11/23/2022 20:00,11/24/2022 02:00,285,293,3.8,9.1,18.3,69,779.4,0,0
11/23/2022 19:50,11/24/2022 01:50,269,261,6.5,9.7,18.5,71,779.4,0,0
11/23/2022 19:40,11/24/2022 01:40,333,263,4.5,7.9,18.9,72,779.2,0,0
11/23/2022 19:30,11/24/2022 01:30,31,48,6.6,10.2,19.1,70,779,0,0
11/23/2022 19:20,11/24/2022 01:20,42,37,7.9,10.8,19.2,69,778.9,0,0
11/23/2022 19:10,11/24/2022 01:10,30,30,7.3,9.1,19.3,68,778.8,0,0
11/23/2022 19:00,11/24/2022 01:00,36,35,7,11.4,19.5,67,778.8,0,0
11/23/2022 18:50,11/24/2022 00:50,351,22,7.5,10.8,19.7,60,778.6,0,0
11/23/2022 18:40,11/24/2022 00:40,318,336,7.4,11.4,19.9,55,778.5,0,0
11/23/2022 18:30,11/24/2022 00:30,320,316,6.7,9.7,20,55,778.4,0,0
11/23/2022 18:20,11/24/2022 00:20,330,331,5.3,10.8,20.2,55,778.3,0,0
11/23/2022 18:10,11/24/2022 00:10,313,310,5.6,9.7,20.4,54,778.2,0,0
11/23/2022 18:00,11/24/2022 00:00,292,307,7.4,16,20.6,54,778.1,0,0
11/23/2022 17:50,11/23/2022 23:50,282,266,8.9,13.7,20.8,53,778,0,7
11/23/2022 17:40,11/23/2022 23:40,285,296,7,16,21.1,48,777.8,0,7
11/23/2022 17:30,11/23/2022 23:30,300,292,6.5,11.4,21.4,47,777.7,0,12
11/23/2022 17:20,11/23/2022 23:20,310,314,6.6,12,21.6,48,777.6,0,58
11/23/2022 17:10,11/23/2022 23:10,299,298,6,10.8,21.6,48,777.5,0,93
11/23/2022 17:00,11/23/2022 23:00,275,290,5.8,10.2,21.6,49,777.5,0,105
11/23/2022 16:50,11/23/2022 22:50,291,286,6,10.8,21.7,50,777.4,0,97
11/23/2022 16:40,11/23/2022 22:40,279,292,6,9.7,21.7,50,777.4,0,128
11/23/2022 16:30,11/23/2022 22:30,318,349,4.6,7.9,21.7,50,777.4,0,120
11/23/2022 16:20,11/23/2022 22:20,344,343,5.2,11.4,21.7,50,777.4,0,116
11/23/2022 16:10,11/23/2022 22:10,332,335,6.2,9.7,21.8,50,777.4,0,105
11/23/2022 16:00,11/23/2022 22:00,282,239,6.9,11.4,22,49,777.5,0,114
11/23/2022 15:50,11/23/2022 21:50,276,273,7.6,14.9,22,51,777.5,0,158
11/23/2022 15:40,11/23/2022 21:40,303,302,10.6,17.2,22.1,51,777.5,0,193
11/23/2022 15:30,11/23/2022 21:30,243,282,9.7,20,22.4,49,777.6,0,196
11/23/2022 15:20,11/23/2022 21:20,246,260,6.8,10.2,22.9,46,777.6,0,240
11/23/2022 15:10,11/23/2022 21:10,206,197,4.6,9.7,23,47,777.7,0,246
11/23/2022 15:00,11/23/2022 21:00,249,228,5.1,9.7,23.9,44,777.7,0,275
11/23/2022 14:50,11/23/2022 20:50,263,224,6.6,9.7,24.2,44,777.8,0,582
11/23/2022 14:40,11/23/2022 20:40,278,327,5.4,10.2,24.1,46,777.9,0,592
11/23/2022 14:30,11/23/2022 20:30,87,271,4.9,9.7,23.4,47,778,0,585
11/23/2022 14:20,11/23/2022 20:20,102,92,5.8,11.4,23,46,778.1,0,656
11/23/2022 14:10,11/23/2022 20:10,78,86,7.3,15.4,22.6,48,778.2,0,676
11/23/2022 14:00,11/23/2022 20:00,106,126,7.7,13.1,23,49,778.4,0,743
11/23/2022 13:50,11/23/2022 19:50,123,209,5.8,11.4,22.7,50,778.5,0,764
11/23/2022 13:40,11/23/2022 19:40,117,92,7,13.7,22.3,51,778.6,0,745
11/23/2022 13:30,11/23/2022 19:30,331,23,8,15.4,22.4,51,778.8,0,775
11/23/2022 13:20,11/23/2022 19:20,265,305,6.1,9.7,22.3,50,779,0,770
11/23/2022 13:10,11/23/2022 19:10,347,320,7.5,14.3,21.4,54,779.2,0,764
11/23/2022 13:00,11/23/2022 19:00,30,9,9.2,14.9,21.6,55,779.4,0,738
11/23/2022 12:50,11/23/2022 18:50,24,77,6.1,11.4,21.7,56,779.5,0,747
11/23/2022 12:40,11/23/2022 18:40,49,29,5.3,12.5,21.6,59,779.7,0,777
11/23/2022 12:30,11/23/2022 18:30,223,204,4.9,9.1,21.3,60,779.9,0,781
11/23/2022 12:20,11/23/2022 18:20,359,23,6.6,10.8,21.1,61,780,0,791
11/23/2022 12:10,11/23/2022 18:10,292,255,6,9.7,21.5,59,780.2,0,755
11/23/2022 12:00,11/23/2022 18:00,289,257,6.2,10.2,20.9,63,780.4,0,756
11/23/2022 11:50,11/23/2022 17:50,280,339,4.8,10.8,20.2,67,780.5,0,773
11/23/2022 11:40,11/23/2022 17:40,299,305,5,10.8,19.9,70,780.7,0,794
11/23/2022 11:30,11/23/2022 17:30,329,299,6.5,10.2,19.1,76,780.9,0,777
11/23/2022 11:20,11/23/2022 17:20,56,7,4.2,10.8,18.6,89,781.1,0,763
11/23/2022 11:10,11/23/2022 17:10,349,340,6,9.7,18.9,90,781.2,0,666
11/23/2022 11:00,11/23/2022 17:00,227,18,3.8,10.8,18.6,93,781.4,0,703
11/23/2022 10:50,11/23/2022 16:50,61,140,4.4,6.8,17.8,96,781.5,0,700
11/23/2022 10:40,11/23/2022 16:40,15,329,4.7,8.5,17.7,98,781.6,0,658
11/23/2022 10:30,11/23/2022 16:30,72,28,4.7,8.5,17.4,100,781.6,0,632
11/23/2022 10:20,11/23/2022 16:20,45,82,4.8,8.5,17.3,100,781.7,0,618
11/23/2022 10:10,11/23/2022 16:10,158,44,3.3,7.4,16.9,100,781.8,0,600
11/23/2022 10:00,11/23/2022 16:00,28,65,4,9.7,16.5,100,781.9,0,577
11/23/2022 09:50,11/23/2022 15:50,72,79,4.3,8.5,16,100,781.9,0,560
11/23/2022 09:40,11/23/2022 15:40,159,33,3.7,8.5,15.4,100,782,0,517
11/23/2022 09:30,11/23/2022 15:30,89,88,4.7,10.2,15.2,99,782.1,0,485
11/23/2022 09:20,11/23/2022 15:20,100,184,2.8,5.1,14.5,100,782,0,395
11/23/2022 09:10,11/23/2022 15:10,120,132,2.9,6.8,13.5,99,782,0,386
11/23/2022 09:00,11/23/2022 15:00,46,19,4.2,7.9,13,98,782,0,207
11/23/2022 08:50,11/23/2022 14:50,61,43,4.4,6.8,12.8,97,782,0,153
11/23/2022 08:40,11/23/2022 14:40,30,30,3.4,7.9,12.8,93,781.9,0,125
11/23/2022 08:30,11/23/2022 14:30,94,333,1.8,3.3,12.6,88,781.8,0,100
11/23/2022 08:20,11/23/2022 14:20,288,291,4.2,6.2,12.4,86,781.8,0,85
11/23/2022 08:10,11/23/2022 14:10,312,287,3,6.2,12.2,85,781.7,0,90
11/23/2022 08:00,11/23/2022 14:00,297,311,4.6,6.8,12,85,781.6,0,98
11/23/2022 07:50,11/23/2022 13:50,302,315,5.1,7.4,11.8,84,781.6,0,100
11/23/2022 07:40,11/23/2022 13:40,294,305,3.1,6.2,11.7,85,781.5,0,83
11/23/2022 07:30,11/23/2022 13:30,277,262,3.1,5.6,11.6,85,781.4,0,53
11/23/2022 07:20,11/23/2022 13:20,266,259,2.3,5.1,11.5,85,781.4,0,26
11/23/2022 07:10,11/23/2022 13:10,252,281,2.5,5.6,11.5,86,781.3,0,16
11/23/2022 07:00,11/23/2022 13:00,278,295,2.3,5.1,11.5,86,781.3,0,5
11/23/2022 06:50,11/23/2022 12:50,286,296,3.3,4.5,11.5,86,781.2,0,0
11/23/2022 06:40,11/23/2022 12:40,321,308,2.7,5.1,11.5,87,781.2,0,0
11/23/2022 06:30,11/23/2022 12:30,292,297,4.3,7.4,11.6,88,781.1,0,0
11/23/2022 06:20,11/23/2022 12:20,295,292,4.1,6.2,11.6,88,780.9,0,0
11/23/2022 06:10,11/23/2022 12:10,288,283,6.3,9.7,11.7,89,780.8,0,0
11/23/2022 06:00,11/23/2022 12:00,287,282,5.6,9.1,11.8,90,780.8,0,0
11/23/2022 05:50,11/23/2022 11:50,258,260,8.2,11.4,11.9,91,780.7,0,0
11/23/2022 05:40,11/23/2022 11:40,258,243,5,8.5,12,92,780.7,0,0
11/23/2022 05:30,11/23/2022 11:30,265,263,5.2,8.5,12,93,780.7,0,0
11/23/2022 05:20,11/23/2022 11:20,251,252,6.7,9.1,12.2,93,780.6,0,0
11/23/2022 05:10,11/23/2022 11:10,207,261,3.7,7.4,12.2,93,780.6,0,0
11/23/2022 05:00,11/23/2022 11:00,161,127,0,0,12.3,94,780.5,0,0
11/23/2022 04:50,11/23/2022 10:50,204,127,0,0,12.4,94,780.5,0,0
11/23/2022 04:40,11/23/2022 10:40,135,127,2.4,3.9,12.5,94,780.4,0,0
11/23/2022 04:30,11/23/2022 10:30,161,314,0,0,12.5,95,780.4,0,0
11/23/2022 04:20,11/23/2022 10:20,177,314,0,0,12.5,96,780.3,0,0
11/23/2022 04:10,11/23/2022 10:10,99,314,0,0,12.7,98,780.4,0,0
11/23/2022 04:00,11/23/2022 10:00,306,314,4.7,7.4,12.8,98,780.3,0,0
11/23/2022 03:50,11/23/2022 09:50,327,314,3.8,7.9,12.8,98,780.4,0,0
11/23/2022 03:40,11/23/2022 09:40,316,331,3.8,7.9,12.9,98,780.4,0,0
11/23/2022 03:30,11/23/2022 09:30,272,301,3.6,6.2,12.9,99,780.5,0,0
11/23/2022 03:20,11/23/2022 09:20,283,279,4.4,7.4,13,99,780.5,0,0
11/23/2022 03:10,11/23/2022 09:10,242,237,3.9,5.6,13.1,99,780.6,0,0
11/23/2022 03:00,11/23/2022 09:00,270,276,5,7.9,13.2,99,780.6,0,0
11/23/2022 02:50,11/23/2022 08:50,275,306,4.8,9.1,13.4,99,780.7,0,0
11/23/2022 02:40,11/23/2022 08:40,290,289,5.7,10.8,13.4,99,780.8,0,0
11/23/2022 02:30,11/23/2022 08:30,272,314,6.2,12,13.5,99,780.8,0,0
11/23/2022 02:20,11/23/2022 08:20,260,268,5.8,9.7,13.7,99,781,0,0
11/23/2022 02:10,11/23/2022 08:10,268,289,4.8,7.4,13.7,100,781,0,0
11/23/2022 02:00,11/23/2022 08:00,294,304,6.7,9.1,13.8,100,781.1,0,0
11/23/2022 01:50,11/23/2022 07:50,296,304,6.1,12.5,13.8,100,781.1,0,0
11/23/2022 01:40,11/23/2022 07:40,267,260,5.6,8.5,14,100,781.2,0,0
11/23/2022 01:30,11/23/2022 07:30,267,266,4.9,7.9,14.2,100,781.2,0,0
11/23/2022 01:20,11/23/2022 07:20,291,286,7.8,12,14.4,100,781.3,0,0
11/23/2022 01:10,11/23/2022 07:10,289,312,6.2,10.8,14.5,100,781.3,0,0
11/23/2022 01:00,11/23/2022 07:00,292,288,7.2,12,14.7,100,781.3,0,0
11/23/2022 00:50,11/23/2022 06:50,285,303,7.9,13.7,14.9,100,781.3,0,0
11/23/2022 00:40,11/23/2022 06:40,288,298,7.1,12,15.1,100,781.4,0,0
11/23/2022 00:30,11/23/2022 06:30,300,315,8.1,11.4,15.2,100,781.4,0,0
11/23/2022 00:20,11/23/2022 06:20,305,318,7,13.7,15.3,100,781.5,0,0
11/23/2022 00:10,11/23/2022 06:10,301,304,7.9,14.9,15.3,99,781.6,0,0
11/23/2022 00:00,11/23/2022 06:00,296,297,7.4,13.7,15.4,99,781.7,0,0
11/22/2022 23:50,11/23/2022 05:50,281,270,7.7,14.9,15.5,99,781.7,0,0
11/22/2022 23:40,11/23/2022 05:40,277,273,8.4,13.7,15.6,99,781.7,0,0
11/22/2022 23:30,11/23/2022 05:30,279,289,8,13.7,15.7,99,781.7,0,0
11/22/2022 23:20,11/23/2022 05:20,280,269,7.6,12,15.7,99,781.8,0,0
11/22/2022 23:10,11/23/2022 05:10,294,288,6.6,10.8,15.8,99,781.8,0,0
11/22/2022 23:00,11/23/2022 05:00,294,304,6.5,11.4,15.9,97,781.9,0,0
11/22/2022 22:50,11/23/2022 04:50,297,301,9,14.3,15.9,95,781.9,0,0
11/22/2022 22:40,11/23/2022 04:40,302,308,8.4,14.9,16,94,781.9,0,0
11/22/2022 22:30,11/23/2022 04:30,299,320,7.7,12.5,16,93,781.9,0,0
11/22/2022 22:20,11/23/2022 04:20,307,313,8.3,13.1,16.1,92,781.9,0,0
11/22/2022 22:10,11/23/2022 04:10,302,300,7.8,11.4,16.1,91,781.8,0,0
11/22/2022 22:00,11/23/2022 04:00,289,305,7.7,13.1,16.2,90,781.7,0,0
11/22/2022 21:50,11/23/2022 03:50,293,288,7.2,11.4,16.3,89,781.7,0,0
11/22/2022 21:40,11/23/2022 03:40,291,304,8.4,17.7,16.4,88,781.6,0,0
11/22/2022 21:30,11/23/2022 03:30,296,301,9.4,14.3,16.6,87,781.5,0,0
11/22/2022 21:20,11/23/2022 03:20,304,301,8.2,14.9,16.6,86,781.6,0,0
11/22/2022 21:10,11/23/2022 03:10,316,314,6.7,10.2,16.8,84,781.5,0,0
11/22/2022 21:00,11/23/2022 03:00,321,332,8.3,14.9,17,82,781.4,0,0
11/22/2022 20:50,11/23/2022 02:50,322,324,9.2,13.1,17.1,80,781.3,0,0
11/22/2022 20:40,11/23/2022 02:40,320,315,8,16,17.1,79,781.3,0,0
11/22/2022 20:30,11/23/2022 02:30,330,316,6,10.2,17.1,79,781.2,0,0
11/22/2022 20:20,11/23/2022 02:20,303,325,6,9.7,17.2,78,781.1,0,0
11/22/2022 20:10,11/23/2022 02:10,297,290,6.7,12.5,17.2,78,781,0,0
11/22/2022 20:00,11/23/2022 02:00,285,266,6.4,12.5,17.2,77,780.9,0,0
11/22/2022 19:50,11/23/2022 01:50,285,295,7.5,14.3,17.3,76,780.8,0,0
11/22/2022 19:40,11/23/2022 01:40,278,285,9,15.4,17.3,75,780.7,0,0
11/22/2022 19:30,11/23/2022 01:30,278,252,9.2,18.3,17.4,74,780.6,0,0
11/22/2022 19:20,11/23/2022 01:20,286,285,7.8,14.9,17.4,74,780.4,0,0
11/22/2022 19:10,11/23/2022 01:10,288,293,7.5,18.9,17.5,73,780.3,0,0
11/22/2022 19:00,11/23/2022 01:00,275,264,9.3,17.2,17.8,72,780.3,0,0
11/22/2022 18:50,11/23/2022 00:50,279,283,8.5,14.9,18.1,69,780.2,0,0
11/22/2022 18:40,11/23/2022 00:40,284,274,9.1,17.2,18.4,68,780.1,0,0
11/22/2022 18:30,11/23/2022 00:30,288,269,9.8,18.9,18.7,66,779.9,0,0
11/22/2022 18:20,11/23/2022 00:20,316,315,10.2,20,18.8,64,779.8,0,0
11/22/2022 18:10,11/23/2022 00:10,324,326,9.4,14.9,18.9,64,779.7,0,0
11/22/2022 18:00,11/23/2022 00:00,327,324,10,16,19,64,779.6,0,1
11/22/2022 17:50,11/22/2022 23:50,335,0,10.6,18.9,19.2,64,779.5,0,5
11/22/2022 17:40,11/22/2022 23:40,327,320,10.2,17.2,19.3,64,779.4,0,15
11/22/2022 17:30,11/22/2022 23:30,325,329,10,15.4,19.5,63,779.3,0,23
11/22/2022 17:20,11/22/2022 23:20,325,336,10.1,16,19.7,61,779.3,0,33
11/22/2022 17:10,11/22/2022 23:10,322,336,8,14.9,20,56,779.3,0,38
11/22/2022 17:00,11/22/2022 23:00,328,307,2.4,6.2,20.1,53,779.3,0,40
11/22/2022 16:50,11/22/2022 22:50,21,35,4.2,7.4,20.3,52,779.3,0,57
11/22/2022 16:40,11/22/2022 22:40,337,334,8.4,12,20.4,52,779.3,0,83
11/22/2022 16:30,11/22/2022 22:30,313,332,5.5,16.6,20.7,53,779.4,0,129
11/22/2022 16:20,11/22/2022 22:20,339,348,5.7,12,21,53,779.4,0,178
11/22/2022 16:10,11/22/2022 22:10,357,8,6,12.5,21.4,52,779.4,0,273
11/22/2022 16:00,11/22/2022 22:00,253,257,5.2,7.9,21.2,51,779.5,0,317
11/22/2022 15:50,11/22/2022 21:50,284,297,5.6,7.4,20.6,53,779.5,0,280
11/22/2022 15:40,11/22/2022 21:40,296,278,7,11.4,20.2,55,779.5,0,223
11/22/2022 15:30,11/22/2022 21:30,345,350,8.3,14.9,20.2,56,779.5,0,194
11/22/2022 15:20,11/22/2022 21:20,315,312,8,14.3,20.5,55,779.6,0,180
11/22/2022 15:10,11/22/2022 21:10,303,302,8.3,13.7,20.7,54,779.6,0,203
11/22/2022 15:00,11/22/2022 21:00,324,329,10.2,16,21.1,54,779.6,0,354
11/22/2022 14:50,11/22/2022 20:50,308,302,11.9,18.3,21.4,53,779.7,0,632
11/22/2022 14:40,11/22/2022 20:40,294,318,6.7,16,21.7,53,779.8,0,572
11/22/2022 14:30,11/22/2022 20:30,281,294,8.8,16.6,21.4,53,779.9,0,636
11/22/2022 14:20,11/22/2022 20:20,296,336,6.9,17.2,22.3,53,780,0,262
11/22/2022 14:10,11/22/2022 20:10,341,285,4.3,14.9,22.7,53,780.1,0,737
11/22/2022 14:00,11/22/2022 20:00,94,31,2.1,5.6,22,52,780.2,0,787
11/22/2022 13:50,11/22/2022 19:50,311,310,7.1,14.3,21.4,54,780.4,0,768
11/22/2022 13:40,11/22/2022 19:40,264,14,5.7,11.4,21.1,55,780.5,0,801
11/22/2022 13:30,11/22/2022 19:30,274,254,10.4,18.9,20.7,57,780.6,0,763
11/22/2022 13:20,11/22/2022 19:20,350,313,6.9,16,20.8,59,780.8,0,791
11/22/2022 13:10,11/22/2022 19:10,328,31,5.4,14.3,21.1,62,781,0,750
11/22/2022 13:00,11/22/2022 19:00,230,230,3.3,9.7,20.6,65,781.1,0,794
11/22/2022 12:50,11/22/2022 18:50,261,243,8.2,16,20.8,65,781.3,0,788
11/22/2022 12:40,11/22/2022 18:40,324,4,3.5,7.9,19.7,69,781.5,0,811
11/22/2022 12:30,11/22/2022 18:30,347,21,4.7,11.4,19,72,781.7,0,807
11/22/2022 12:20,11/22/2022 18:20,339,12,8.6,16.6,19.2,73,781.9,0,796
11/22/2022 12:10,11/22/2022 18:10,166,118,4.1,7.9,18.8,80,782,0,810
11/22/2022 12:00,11/22/2022 18:00,17,54,4.5,8.5,18,88,782.2,0,808
11/22/2022 11:50,11/22/2022 17:50,7,29,6.6,13.1,17.5,92,782.3,0,763
11/22/2022 11:40,11/22/2022 17:40,92,12,4.9,12.5,17.6,94,782.4,0,667
11/22/2022 11:30,11/22/2022 17:30,289,313,3.6,7.4,17.3,96,782.6,0,660
11/22/2022 11:20,11/22/2022 17:20,282,273,5.3,11.4,17.4,97,782.7,0,472
11/22/2022 11:10,11/22/2022 17:10,254,231,6.3,12.5,17.4,96,782.8,0,567
11/22/2022 11:00,11/22/2022 17:00,237,184,4.5,8.5,17.2,98,782.9,0,499
11/22/2022 10:50,11/22/2022 16:50,208,191,3.5,6.2,16.6,99,783,0,699
11/22/2022 10:40,11/22/2022 16:40,157,130,4.7,7.4,15.9,100,783.1,0,656
11/22/2022 10:30,11/22/2022 16:30,137,140,4.2,10.2,15.1,100,783.2,0,662
11/22/2022 10:20,11/22/2022 16:20,128,60,0,0,14.8,100,783.4,0,377
11/22/2022 10:10,11/22/2022 16:10,68,60,3,7.9,14.3,100,783.5,0,331
11/22/2022 10:00,11/22/2022 16:00,93,97,5.8,7.9,13.8,99,783.5,0,265
11/22/2022 09:50,11/22/2022 15:50,74,100,5.4,7.9,13.6,99,783.5,0,188
11/22/2022 09:40,11/22/2022 15:40,67,55,5.5,7.9,13.3,99,783.5,0,151
11/22/2022 09:30,11/22/2022 15:30,75,86,3.1,8.5,13.4,95,783.5,0,125
11/22/2022 09:20,11/22/2022 15:20,77,232,0,0,13.2,93,783.3,0,125
11/22/2022 09:10,11/22/2022 15:10,35,232,0,0,13,92,783.3,0,98
11/22/2022 09:00,11/22/2022 15:00,38,232,0,0,13,91,783.3,0,67
11/22/2022 08:50,11/22/2022 14:50,71,232,0,0,12.9,90,783.3,0,62
11/22/2022 08:40,11/22/2022 14:40,46,232,0,0,12.8,90,783.2,0,56
11/22/2022 08:30,11/22/2022 14:30,288,232,0,0,12.7,89,783.1,0,46
11/22/2022 08:20,11/22/2022 14:20,291,232,0,0,12.6,90,783,0,45
11/22/2022 08:10,11/22/2022 14:10,194,232,0,0,12.5,91,782.9,0,45
11/22/2022 08:00,11/22/2022 14:00,254,232,0,0,12.3,92,782.9,0,45
11/22/2022 07:50,11/22/2022 13:50,247,232,0,0,12.1,91,782.8,0,39
11/22/2022 07:40,11/22/2022 13:40,236,232,0,0,12,90,782.7,0,39
11/22/2022 07:30,11/22/2022 13:30,214,232,0,0,11.8,88,782.6,0,37
11/22/2022 07:20,11/22/2022 13:20,211,232,0,0,11.7,87,782.6,0,28
11/22/2022 07:10,11/22/2022 13:10,208,232,2.1,4.5,11.5,85,782.5,0,16
11/22/2022 07:00,11/22/2022 13:00,255,232,2.5,6.2,11.3,84,782.4,0,7
11/22/2022 06:50,11/22/2022 12:50,267,300,0,0,11.3,84,782.3,0,1
11/22/2022 06:40,11/22/2022 12:40,285,300,2.3,5.1,11.3,84,782.3,0,0
11/22/2022 06:30,11/22/2022 12:30,323,318,2.5,5.1,11.4,84,782.3,0,0
11/22/2022 06:20,11/22/2022 12:20,316,316,3.4,4.5,11.5,83,782.2,0,0
11/22/2022 06:10,11/22/2022 12:10,344,349,3.3,4.5,11.6,83,782,0,0
11/22/2022 06:00,11/22/2022 12:00,307,318,3.2,6.2,11.6,82,782,0,0
11/22/2022 05:50,11/22/2022 11:50,275,281,4.5,6.8,11.7,82,781.9,0,0
11/22/2022 05:40,11/22/2022 11:40,281,288,4,7.4,11.9,81,781.9,0,0
11/22/2022 05:30,11/22/2022 11:30,263,266,4,6.8,11.9,81,781.8,0,0
11/22/2022 05:20,11/22/2022 11:20,185,239,1.6,3.3,11.9,82,781.7,0,0
11/22/2022 05:10,11/22/2022 11:10,157,339,0,0,12,82,781.7,0,0
11/22/2022 05:00,11/22/2022 11:00,142,339,0,0,12.1,82,781.7,0,0
11/22/2022 04:50,11/22/2022 10:50,133,339,0,0,12.2,82,781.7,0,0
11/22/2022 04:40,11/22/2022 10:40,152,339,0,0,12.3,81,781.7,0,0
11/22/2022 04:30,11/22/2022 10:30,221,339,0,0,12.2,82,781.7,0,0
11/22/2022 04:20,11/22/2022 10:20,322,339,0,0,12.3,82,781.6,0,0
11/22/2022 04:10,11/22/2022 10:10,321,339,1.8,2.8,12.3,82,781.7,0,0
11/22/2022 04:00,11/22/2022 10:00,306,311,1.9,3.9,12.3,82,781.7,0,0
11/22/2022 03:50,11/22/2022 09:50,325,319,1.8,3.9,12.3,82,781.7,0,0
11/22/2022 03:40,11/22/2022 09:40,312,303,0,0,12.2,82,781.7,0,0
11/22/2022 03:30,11/22/2022 09:30,275,303,0,0,12.1,82,781.7,0,0
11/22/2022 03:20,11/22/2022 09:20,251,303,0,0,12.1,82,781.7,0,0
11/22/2022 03:10,11/22/2022 09:10,268,303,0,0,12.1,82,781.7,0,0
11/22/2022 03:00,11/22/2022 09:00,297,303,1.6,2.2,12.1,82,781.7,0,0
11/22/2022 02:50,11/22/2022 08:50,297,294,4.2,6.2,12.1,82,781.8,0,0
11/22/2022 02:40,11/22/2022 08:40,300,307,4.2,6.8,12,82,781.9,0,0
11/22/2022 02:30,11/22/2022 08:30,284,300,2.3,5.1,12,82,781.9,0,0
11/22/2022 02:20,11/22/2022 08:20,294,296,3.3,6.2,12,82,782,0,0
11/22/2022 02:10,11/22/2022 08:10,296,311,2.9,5.1,12.1,82,782.1,0,0
11/22/2022 02:00,11/22/2022 08:00,311,315,3.1,6.8,12,82,782.2,0,0
11/22/2022 01:50,11/22/2022 07:50,303,278,0,0,11.9,82,782.3,0,0
11/22/2022 01:40,11/22/2022 07:40,279,278,1.6,2.2,11.9,82,782.3,0,0
11/22/2022 01:30,11/22/2022 07:30,250,230,0,0,12,82,782.4,0,0
11/22/2022 01:20,11/22/2022 07:20,210,230,0,0,12,81,782.4,0,0
11/22/2022 01:10,11/22/2022 07:10,184,230,0,0,12.1,81,782.4,0,0
11/22/2022 01:00,11/22/2022 07:00,165,230,0,0,12.2,81,782.4,0,0
11/22/2022 00:50,11/22/2022 06:50,187,230,0,0,12.3,81,782.4,0,0
11/22/2022 00:40,11/22/2022 06:40,203,230,0,0,12.3,81,782.5,0,0
11/22/2022 00:30,11/22/2022 06:30,217,230,2.9,5.6,12.3,81,782.6,0,0
11/22/2022 00:20,11/22/2022 06:20,224,228,3.2,6.2,12.4,81,782.6,0,0
11/22/2022 00:10,11/22/2022 06:10,183,312,0,0,12.5,81,782.8,0,0
11/22/2022 00:00,11/22/2022 06:00,134,312,0,0,12.4,81,782.8,0,0
11/21/2022 23:50,11/22/2022 05:50,118,312,0,0,12.4,82,782.9,0,0
11/21/2022 23:40,11/22/2022 05:40,70,312,0,0,12.4,82,783,0,0
11/21/2022 23:30,11/22/2022 05:30,2,312,0,0,12.4,83,783,0,0
11/21/2022 23:20,11/22/2022 05:20,8,312,0,0,12.3,83,783,0,0
11/21/2022 23:10,11/22/2022 05:10,268,312,0,0,12.3,83,783.1,0,0
11/21/2022 23:00,11/22/2022 05:00,352,312,0,0,12.4,83,783.1,0,0
11/21/2022 22:50,11/22/2022 04:50,346,312,2.7,6.2,12.3,83,783.2,0,0
11/21/2022 22:40,11/22/2022 04:40,336,313,3.7,7.9,12.2,83,783.3,0,0
11/21/2022 22:30,11/22/2022 04:30,11,281,0,0,12.2,83,783.4,0,0
11/21/2022 22:20,11/22/2022 04:20,322,281,2.6,5.1,12.2,83,783.2,0,0
11/21/2022 22:10,11/22/2022 04:10,301,289,7.3,12,12.3,83,783.1,0,0
11/21/2022 22:00,11/22/2022 04:00,277,268,6.9,12.5,12.5,82,783.1,0,0
11/21/2022 21:50,11/22/2022 03:50,260,269,7.2,13.1,12.5,83,783,0.25,0
11/21/2022 21:40,11/22/2022 03:40,294,282,9.3,17.7,12.5,83,782.9,0,0
11/21/2022 21:30,11/22/2022 03:30,299,298,13.8,22.9,12.6,83,782.8,0.51,0
11/21/2022 21:20,11/22/2022 03:20,295,312,12.4,23.5,12.6,84,782.8,0.25,0
11/21/2022 21:10,11/22/2022 03:10,283,298,11.1,20.6,12.5,85,782.9,0.76,0
11/21/2022 21:00,11/22/2022 03:00,293,293,11.8,21.8,12.5,86,782.9,1.02,0
11/21/2022 20:50,11/22/2022 02:50,294,295,10.5,19.5,12.5,88,782.9,0.76,0
11/21/2022 20:40,11/22/2022 02:40,289,286,9.9,14.3,12.7,89,782.8,1.02,0
11/21/2022 20:30,11/22/2022 02:30,193,257,5.7,13.1,13,91,782.8,3.05,0
11/21/2022 20:20,11/22/2022 02:20,198,183,4.8,7.9,13.1,93,782.6,2.54,0
11/21/2022 20:10,11/22/2022 02:10,318,336,7.5,17.7,13.3,97,782.3,0.51,0
11/21/2022 20:00,11/22/2022 02:00,326,334,6.9,14.9,13.7,100,782.1,1.52,0
11/21/2022 19:50,11/22/2022 01:50,346,14,6.8,11.4,14.3,100,781.9,0.25,0
11/21/2022 19:40,11/22/2022 01:40,224,237,4.2,9.7,14.8,100,781.8,0,0
11/21/2022 19:30,11/22/2022 01:30,292,298,10.1,18.9,15.2,97,781.5,0,0
11/21/2022 19:20,11/22/2022 01:20,273,274,12.7,23.5,16,88,781.2,0,0
11/21/2022 19:10,11/22/2022 01:10,277,301,11.1,16.6,16.4,81,781,0,0
11/21/2022 19:00,11/22/2022 01:00,286,300,12,20.6,16.6,80,780.8,0,0
11/21/2022 18:50,11/22/2022 00:50,308,320,13.5,26.4,17,79,780.7,0,0
11/21/2022 18:40,11/22/2022 00:40,321,327,12.6,18.3,17.3,78,780.5,0,0
11/21/2022 18:30,11/22/2022 00:30,314,323,8.7,21.8,17.5,77,780.4,0,0
11/21/2022 18:20,11/22/2022 00:20,331,321,11.7,18.9,17.6,77,780.3,0,0
11/21/2022 18:10,11/22/2022 00:10,323,318,10.7,17.2,17.8,77,780.2,0,0
11/21/2022 18:00,11/22/2022 00:00,331,331,11.1,18.3,18,76,780,0,0
11/21/2022 17:50,11/21/2022 23:50,352,10,7.7,16,18.4,73,779.9,0,0
11/21/2022 17:40,11/21/2022 23:40,337,332,4.4,7.4,18.7,65,779.8,0,4
11/21/2022 17:30,11/21/2022 23:30,344,13,3.3,6.2,18.7,65,779.7,0,11
11/21/2022 17:20,11/21/2022 23:20,19,330,1.9,3.3,18.9,65,779.6,0,20
11/21/2022 17:10,11/21/2022 23:10,48,55,2.3,3.9,18.9,65,779.4,0,48
11/21/2022 17:00,11/21/2022 23:00,50,235,1.7,2.2,18.9,65,779.3,0,96
11/21/2022 16:50,11/21/2022 22:50,238,250,4.7,9.1,18.7,65,779.2,0,104
11/21/2022 16:40,11/21/2022 22:40,245,247,5.8,10.2,18.6,66,779,0,114
11/21/2022 16:30,11/21/2022 22:30,232,220,7.2,10.8,18.4,66,779,0,115
11/21/2022 16:20,11/21/2022 22:20,247,246,8.1,10.8,18.3,67,778.9,0,113
11/21/2022 16:10,11/21/2022 22:10,246,248,9.7,14.9,18.2,68,779,0,121
11/21/2022 16:00,11/21/2022 22:00,245,221,8.5,14.9,18.1,69,779,0,126
11/21/2022 15:50,11/21/2022 21:50,242,237,10.4,19.5,17.9,70,779,0,145
11/21/2022 15:40,11/21/2022 21:40,240,243,11.9,18.9,17.9,70,779,0,172
11/21/2022 15:30,11/21/2022 21:30,242,244,15.1,22.3,18.1,69,779,0,163
11/21/2022 15:20,11/21/2022 21:20,247,232,14.1,24.6,18.5,67,779,0,143
11/21/2022 15:10,11/21/2022 21:10,242,229,15.4,25.2,18.6,66,779,0,135
11/21/2022 15:00,11/21/2022 21:00,230,254,15.1,21.8,18.9,66,779,0,147
11/21/2022 14:50,11/21/2022 20:50,223,217,13.9,22.9,19.2,67,779,0,175
11/21/2022 14:40,11/21/2022 20:40,237,218,11.9,21.2,19.7,65,779,0,206
11/21/2022 14:30,11/21/2022 20:30,234,237,11,17.7,20,62,779.1,0,207
11/21/2022 14:20,11/21/2022 20:20,233,247,7.8,11.4,20,60,779.2,0,259
11/21/2022 14:10,11/21/2022 20:10,238,232,9,12.5,20.2,59,779.3,0,305
11/21/2022 14:00,11/21/2022 20:00,254,255,7,12,20.3,60,779.4,0,306
11/21/2022 13:50,11/21/2022 19:50,262,264,7,13.1,20.3,59,779.6,0,305
11/21/2022 13:40,11/21/2022 19:40,265,252,9.5,15.4,20.3,60,779.8,0,305
11/21/2022 13:30,11/21/2022 19:30,270,274,7.8,13.7,20.3,60,779.9,0,292
11/21/2022 13:20,11/21/2022 19:20,243,256,8.6,15.4,20.8,59,780,0,301
11/21/2022 13:10,11/21/2022 19:10,230,229,6.9,10.8,21.4,58,780.2,0,413
11/21/2022 13:00,11/21/2022 19:00,242,247,5.5,12,21.5,58,780.3,0,849
11/21/2022 12:50,11/21/2022 18:50,3,15,7.3,12.5,20.9,60,780.4,0,765
11/21/2022 12:40,11/21/2022 18:40,287,45,6,12,21.2,59,780.5,0,786
11/21/2022 12:30,11/21/2022 18:30,260,259,6.3,11.4,20.4,62,780.7,0,815
11/21/2022 12:20,11/21/2022 18:20,239,244,5.6,7.4,19.9,62,780.9,0,836
11/21/2022 12:10,11/21/2022 18:10,3,17,7.3,13.7,19.7,64,781.1,0,725
11/21/2022 12:00,11/21/2022 18:00,341,27,4.9,12,20.5,63,781.2,0,842
11/21/2022 11:50,11/21/2022 17:50,303,230,4.3,10.2,19.5,65,781.4,0,826
11/21/2022 11:40,11/21/2022 17:40,324,301,7.2,11.4,18.9,66,781.6,0,791
11/21/2022 11:30,11/21/2022 17:30,349,298,4.9,10.2,18.4,70,781.8,0,792
11/21/2022 11:20,11/21/2022 17:20,338,22,8.1,13.7,17.8,73,782,0,779
11/21/2022 11:10,11/21/2022 17:10,257,8,6.9,14.3,17.9,73,782.1,0,761
11/21/2022 11:00,11/21/2022 17:00,324,317,6,13.1,17.4,75,782.2,0,748
11/21/2022 10:50,11/21/2022 16:50,311,264,7.3,12.5,17.3,76,782.3,0,738
11/21/2022 10:40,11/21/2022 16:40,312,309,7.3,14.3,16.6,79,782.5,0,716
11/21/2022 10:30,11/21/2022 16:30,300,314,8.9,14.3,16.2,82,782.6,0,697
11/21/2022 10:20,11/21/2022 16:20,328,342,10.1,15.4,16,84,782.6,0,658
11/21/2022 10:10,11/21/2022 16:10,303,321,8.6,14.3,16.5,82,782.6,0,490
11/21/2022 10:00,11/21/2022 16:00,267,271,7,12.5,16.5,82,782.6,0,502
11/21/2022 09:50,11/21/2022 15:50,283,247,8.2,13.7,16,85,782.6,0,591
11/21/2022 09:40,11/21/2022 15:40,300,326,7.9,12.5,15.6,88,782.6,0,581
11/21/2022 09:30,11/21/2022 15:30,277,248,7.7,13.7,15.6,88,782.6,0,416
11/21/2022 09:20,11/21/2022 15:20,274,272,7.2,11.4,15.1,91,782.6,0,476
11/21/2022 09:10,11/21/2022 15:10,251,240,7.8,12,15,92,782.5,0,377
11/21/2022 09:00,11/21/2022 15:00,265,241,6.4,10.2,15,92,782.5,0,368
11/21/2022 08:50,11/21/2022 14:50,253,267,5.6,8.5,14.1,99,782.4,0,436
11/21/2022 08:40,11/21/2022 14:40,238,239,5.2,9.7,13.9,99,782.4,0,268
11/21/2022 08:30,11/21/2022 14:30,282,242,4.9,8.5,13.4,99,782.4,0,259
11/21/2022 08:20,11/21/2022 14:20,270,314,5.9,10.2,12.8,99,782.3,0,199
11/21/2022 08:10,11/21/2022 14:10,281,298,4.9,8.5,12.5,99,782.2,0,131
11/21/2022 08:00,11/21/2022 14:00,286,258,2.8,7.4,12.3,99,782.1,0,76
11/21/2022 07:50,11/21/2022 13:50,266,255,4,7.9,12.1,99,782.2,0,43
11/21/2022 07:40,11/21/2022 13:40,264,264,4.8,7.4,12,99,782.2,0,35
11/21/2022 07:30,11/21/2022 13:30,286,283,0,0,11.9,99,782.1,0,31
11/21/2022 07:20,11/21/2022 13:20,256,283,0,0,11.8,99,782,0,23
11/21/2022 07:10,11/21/2022 13:10,320,283,0,0,11.7,99,781.9,0,14
11/21/2022 07:00,11/21/2022 13:00,289,283,0,0,11.7,99,781.8,0,5
11/21/2022 06:50,11/21/2022 12:50,262,283,0,0,11.7,99,781.7,0,1
11/21/2022 06:40,11/21/2022 12:40,284,283,1.6,2.2,11.8,99,781.7,0,0
11/21/2022 06:30,11/21/2022 12:30,296,287,2.8,5.6,11.8,99,781.7,0,0
11/21/2022 06:20,11/21/2022 12:20,265,276,4.2,9.1,11.8,99,781.6,0,0
11/21/2022 06:10,11/21/2022 12:10,256,244,5.3,7.9,11.9,99,781.5,0,0
11/21/2022 06:00,11/21/2022 12:00,259,265,3.3,6.2,11.8,99,781.5,0,0
11/21/2022 05:50,11/21/2022 11:50,276,271,3.6,6.2,11.8,99,781.5,0,0
11/21/2022 05:40,11/21/2022 11:40,285,297,4.8,8.5,11.8,99,781.5,0,0
11/21/2022 05:30,11/21/2022 11:30,286,290,5.5,9.1,11.8,99,781.4,0,0
11/21/2022 05:20,11/21/2022 11:20,289,287,4.7,7.4,11.8,99,781.4,0,0
11/21/2022 05:10,11/21/2022 11:10,276,271,3.4,8.5,11.8,99,781.4,0,0
11/21/2022 05:00,11/21/2022 11:00,288,303,5.4,12,11.8,99,781.4,0,0
11/21/2022 04:50,11/21/2022 10:50,291,297,7,12,11.7,99,781.4,0,0
11/21/2022 04:40,11/21/2022 10:40,287,317,5.4,13.1,11.7,99,781.3,0,0
11/21/2022 04:30,11/21/2022 10:30,291,264,6.7,12.5,11.7,99,781.3,0,0
11/21/2022 04:20,11/21/2022 10:20,274,301,4.6,12,11.7,99,781.3,0,0
11/21/2022 04:10,11/21/2022 10:10,265,264,7.3,11.4,11.8,99,781.3,0,0
11/21/2022 04:00,11/21/2022 10:00,276,278,7.9,16,12,99,781.2,0,0
11/21/2022 03:50,11/21/2022 09:50,287,298,7.2,14.3,12.3,99,781.2,0,0
11/21/2022 03:40,11/21/2022 09:40,307,315,7.5,14.3,12.3,99,781.2,0,0
11/21/2022 03:30,11/21/2022 09:30,305,306,7,13.1,12.3,99,781.2,0,0
11/21/2022 03:20,11/21/2022 09:20,308,305,7.3,12.5,12.4,99,781.2,0,0
11/21/2022 03:10,11/21/2022 09:10,292,285,7.3,14.9,12.4,99,781.3,0,0
11/21/2022 03:00,11/21/2022 09:00,295,300,6.6,12.5,12.5,99,781.3,0,0
