Red Universitaria de Observatorios Atmosfericos (RUOA)
Atmospheric Observatory UNAM (unam), Mexico City
Lat 19.3262 N, Lon 99.1761 W, Alt 2280 masl
Time UTC-6h
Meteorological data
 
TIMESTAMP,Temp_Avg,RH_Avg,WSpeed_Avg,WSpeed_Max,WDir_Avg,Rain_Tot,Press_Avg,Rad_Avg,Visibility_Avg
yyyy-mm-dd HH:MM:SS,�C,%,m/s,m/s,deg,mm,hPa,W/m^2,m
2019-01-01 00:00:00,null,null,null,null,null,null,null,null,null
2019-01-01 01:00:00,null,null,null,null,null,null,null,null,null
2019-01-01 02:00:00,null,null,null,null,null,null,null,null,null
2019-01-01 03:00:00,null,null,null,null,null,null,null,null,null
2019-01-01 04:00:00,null,null,null,null,null,null,null,null,null
2019-01-01 05:00:00,null,null,null,null,null,null,null,null,null
2019-01-01 06:00:00,null,null,null,null,null,null,null,null,null
2019-01-01 07:00:00,null,null,null,null,null,null,null,null,null
2019-01-01 08:00:00,null,null,null,null,null,null,null,null,null
2019-01-01 09:00:00,null,null,null,null,null,null,null,null,null
2019-01-01 10:00:00,null,null,null,null,null,null,null,null,null
2019-01-01 11:00:00,null,null,null,null,null,null,null,null,null
2019-01-01 12:00:00,null,null,null,null,null,null,null,null,null
2019-01-01 13:00:00,null,null,null,null,null,null,null,null,null
2019-01-01 14:00:00,null,null,null,null,null,null,null,null,null
2019-01-01 15:00:00,null,null,null,null,null,null,null,null,null
2019-01-01 16:00:00,null,null,null,null,null,null,null,null,null
2019-01-01 17:00:00,null,null,null,null,null,null,null,null,null
2019-01-01 18:00:00,null,null,null,null,null,null,null,null,null
2019-01-01 19:00:00,null,null,null,null,null,null,null,null,null
2019-01-01 20:00:00,null,null,null,null,null,null,null,null,null
2019-01-01 21:00:00,null,null,null,null,null,null,null,null,null
2019-01-01 22:00:00,null,null,null,null,null,null,null,null,null
2019-01-01 23:00:00,null,null,null,null,null,null,null,null,null
2019-01-02 00:00:00,null,null,null,null,null,null,null,null,null
2019-01-02 01:00:00,null,null,null,null,null,null,null,null,null
2019-01-02 02:00:00,null,null,null,null,null,null,null,null,null
2019-01-02 03:00:00,null,null,null,null,null,null,null,null,null
2019-01-02 04:00:00,null,null,null,null,null,null,null,null,null
2019-01-02 05:00:00,null,null,null,null,null,null,null,null,null
2019-01-02 06:00:00,null,null,null,null,null,null,null,null,null
2019-01-02 07:00:00,null,null,null,null,null,null,null,null,null
2019-01-02 08:00:00,null,null,null,null,null,null,null,null,null
2019-01-02 09:00:00,null,null,null,null,null,null,null,null,null
2019-01-02 10:00:00,null,null,null,null,null,null,null,null,null
2019-01-02 11:00:00,null,null,null,null,null,null,null,null,null
2019-01-02 12:00:00,null,null,null,null,null,null,null,null,null
2019-01-02 13:00:00,null,null,null,null,null,null,null,null,null
2019-01-02 14:00:00,null,null,null,null,null,null,null,null,null
2019-01-02 15:00:00,null,null,null,null,null,null,null,null,null
2019-01-02 16:00:00,null,null,null,null,null,null,null,null,null
2019-01-02 17:00:00,null,null,null,null,null,null,null,null,null
2019-01-02 18:00:00,null,null,null,null,null,null,null,null,null
2019-01-02 19:00:00,null,null,null,null,null,null,null,null,null
2019-01-02 20:00:00,null,null,null,null,null,null,null,null,null
2019-01-02 21:00:00,null,null,null,null,null,null,null,null,null
2019-01-02 22:00:00,null,null,null,null,null,null,null,null,null
2019-01-02 23:00:00,null,null,null,null,null,null,null,null,null
2019-01-03 00:00:00,null,null,null,null,null,null,null,null,null
2019-01-03 01:00:00,null,null,null,null,null,null,null,null,null
2019-01-03 02:00:00,null,null,null,null,null,null,null,null,null
2019-01-03 03:00:00,null,null,null,null,null,null,null,null,null
2019-01-03 04:00:00,null,null,null,null,null,null,null,null,null
2019-01-03 05:00:00,null,null,null,null,null,null,null,null,null
2019-01-03 06:00:00,null,null,null,null,null,null,null,null,null
2019-01-03 07:00:00,null,null,null,null,null,null,null,null,null
2019-01-03 08:00:00,null,null,null,null,null,null,null,null,null
2019-01-03 09:00:00,null,null,null,null,null,null,null,null,null
2019-01-03 10:00:00,null,null,null,null,null,null,null,null,null
2019-01-03 11:00:00,null,null,null,null,null,null,null,null,null
2019-01-03 12:00:00,null,null,null,null,null,null,null,null,null
2019-01-03 13:00:00,null,null,null,null,null,null,null,null,null
2019-01-03 14:00:00,null,null,null,null,null,null,null,null,null
2019-01-03 15:00:00,null,null,null,null,null,null,null,null,null
2019-01-03 16:00:00,null,null,null,null,null,null,null,null,null
2019-01-03 17:00:00,null,null,null,null,null,null,null,null,null
2019-01-03 18:00:00,null,null,null,3.44,null,null,775.788,null,null
2019-01-03 19:00:00,17.97,35.46,2.506,5.06,149.3,0.0,776.158,73.1,null
2019-01-03 20:00:00,15.47,44.23,1.25,3.19,221.2,0.0,776.81,62.5,null
2019-01-03 21:00:00,13.84,45.73,0.502,1.5,323.6,0.0,777.515,60.9,null
2019-01-03 22:00:00,12.42,49.11,0.798,1.64,247.8,0.0,777.979,58.9,null
2019-01-03 23:00:00,11.1,59.95,1.317,2.23,231.5,0.0,778.101,35.5,null
2019-01-04 00:00:00,10.51,62.06,0.828,2.71,276.2,0.0,777.991,44.9,null
2019-01-04 01:00:00,9.18,65.19,0.749,1.57,238.4,0.0,778.107,39.5,null
2019-01-04 02:00:00,8.68,67.49,0.898,1.71,232.4,0.0,778.004,24.1,null
2019-01-04 03:00:00,8.34,69.67,0.594,1.17,230.7,0.0,777.885,26.7,null
2019-01-04 04:00:00,7.44,71.23,0.555,1.23,230.8,0.0,777.793,29.9,null
2019-01-04 05:00:00,6.88,72.15,0.934,1.39,238.5,0.0,777.568,34.1,null
2019-01-04 06:00:00,6.43,72.83,0.663,1.36,264.5,0.0,777.613,32.0,null
2019-01-04 07:00:00,5.95,69.91,0.626,1.51,267.4,0.0,778.112,36.0,null
2019-01-04 08:00:00,6.67,65.71,0.777,1.59,242.1,0.0,778.704,67.2,null
2019-01-04 09:00:00,11.41,49.47,0.499,1.34,14.6,0.0,779.296,256.3,null
2019-01-04 10:00:00,13.71,43.73,0.88,2.04,20.6,0.0,779.824,461.4,null
2019-01-04 11:00:00,16.08,38.65,1.181,3.53,61.5,0.0,779.882,637.6,null
2019-01-04 12:00:00,17.92,34.19,1.347,3.37,19.6,0.0,779.499,736.3,null
2019-01-04 13:00:00,19.26,31.78,1.409,3.53,45.4,0.0,778.511,766.3,null
2019-01-04 14:00:00,20.38,28.88,1.689,4.14,126.5,0.0,777.436,739.6,null
2019-01-04 15:00:00,21.25,28.27,1.313,3.51,23.7,0.0,776.786,628.2,null
2019-01-04 16:00:00,21.79,27.73,1.602,3.45,88.6,0.0,776.554,476.9,null
2019-01-04 17:00:00,21.42,28.79,1.104,2.87,333.5,0.0,776.681,202.2,null
2019-01-04 18:00:00,20.03,34.29,1.439,4.2,247.2,0.0,777.096,104.4,null
2019-01-04 19:00:00,19.08,39.88,1.437,3.61,128.6,0.0,777.516,66.4,null
2019-01-04 20:00:00,16.6,47.76,1.068,2.84,184.0,0.0,778.122,57.3,null
2019-01-04 21:00:00,14.98,51.47,1.229,3.56,325.7,0.0,778.857,52.1,null
2019-01-04 22:00:00,13.66,56.8,0.797,1.48,283.4,0.0,779.365,48.2,null
2019-01-04 23:00:00,13.25,58.41,1.107,2.2,286.8,0.0,779.572,48.8,null
2019-01-05 00:00:00,12.65,60.93,0.853,1.76,283.1,0.0,779.522,38.1,null
2019-01-05 01:00:00,11.5,64.1,0.946,2.24,286.0,0.0,779.498,29.9,null
2019-01-05 02:00:00,10.98,61.62,1.03,2.46,252.7,0.0,779.496,29.3,null
2019-01-05 03:00:00,9.92,65.96,0.577,1.12,227.6,0.0,779.369,22.2,null
2019-01-05 04:00:00,9.16,70.14,0.754,1.64,274.9,0.0,779.217,19.6,null
2019-01-05 05:00:00,8.69,71.72,0.895,1.98,278.5,0.0,779.341,23.0,null
2019-01-05 06:00:00,7.95,74.38,0.597,1.48,258.1,0.0,779.371,30.2,null
2019-01-05 07:00:00,7.89,74.61,0.577,1.16,293.9,0.0,779.551,27.3,null
2019-01-05 08:00:00,7.68,75.0,0.911,1.89,217.8,0.0,780.313,63.0,null
2019-01-05 09:00:00,11.51,62.58,0.681,1.46,171.9,0.0,780.975,232.8,null
2019-01-05 10:00:00,13.83,52.94,0.751,1.59,47.3,0.0,781.53,419.6,null
2019-01-05 11:00:00,16.01,46.35,1.187,2.52,71.6,0.0,781.475,593.8,null
2019-01-05 12:00:00,18.06,41.25,1.239,2.68,78.4,0.0,780.956,719.6,null
2019-01-05 13:00:00,19.89,35.83,1.45,3.26,12.6,0.0,779.949,758.9,null
2019-01-05 14:00:00,21.12,31.42,1.57,4.87,44.5,0.0,778.952,750.4,null
2019-01-05 15:00:00,22.16,28.99,1.625,3.76,30.3,0.0,778.302,659.3,null
2019-01-05 16:00:00,22.73,27.39,1.669,5.06,28.6,0.0,778.006,479.7,null
2019-01-05 17:00:00,22.55,28.12,1.918,4.29,28.0,0.0,778.061,270.9,null
2019-01-05 18:00:00,21.36,31.13,2.059,4.38,359.7,0.0,778.103,106.5,null
2019-01-05 19:00:00,19.96,34.6,1.429,3.8,335.9,0.0,778.561,68.1,null
2019-01-05 20:00:00,18.88,37.01,1.612,5.93,34.7,0.0,779.58,61.7,null
2019-01-05 21:00:00,17.81,37.39,1.736,3.86,5.8,0.0,780.403,56.1,null
2019-01-05 22:00:00,15.98,44.08,1.27,3.6,311.8,0.0,780.76,61.1,null
2019-01-05 23:00:00,14.03,52.38,0.873,1.64,280.6,0.0,780.931,55.3,null
2019-01-06 00:00:00,12.33,57.26,0.91,2.75,239.6,0.0,780.876,48.8,null
2019-01-06 01:00:00,11.48,60.93,0.758,1.93,287.1,0.0,780.711,38.0,null
2019-01-06 02:00:00,10.76,63.47,0.604,2.02,281.4,0.0,780.515,35.2,null
2019-01-06 03:00:00,9.68,66.73,0.74,1.35,257.5,0.0,780.402,23.7,null
2019-01-06 04:00:00,9.28,68.93,0.638,1.3,257.4,0.0,780.286,20.3,null
2019-01-06 05:00:00,8.85,70.52,0.602,1.5,250.3,0.0,780.214,19.8,null
2019-01-06 06:00:00,8.35,72.6,0.565,1.22,263.3,0.0,780.083,21.4,null
2019-01-06 07:00:00,7.88,75.66,0.618,1.29,249.8,0.0,780.155,23.5,null
2019-01-06 08:00:00,7.51,78.29,0.514,1.02,287.9,0.0,780.722,47.5,null
2019-01-06 09:00:00,10.89,66.1,0.259,0.7,245.1,0.0,781.36,172.7,null
2019-01-06 10:00:00,13.94,51.47,0.688,1.73,30.9,0.0,781.758,414.3,null
2019-01-06 11:00:00,16.86,42.47,1.009,2.22,90.1,0.0,781.856,605.7,null
2019-01-06 12:00:00,18.76,38.56,1.273,3.66,94.1,0.0,781.28,742.4,null
2019-01-06 13:00:00,20.23,34.81,1.904,4.11,33.1,0.0,780.256,808.0,null
2019-01-06 14:00:00,21.33,31.15,2.075,6.06,20.6,0.0,779.011,790.9,null
2019-01-06 15:00:00,22.37,26.52,2.173,5.78,28.5,0.0,778.31,678.3,null
2019-01-06 16:00:00,22.81,21.76,2.137,5.78,39.9,0.0,777.922,529.2,null
2019-01-06 17:00:00,22.92,21.45,1.639,4.97,24.7,0.0,777.882,328.9,null
2019-01-06 18:00:00,22.17,23.05,2.175,4.75,13.6,0.0,777.974,147.8,null
2019-01-06 19:00:00,20.14,27.16,1.612,3.62,0.5,0.0,778.27,64.2,null
2019-01-06 20:00:00,17.37,35.18,1.419,3.23,276.6,0.0,779.004,73.7,null
2019-01-06 21:00:00,15.88,39.83,0.838,1.92,262.7,0.0,779.921,65.0,null
2019-01-06 22:00:00,14.28,44.86,1.317,2.75,297.9,0.0,780.502,53.5,null
2019-01-06 23:00:00,13.98,43.95,2.122,4.07,283.1,0.0,780.574,58.3,null
2019-01-07 00:00:00,13.62,43.74,1.788,3.79,284.8,0.0,780.355,63.1,null
2019-01-07 01:00:00,12.58,46.56,0.917,2.33,267.9,0.0,780.158,64.4,null
2019-01-07 02:00:00,11.01,52.52,0.927,1.82,228.5,0.0,780.098,48.6,null
2019-01-07 03:00:00,9.84,59.72,0.766,1.8,272.2,0.0,779.982,32.1,null
2019-01-07 04:00:00,8.71,65.18,0.381,1.02,317.1,0.0,779.819,32.1,null
2019-01-07 05:00:00,8.12,67.14,0.656,1.06,276.0,0.0,780.014,28.4,null
2019-01-07 06:00:00,7.55,69.39,0.543,1.14,264.3,0.0,780.257,33.1,null
2019-01-07 07:00:00,7.1,71.69,0.655,1.62,282.1,0.0,780.592,37.2,null
2019-01-07 08:00:00,7.31,71.96,0.892,1.58,247.7,0.0,780.984,85.0,null
2019-01-07 09:00:00,12.41,54.58,0.837,2.19,180.4,0.0,781.355,266.0,null
2019-01-07 10:00:00,14.99,46.13,1.067,2.48,100.7,0.0,781.582,461.3,null
2019-01-07 11:00:00,17.72,40.03,1.035,2.6,76.3,0.0,781.434,627.2,null
2019-01-07 12:00:00,20.1,33.38,2.063,6.25,23.8,0.0,780.765,772.9,null
2019-01-07 13:00:00,20.84,30.41,2.484,7.89,42.5,0.0,779.795,776.0,null
2019-01-07 14:00:00,21.6,26.42,3.115,8.96,25.8,0.0,778.821,787.6,null
2019-01-07 15:00:00,22.06,24.21,3.081,7.95,7.0,0.0,778.122,658.7,null
2019-01-07 16:00:00,22.6,24.91,2.701,7.24,2.1,0.0,777.701,492.2,null
2019-01-07 17:00:00,22.32,24.49,3.362,7.32,359.8,0.0,777.855,293.3,null
2019-01-07 18:00:00,21.4,27.08,3.649,8.32,9.4,0.0,778.172,129.6,null
2019-01-07 19:00:00,20.26,26.49,3.535,8.2,27.4,0.0,778.738,67.7,null
2019-01-07 20:00:00,18.89,26.17,2.969,8.5,43.0,0.0,779.585,67.1,null
2019-01-07 21:00:00,17.24,32.09,2.267,6.29,43.4,0.0,780.406,65.5,null
2019-01-07 22:00:00,15.45,38.38,1.377,4.0,354.6,0.0,780.974,65.1,null
2019-01-07 23:00:00,13.39,43.2,1.237,2.73,280.6,0.0,781.079,60.9,null
2019-01-08 00:00:00,11.83,47.51,1.322,2.59,284.1,0.0,780.972,56.7,null
2019-01-08 01:00:00,10.63,48.08,0.961,2.2,264.5,0.0,780.86,53.1,null
2019-01-08 02:00:00,9.58,44.0,1.018,2.33,271.6,0.0,780.61,47.2,null
2019-01-08 03:00:00,9.13,37.98,1.205,2.73,249.0,0.0,780.369,49.9,null
2019-01-08 04:00:00,8.06,47.18,0.925,1.65,266.2,0.0,780.221,36.3,null
2019-01-08 05:00:00,6.78,52.35,0.575,1.19,330.2,0.0,780.388,21.4,null
2019-01-08 06:00:00,6.2,53.19,0.858,1.98,262.9,0.0,780.502,24.3,null
2019-01-08 07:00:00,5.63,55.45,0.777,1.89,291.7,0.0,780.751,45.0,null
2019-01-08 08:00:00,5.68,53.0,0.554,1.13,263.3,0.0,781.206,89.4,null
2019-01-08 09:00:00,10.07,45.31,0.876,2.26,170.5,0.0,781.95,264.3,null
2019-01-08 10:00:00,11.68,43.87,0.9,2.26,129.4,0.0,782.334,465.8,null
2019-01-08 11:00:00,13.52,39.18,1.175,2.71,91.6,0.0,782.395,666.1,null
2019-01-08 12:00:00,15.43,32.38,1.217,2.84,93.9,0.0,781.909,789.4,null
2019-01-08 13:00:00,17.71,23.66,1.588,4.8,55.5,0.0,780.927,826.5,null
2019-01-08 14:00:00,19.26,15.87,1.775,4.53,20.3,0.0,779.866,802.4,null
2019-01-08 15:00:00,20.57,14.57,2.093,5.46,32.4,0.0,779.083,695.1,null
2019-01-08 16:00:00,21.84,11.16,1.589,4.93,50.8,0.0,778.788,560.7,null
2019-01-08 17:00:00,22.37,10.44,1.784,4.62,353.6,0.0,778.702,361.0,null
2019-01-08 18:00:00,21.68,11.72,3.037,7.87,354.9,0.0,778.708,164.3,null
2019-01-08 19:00:00,19.55,10.83,2.908,6.35,30.6,0.0,779.199,66.5,null
2019-01-08 20:00:00,17.04,12.65,2.214,5.24,348.5,0.0,780.054,68.2,null
2019-01-08 21:00:00,15.32,12.97,2.151,6.23,331.6,0.0,780.894,69.2,null
2019-01-08 22:00:00,13.58,16.0,1.474,3.68,296.2,0.0,781.643,69.6,null
2019-01-08 23:00:00,11.97,19.78,1.267,2.83,279.2,0.0,781.954,68.1,null
2019-01-09 00:00:00,10.47,24.78,1.548,2.73,277.6,0.0,782.009,65.0,null
2019-01-09 01:00:00,9.59,26.92,1.24,2.85,278.3,0.0,781.894,63.0,null
2019-01-09 02:00:00,8.37,31.68,0.884,2.41,283.0,0.0,781.747,61.5,null
2019-01-09 03:00:00,7.02,36.98,0.877,1.56,265.9,0.0,781.751,60.3,null
2019-01-09 04:00:00,6.36,43.5,0.805,1.68,297.3,0.0,781.599,44.7,null
2019-01-09 05:00:00,5.74,45.8,0.919,1.96,251.8,0.0,781.697,32.5,null
2019-01-09 06:00:00,4.7,52.82,0.445,1.22,281.6,0.0,781.881,27.6,null
2019-01-09 07:00:00,4.31,57.02,0.554,1.17,258.8,0.0,782.314,32.7,null
2019-01-09 08:00:00,4.81,60.25,0.591,1.15,247.2,0.0,782.853,84.6,null
2019-01-09 09:00:00,7.66,66.41,0.983,2.37,62.3,0.0,783.548,253.0,null
2019-01-09 10:00:00,9.13,62.34,1.294,3.22,79.1,0.0,784.305,455.9,null
2019-01-09 11:00:00,10.68,51.79,1.945,5.32,41.5,0.0,784.238,639.7,null
2019-01-09 12:00:00,12.4,44.49,2.569,5.68,34.1,0.0,783.736,780.8,null
2019-01-09 13:00:00,13.95,39.57,1.865,5.11,13.8,0.0,782.73,833.3,null
2019-01-09 14:00:00,15.76,35.08,1.443,4.09,344.9,0.0,781.497,794.4,null
2019-01-09 15:00:00,17.15,31.61,1.149,3.17,30.3,0.0,780.474,680.6,null
2019-01-09 16:00:00,18.48,28.79,1.379,4.26,61.7,0.0,779.968,527.8,null
2019-01-09 17:00:00,19.33,27.33,1.145,3.0,351.0,0.0,779.972,338.9,null
2019-01-09 18:00:00,18.82,28.82,1.066,2.39,283.7,0.0,780.031,147.5,null
2019-01-09 19:00:00,16.25,37.33,1.584,3.16,264.3,0.0,780.29,76.5,null
2019-01-09 20:00:00,14.84,49.93,3.209,8.07,359.1,0.0,781.037,62.1,null
2019-01-09 21:00:00,13.08,59.7,3.078,8.0,356.0,0.0,782.014,47.1,null
2019-01-09 22:00:00,11.56,66.92,3.277,7.09,348.6,0.0,782.67,30.4,null
2019-01-09 23:00:00,10.56,71.3,2.456,6.51,350.8,0.0,782.927,24.8,null
2019-01-10 00:00:00,10.17,73.06,1.681,4.17,349.1,0.0,782.802,31.7,null
2019-01-10 01:00:00,10.43,72.58,1.845,4.34,4.7,0.0,782.565,29.6,null
2019-01-10 02:00:00,10.25,72.45,2.082,5.13,8.5,0.0,782.425,26.4,null
2019-01-10 03:00:00,9.93,72.15,2.231,5.1,0.7,0.0,782.192,24.5,null
2019-01-10 04:00:00,10.05,71.94,0.981,2.28,13.3,0.0,781.905,26.9,null
2019-01-10 05:00:00,10.14,71.13,0.664,2.26,22.0,0.0,781.872,17.9,null
2019-01-10 06:00:00,9.87,72.69,1.127,2.22,106.3,0.0,781.847,18.7,null
2019-01-10 07:00:00,9.65,72.98,1.084,2.37,105.6,0.0,781.914,27.2,null
2019-01-10 08:00:00,9.71,71.97,1.102,2.34,64.0,0.0,782.278,44.5,null
2019-01-10 09:00:00,9.97,70.24,1.153,2.72,96.9,0.0,782.725,100.1,null
2019-01-10 10:00:00,10.71,66.95,1.071,2.58,119.3,0.0,782.994,230.1,null
2019-01-10 11:00:00,12.23,61.2,1.377,3.4,108.5,0.0,782.656,610.0,null
2019-01-10 12:00:00,14.24,54.43,1.591,4.35,76.5,0.0,781.875,762.8,null
2019-01-10 13:00:00,15.73,49.78,1.507,4.15,90.3,0.0,780.771,804.2,null
2019-01-10 14:00:00,17.12,45.44,1.648,3.76,27.8,0.0,779.603,781.0,null
2019-01-10 15:00:00,18.68,39.27,1.41,3.67,86.1,0.0,778.881,650.1,null
2019-01-10 16:00:00,19.85,33.75,1.34,3.85,94.9,0.0,778.365,526.6,null
2019-01-10 17:00:00,20.01,29.89,1.309,4.45,319.8,0.0,778.184,309.8,null
2019-01-10 18:00:00,19.43,36.65,2.266,5.86,148.0,0.0,778.365,185.0,null
2019-01-10 19:00:00,17.4,45.83,1.959,4.63,165.6,0.0,778.547,63.8,null
2019-01-10 20:00:00,15.27,51.56,1.383,2.53,227.0,0.0,778.964,59.6,null
2019-01-10 21:00:00,14.54,53.12,0.798,2.39,254.2,0.0,779.592,63.8,null
2019-01-10 22:00:00,13.95,56.45,0.671,1.5,249.3,0.0,779.969,59.7,null
2019-01-10 23:00:00,13.45,58.47,0.748,1.51,265.4,0.0,780.055,43.9,null
2019-01-11 00:00:00,13.2,58.59,0.672,1.91,282.9,0.0,779.764,30.9,null
2019-01-11 01:00:00,12.9,56.12,0.744,1.6,314.9,0.0,779.401,18.0,null
2019-01-11 02:00:00,11.9,58.83,0.462,1.35,294.3,0.0,779.275,14.5,null
2019-01-11 03:00:00,10.89,61.45,0.4,1.21,295.2,0.0,779.126,11.9,null
2019-01-11 04:00:00,9.64,65.81,0.68,1.67,242.3,0.0,778.878,14.1,null
2019-01-11 05:00:00,9.11,67.23,0.797,2.17,284.5,0.0,778.84,17.2,null
2019-01-11 06:00:00,8.7,67.84,0.869,1.7,265.4,0.0,779.018,24.9,null
2019-01-11 07:00:00,8.14,70.68,0.657,1.68,238.7,0.0,779.235,33.4,null
2019-01-11 08:00:00,8.18,71.97,0.357,0.84,271.8,0.0,779.589,76.9,null
2019-01-11 09:00:00,11.36,59.55,0.932,2.25,202.1,0.0,780.107,238.8,null
2019-01-11 10:00:00,13.17,53.45,1.236,2.71,127.9,0.0,780.231,445.9,null
2019-01-11 11:00:00,15.67,47.29,1.2,3.14,128.5,0.0,780.06,630.1,null
2019-01-11 12:00:00,17.45,40.71,1.388,3.66,115.0,0.0,779.371,762.1,null
2019-01-11 13:00:00,18.58,35.43,1.541,4.24,106.4,0.0,778.229,804.4,null
2019-01-11 14:00:00,19.37,34.11,1.465,4.51,102.9,0.0,777.016,761.1,null
2019-01-11 15:00:00,20.55,32.43,1.953,4.76,164.6,0.0,776.132,683.3,null
2019-01-11 16:00:00,21.46,30.49,1.692,4.63,165.6,0.0,775.784,492.3,null
2019-01-11 17:00:00,20.89,33.78,2.3,4.93,192.6,0.0,775.711,299.0,null
2019-01-11 18:00:00,19.26,41.28,1.885,4.15,238.7,0.0,775.892,107.1,null
2019-01-11 19:00:00,18.27,44.47,1.059,3.23,336.2,0.0,776.234,62.3,null
2019-01-11 20:00:00,17.48,46.84,1.511,4.24,121.3,0.0,776.891,59.5,null
2019-01-11 21:00:00,16.83,49.39,1.812,4.7,107.6,0.0,777.657,62.5,null
2019-01-11 22:00:00,16.1,51.26,2.492,5.24,148.1,0.0,778.118,59.2,null
2019-01-11 23:00:00,15.04,52.13,1.269,3.63,146.0,0.0,778.561,54.2,null
2019-01-12 00:00:00,13.83,58.08,0.777,1.56,291.1,0.0,778.438,47.3,null
2019-01-12 01:00:00,13.86,60.89,0.789,2.15,281.0,0.0,778.285,48.2,null
2019-01-12 02:00:00,13.72,60.97,0.598,1.79,289.6,0.0,778.197,40.6,null
2019-01-12 03:00:00,13.11,63.14,0.6,1.19,248.6,0.0,778.155,32.3,null
2019-01-12 04:00:00,12.32,67.08,1.26,2.33,190.9,0.0,778.036,30.4,null
2019-01-12 05:00:00,12.02,68.36,0.551,1.73,260.9,0.0,777.965,34.2,null
2019-01-12 06:00:00,11.16,72.21,0.869,1.82,201.5,0.0,778.241,28.6,null
2019-01-12 07:00:00,11.11,71.4,0.66,1.42,173.3,0.0,778.558,28.8,null
2019-01-12 08:00:00,11.29,71.14,0.667,1.57,295.1,0.0,779.177,51.0,null
2019-01-12 09:00:00,11.87,69.01,0.929,1.58,219.2,0.0,780.072,55.2,null
2019-01-12 10:00:00,12.95,64.45,0.743,1.73,155.4,0.0,780.864,126.3,null
2019-01-12 11:00:00,13.94,61.1,0.767,1.78,223.2,0.0,781.001,310.7,null
2019-01-12 12:00:00,16.3,51.85,1.191,2.73,57.3,0.0,780.322,724.8,null
2019-01-12 13:00:00,17.55,47.09,1.274,3.29,101.9,0.0,779.141,690.6,null
2019-01-12 14:00:00,18.23,44.33,1.757,3.83,196.8,0.0,778.095,526.0,null
2019-01-12 15:00:00,18.44,40.96,1.824,3.52,173.7,0.0,777.425,378.6,null
2019-01-12 16:00:00,18.29,40.0,2.566,4.57,205.6,0.0,777.087,214.4,null
2019-01-12 17:00:00,18.31,36.92,2.093,6.27,232.4,0.0,776.874,88.2,null
2019-01-12 18:00:00,16.98,43.08,2.878,7.08,297.9,0.0,777.443,79.9,null
2019-01-12 19:00:00,15.23,53.45,3.34,8.03,323.0,0.0,778.113,35.4,null
2019-01-12 20:00:00,14.45,61.89,2.59,5.67,38.1,0.0,779.034,17.2,null
2019-01-12 21:00:00,13.77,69.01,2.196,4.83,0.4,0.0,779.913,10.7,null
2019-01-12 22:00:00,13.21,75.43,1.664,4.4,0.1,0.0,780.493,1.3,null
2019-01-12 23:00:00,12.87,75.34,2.274,4.95,350.8,0.0,780.574,9.1,null
2019-01-13 00:00:00,12.51,76.92,2.36,5.4,349.4,0.0,780.272,1.1,null
2019-01-13 01:00:00,12.27,76.18,2.924,6.04,357.0,0.0,780.022,-7.4,null
2019-01-13 02:00:00,11.94,78.09,2.264,5.29,349.0,0.0,779.992,0.7,null
2019-01-13 03:00:00,11.75,78.24,2.295,4.91,344.3,0.0,779.762,0.7,null
2019-01-13 04:00:00,11.64,77.36,1.928,4.08,350.6,0.0,779.637,9.5,null
2019-01-13 05:00:00,11.55,77.93,2.245,4.31,350.2,0.0,779.722,-1.6,null
2019-01-13 06:00:00,11.48,78.59,1.664,3.8,346.4,0.0,780.002,0.8,null
2019-01-13 07:00:00,11.59,77.63,1.721,3.32,357.0,0.0,780.212,12.3,null
2019-01-13 08:00:00,11.65,77.77,1.55,3.77,340.2,0.0,780.569,22.3,null
2019-01-13 09:00:00,12.06,75.78,1.582,3.38,5.2,0.0,781.201,106.7,null
2019-01-13 10:00:00,12.75,71.28,0.786,2.39,355.3,0.0,781.65,185.3,null
2019-01-13 11:00:00,13.62,66.13,1.358,3.56,20.8,0.0,781.783,415.3,null
2019-01-13 12:00:00,15.46,57.3,1.838,4.23,56.4,0.0,781.367,800.2,null
2019-01-13 13:00:00,16.12,54.1,2.093,5.27,40.1,0.0,780.596,567.8,null
2019-01-13 14:00:00,16.75,50.69,2.097,4.77,35.9,0.0,779.685,637.6,null
2019-01-13 15:00:00,17.09,48.95,1.907,5.59,46.4,0.0,779.017,307.5,null
2019-01-13 16:00:00,17.24,47.7,1.523,3.8,46.7,0.0,778.51,222.9,null
2019-01-13 17:00:00,17.03,48.42,1.138,3.3,326.6,0.0,778.468,109.8,null
2019-01-13 18:00:00,16.16,54.89,1.946,4.46,267.3,0.0,778.657,74.8,null
2019-01-13 19:00:00,15.37,60.59,1.565,4.19,276.9,0.6,779.038,26.1,null
2019-01-13 20:00:00,12.14,87.91,2.532,5.75,10.1,2.5,779.827,-0.6,null
2019-01-13 21:00:00,11.56,91.34,1.276,3.12,297.3,0.6,780.613,-1.0,null
2019-01-13 22:00:00,11.47,82.82,1.939,4.31,349.0,0.0,781.252,0.1,null
2019-01-13 23:00:00,11.38,78.12,1.577,4.33,347.5,0.0,781.592,-0.2,null
2019-01-14 00:00:00,11.05,77.28,1.79,5.0,337.2,0.0,781.293,-0.8,null
2019-01-14 01:00:00,10.87,77.03,1.161,3.31,339.2,0.0,781.15,-1.0,null
2019-01-14 02:00:00,10.82,80.31,0.826,1.94,276.7,0.0,781.038,-0.7,null
2019-01-14 03:00:00,11.11,76.38,1.413,3.21,327.4,0.0,780.915,-0.5,null
2019-01-14 04:00:00,11.26,74.57,1.619,4.14,349.5,0.0,780.815,-0.5,null
2019-01-14 05:00:00,11.13,75.29,1.382,3.3,6.0,0.0,780.801,-0.5,null
2019-01-14 06:00:00,10.64,78.03,0.614,1.62,0.5,0.0,780.845,-1.1,null
2019-01-14 07:00:00,10.53,79.22,1.513,3.01,345.0,0.0,781.067,-0.6,null
2019-01-14 08:00:00,10.66,78.15,1.911,3.74,4.5,0.0,781.427,15.0,null
2019-01-14 09:00:00,10.83,76.58,1.613,4.15,5.5,0.0,781.956,36.3,null
2019-01-14 10:00:00,11.14,73.24,1.154,2.58,350.7,0.0,782.436,53.4,null
2019-01-14 11:00:00,11.63,70.11,1.356,2.79,327.8,0.0,782.558,163.9,null
2019-01-14 12:00:00,12.49,66.92,1.721,3.63,335.8,0.0,782.032,249.8,null
2019-01-14 13:00:00,13.67,60.82,2.157,5.26,1.3,0.0,781.195,607.2,null
2019-01-14 14:00:00,15.03,52.49,1.856,5.25,349.4,0.0,780.19,720.9,null
2019-01-14 15:00:00,16.86,43.69,1.48,3.62,65.9,0.0,779.197,664.7,null
2019-01-14 16:00:00,17.64,38.82,1.36,3.51,344.8,0.0,778.337,502.4,null
2019-01-14 17:00:00,18.51,36.4,1.253,4.15,338.4,0.0,778.012,290.8,null
2019-01-14 18:00:00,18.03,38.34,1.132,2.79,7.3,0.0,778.142,91.3,null
2019-01-14 19:00:00,16.91,44.73,2.046,5.05,1.1,0.0,778.278,3.7,null
2019-01-14 20:00:00,15.33,54.51,2.91,6.2,352.1,0.0,778.798,-0.5,null
2019-01-14 21:00:00,13.94,58.41,2.733,6.17,350.8,0.0,779.646,-0.7,null
2019-01-14 22:00:00,12.92,60.39,2.158,4.46,343.9,0.0,780.607,-1.1,null
2019-01-14 23:00:00,12.02,62.16,1.676,3.81,2.1,0.0,781.012,-1.4,null
2019-01-15 00:00:00,11.23,65.66,1.221,2.47,47.0,0.0,781.168,-1.6,null
2019-01-15 01:00:00,10.33,71.91,1.305,2.73,31.8,0.0,781.162,-1.4,null
2019-01-15 02:00:00,9.52,75.4,0.825,2.19,38.7,0.0,781.007,-1.7,null
2019-01-15 03:00:00,8.65,78.54,0.471,1.33,10.6,0.0,780.687,-1.6,null
2019-01-15 04:00:00,7.52,82.91,1.029,2.39,216.7,0.0,780.684,-1.7,null
2019-01-15 05:00:00,7.24,83.23,0.782,1.93,264.2,0.0,780.454,-1.5,null
2019-01-15 06:00:00,6.67,85.1,0.727,1.74,239.6,0.0,780.342,-1.5,null
2019-01-15 07:00:00,6.42,86.1,0.606,1.4,283.1,0.0,780.427,-1.6,null
2019-01-15 08:00:00,6.39,86.18,0.624,1.03,237.9,0.0,780.924,29.6,null
2019-01-15 09:00:00,9.47,73.08,0.55,1.48,197.6,0.0,781.552,190.0,null
2019-01-15 10:00:00,11.01,66.47,1.101,2.88,89.3,0.0,781.973,397.6,null
2019-01-15 11:00:00,12.46,60.64,1.428,3.04,128.9,0.0,781.858,580.0,null
2019-01-15 12:00:00,14.67,51.73,1.238,2.85,98.8,0.0,781.3,696.0,null
2019-01-15 13:00:00,16.2,46.83,1.599,4.92,52.7,0.0,780.353,743.0,null
2019-01-15 14:00:00,17.46,42.0,1.69,4.26,37.6,0.0,779.355,705.4,null
2019-01-15 15:00:00,18.84,36.1,1.744,5.13,51.4,0.0,778.521,672.5,null
2019-01-15 16:00:00,19.05,32.83,1.692,4.27,89.9,0.0,778.061,385.2,null
2019-01-15 17:00:00,19.18,33.97,1.52,3.74,70.5,0.0,777.934,211.1,null
2019-01-15 18:00:00,18.46,36.16,1.588,3.95,77.1,0.0,778.057,55.2,null
2019-01-15 19:00:00,17.49,39.62,1.203,2.59,57.5,0.0,778.403,0.9,null
2019-01-15 20:00:00,15.96,46.96,1.009,3.31,0.1,0.0,778.962,-1.2,null
2019-01-15 21:00:00,15.67,51.83,1.712,3.53,341.1,0.0,779.707,-1.1,null
2019-01-15 22:00:00,14.98,54.63,1.62,4.33,358.1,0.0,780.299,-1.3,null
2019-01-15 23:00:00,13.9,58.96,0.613,1.83,311.0,0.0,780.716,-1.3,null
2019-01-16 00:00:00,13.2,63.17,1.243,2.34,346.3,0.0,780.85,-1.3,null
2019-01-16 01:00:00,12.47,66.38,1.339,4.59,13.8,0.0,780.9,-1.5,null
2019-01-16 02:00:00,12.59,65.56,1.496,5.19,5.8,0.0,780.863,-1.0,null
2019-01-16 03:00:00,11.1,72.26,0.375,1.17,27.5,0.0,780.579,-1.4,null
2019-01-16 04:00:00,10.2,75.99,1.193,2.75,161.3,0.0,780.354,-1.7,null
2019-01-16 05:00:00,9.61,78.02,0.596,1.47,268.0,0.0,780.405,-1.2,null
2019-01-16 06:00:00,9.62,77.61,0.605,1.68,275.2,0.0,780.551,-1.2,null
2019-01-16 07:00:00,9.79,74.53,0.478,1.57,190.8,0.0,780.689,-0.9,null
2019-01-16 08:00:00,9.79,75.25,0.974,1.84,191.2,0.0,781.053,17.2,null
2019-01-16 09:00:00,11.06,69.29,0.927,2.38,181.2,0.0,781.581,167.3,null
2019-01-16 10:00:00,13.24,60.31,0.847,2.26,96.1,0.0,781.741,391.8,null
2019-01-16 11:00:00,15.25,53.97,1.316,2.9,65.0,0.0,781.684,572.6,null
2019-01-16 12:00:00,17.3,43.44,1.332,3.79,44.0,0.0,781.181,686.1,null
2019-01-16 13:00:00,17.96,38.77,1.606,3.8,0.4,0.0,780.239,728.0,null
2019-01-16 14:00:00,19.14,35.01,1.819,4.84,57.1,0.0,779.223,627.4,null
2019-01-16 15:00:00,19.38,33.51,1.731,4.19,55.5,0.0,778.29,486.1,null
2019-01-16 16:00:00,19.87,33.36,1.418,3.84,65.9,0.0,777.769,370.2,null
2019-01-16 17:00:00,19.86,34.59,1.734,3.89,69.9,0.0,777.515,223.1,null
2019-01-16 18:00:00,19.49,36.06,1.488,3.65,122.8,0.0,777.581,86.8,null
2019-01-16 19:00:00,18.31,41.89,2.757,5.2,151.2,0.0,777.912,2.3,null
2019-01-16 20:00:00,16.25,48.16,1.625,4.62,229.4,0.0,778.644,-1.1,null
2019-01-16 21:00:00,15.92,50.62,1.587,5.64,283.2,0.0,779.577,-1.1,null
2019-01-16 22:00:00,15.97,53.34,2.91,6.8,338.4,0.0,780.159,-0.9,null
2019-01-16 23:00:00,15.39,55.67,2.154,5.38,350.5,0.0,780.537,-0.8,null
2019-01-17 00:00:00,14.69,57.81,1.444,3.39,1.8,0.0,780.616,-1.1,null
2019-01-17 01:00:00,14.37,57.46,0.866,2.3,33.7,0.0,780.43,-0.9,null
2019-01-17 02:00:00,13.94,57.66,0.738,2.95,5.8,0.0,780.161,-0.8,null
2019-01-17 03:00:00,13.8,56.79,0.992,2.19,58.7,0.0,780.066,-1.0,null
2019-01-17 04:00:00,12.62,64.27,1.247,3.02,83.9,0.0,779.776,-1.4,null
2019-01-17 05:00:00,11.2,70.12,0.633,1.66,129.8,0.0,779.876,-1.4,null
2019-01-17 06:00:00,10.43,74.19,0.701,1.28,238.2,0.0,780.036,-1.2,null
2019-01-17 07:00:00,10.13,76.74,0.388,0.94,286.3,0.0,780.315,-1.3,null
2019-01-17 08:00:00,9.72,78.94,0.975,1.95,199.6,0.0,780.645,13.1,null
2019-01-17 09:00:00,11.38,71.8,0.858,2.17,236.3,0.0,781.026,154.9,null
2019-01-17 10:00:00,13.48,61.83,1.119,2.51,71.5,0.0,781.618,369.0,null
2019-01-17 11:00:00,14.9,54.93,1.127,2.92,67.3,0.0,781.69,449.6,null
2019-01-17 12:00:00,16.27,49.8,1.182,3.82,75.4,0.0,781.216,543.1,null
2019-01-17 13:00:00,17.51,45.32,1.427,4.3,69.5,0.0,780.17,526.0,null
2019-01-17 14:00:00,18.69,40.56,1.436,3.78,89.8,0.0,779.026,579.8,null
2019-01-17 15:00:00,19.32,36.32,1.542,3.96,55.1,0.0,778.077,493.5,null
2019-01-17 16:00:00,19.66,33.53,1.412,4.04,68.9,0.0,777.563,304.6,null
2019-01-17 17:00:00,19.6,33.55,1.339,3.49,78.0,0.0,777.442,163.4,null
2019-01-17 18:00:00,19.24,34.25,1.044,2.67,86.3,0.0,777.5,67.3,null
2019-01-17 19:00:00,17.75,44.66,1.804,5.18,171.9,0.0,777.67,2.8,null
2019-01-17 20:00:00,15.83,49.92,0.969,2.17,234.2,0.0,778.138,-1.5,null
2019-01-17 21:00:00,14.99,51.83,0.86,2.47,276.8,0.0,778.886,-1.3,null
2019-01-17 22:00:00,14.91,53.89,1.614,5.76,320.2,0.0,779.271,-1.3,null
2019-01-17 23:00:00,15.05,52.51,1.763,3.76,336.1,0.0,779.987,-0.9,null
2019-01-18 00:00:00,14.53,55.68,1.974,4.68,15.2,0.0,779.838,-0.9,null
2019-01-18 01:00:00,13.84,57.13,1.598,4.48,10.9,0.0,779.692,-1.0,null
2019-01-18 02:00:00,13.27,59.61,0.67,1.63,43.7,0.0,779.545,-1.2,null
2019-01-18 03:00:00,12.37,64.53,0.79,2.22,169.4,0.0,779.06,-1.2,null
2019-01-18 04:00:00,11.67,67.51,0.814,1.89,238.5,0.0,778.775,-1.2,null
2019-01-18 05:00:00,10.71,72.21,0.783,1.9,266.4,0.0,778.49,-1.5,null
2019-01-18 06:00:00,10.06,74.12,0.709,1.53,286.4,0.0,778.525,-1.4,null
2019-01-18 07:00:00,9.68,75.88,0.684,1.51,306.1,0.0,778.802,-1.6,null
2019-01-18 08:00:00,9.56,78.02,0.583,1.48,252.0,0.0,779.335,43.2,null
2019-01-18 09:00:00,12.33,63.6,0.747,1.88,156.2,0.0,779.981,192.2,null
2019-01-18 10:00:00,14.01,58.08,0.997,2.47,75.1,0.0,780.24,414.6,null
2019-01-18 11:00:00,15.88,51.94,1.196,4.4,112.4,0.0,780.114,592.9,null
2019-01-18 12:00:00,17.44,45.68,1.372,3.6,141.0,0.0,779.574,636.0,null
2019-01-18 13:00:00,18.74,39.42,1.205,3.49,73.0,0.0,778.602,611.2,null
2019-01-18 14:00:00,19.26,35.56,1.429,3.9,95.2,0.0,777.436,480.9,null
2019-01-18 15:00:00,20.1,33.65,1.626,4.01,54.0,0.0,776.506,486.4,null
2019-01-18 16:00:00,20.5,32.19,2.308,5.1,178.4,0.0,775.906,450.6,null
2019-01-18 17:00:00,20.13,34.65,2.086,4.14,198.8,0.0,775.616,217.3,null
2019-01-18 18:00:00,19.47,37.87,2.25,5.55,207.4,0.0,775.801,72.3,null
2019-01-18 19:00:00,17.58,42.84,2.43,5.0,248.3,0.0,776.267,3.3,null
2019-01-18 20:00:00,16.55,44.56,1.233,3.37,233.7,0.0,776.926,-1.6,null
2019-01-18 21:00:00,16.01,48.39,1.096,3.11,108.1,0.0,777.733,-1.7,null
2019-01-18 22:00:00,14.7,54.52,0.914,2.23,312.2,0.0,778.329,-1.3,null
2019-01-18 23:00:00,13.8,58.84,0.697,1.58,312.0,0.0,778.78,-1.3,null
2019-01-19 00:00:00,13.54,56.32,0.943,2.48,311.9,0.0,778.716,-1.6,null
2019-01-19 01:00:00,12.45,48.6,0.993,2.46,281.8,0.0,778.305,-1.5,null
2019-01-19 02:00:00,11.55,48.43,0.884,1.85,285.5,0.0,778.01,-1.3,null
2019-01-19 03:00:00,10.31,52.14,0.957,2.1,279.9,0.0,777.899,-1.4,null
2019-01-19 04:00:00,9.49,53.74,0.953,2.04,241.7,0.0,777.758,-1.6,null
2019-01-19 05:00:00,8.65,57.38,1.23,2.61,256.4,0.0,777.619,-1.5,null
2019-01-19 06:00:00,8.16,58.52,0.76,2.57,279.0,0.0,777.504,-1.4,null
2019-01-19 07:00:00,7.65,60.29,0.909,1.84,245.9,0.0,777.909,-1.2,null
2019-01-19 08:00:00,8.22,55.17,1.181,2.58,312.8,0.0,778.326,17.8,null
2019-01-19 09:00:00,11.86,47.46,1.146,3.21,22.5,0.0,779.32,237.1,null
2019-01-19 10:00:00,13.69,45.28,1.592,4.07,32.9,0.0,780.227,386.8,null
2019-01-19 11:00:00,15.74,42.1,1.097,3.34,138.9,0.0,780.324,598.3,null
2019-01-19 12:00:00,17.07,35.96,1.366,3.74,57.7,0.0,779.996,729.2,null
2019-01-19 13:00:00,17.94,32.48,1.419,3.97,77.6,0.0,779.269,599.8,null
2019-01-19 14:00:00,18.65,32.15,1.369,3.61,59.9,0.0,778.147,682.3,null
2019-01-19 15:00:00,19.78,29.27,1.28,3.22,94.8,0.0,777.084,503.7,null
2019-01-19 16:00:00,20.23,28.79,1.209,2.83,117.2,0.0,776.602,392.5,null
2019-01-19 17:00:00,20.22,29.39,0.883,2.3,15.9,0.0,776.493,231.7,null
2019-01-19 18:00:00,20.03,30.77,1.207,2.77,32.2,0.0,776.756,116.3,null
2019-01-19 19:00:00,18.7,34.79,1.298,5.35,5.0,0.0,777.007,9.5,null
2019-01-19 20:00:00,16.59,51.38,2.803,7.76,31.6,0.0,777.989,-0.8,null
2019-01-19 21:00:00,15.37,57.04,2.541,5.12,356.2,0.0,779.249,-0.9,null
2019-01-19 22:00:00,14.22,62.29,2.16,4.52,352.3,0.0,779.921,-1.1,null
2019-01-19 23:00:00,13.51,66.03,1.275,2.51,335.1,0.0,780.29,-1.2,null
2019-01-20 00:00:00,12.99,68.02,1.527,3.77,336.9,0.0,780.524,-1.3,null
2019-01-20 01:00:00,12.15,72.26,2.092,4.84,1.2,0.0,780.537,-0.9,null
2019-01-20 02:00:00,10.76,79.76,2.636,6.23,9.0,0.0,780.723,-0.2,null
2019-01-20 03:00:00,10.43,80.27,1.943,4.11,9.7,0.0,780.672,-0.3,null
2019-01-20 04:00:00,9.91,79.57,1.822,4.08,347.8,0.0,780.61,-0.4,null
2019-01-20 05:00:00,9.79,79.0,1.806,3.55,22.2,0.0,780.525,-0.3,null
2019-01-20 06:00:00,9.65,78.44,1.632,3.9,28.3,0.0,780.757,-0.3,null
2019-01-20 07:00:00,8.64,77.14,1.949,4.03,99.9,0.0,781.505,0.0,null
2019-01-20 08:00:00,8.26,77.67,1.219,2.77,100.3,0.0,781.652,15.2,null
2019-01-20 09:00:00,8.85,74.85,1.133,3.23,71.5,0.0,782.13,149.2,null
2019-01-20 10:00:00,10.03,70.1,1.318,3.06,66.3,0.0,782.521,322.4,null
2019-01-20 11:00:00,12.56,58.86,1.161,3.62,63.5,0.0,782.479,626.5,null
2019-01-20 12:00:00,14.46,48.71,1.708,3.91,68.3,0.0,781.899,781.6,null
2019-01-20 13:00:00,16.21,38.96,2.07,5.18,36.9,0.0,781.131,846.4,null
2019-01-20 14:00:00,17.59,31.01,1.607,4.58,69.0,0.0,779.935,817.0,null
2019-01-20 15:00:00,19.07,27.17,1.614,3.87,356.4,0.0,778.924,733.8,null
2019-01-20 16:00:00,20.03,23.72,1.517,3.99,40.9,0.0,778.346,575.8,null
2019-01-20 17:00:00,20.94,20.88,1.255,2.74,324.3,0.0,778.146,372.9,null
2019-01-20 18:00:00,20.3,20.54,1.318,2.96,18.0,0.0,778.216,152.4,null
2019-01-20 19:00:00,18.28,25.71,1.316,4.34,1.4,0.0,778.433,18.2,null
2019-01-20 20:00:00,16.08,35.81,1.915,5.16,354.4,0.0,779.219,8.9,null
2019-01-20 21:00:00,15.14,40.4,1.597,4.44,306.3,0.0,779.955,6.3,null
2019-01-20 22:00:00,13.03,43.49,1.339,2.44,286.9,0.0,780.355,8.8,null
2019-01-20 23:00:00,11.89,47.54,0.905,2.21,281.8,0.0,780.473,10.9,null
2019-01-21 00:00:00,10.66,51.68,0.914,2.39,273.1,0.0,780.578,14.7,null
2019-01-21 01:00:00,9.94,52.51,0.998,1.73,271.7,0.0,780.572,16.1,null
2019-01-21 02:00:00,8.96,54.97,0.488,1.28,274.5,0.0,780.533,17.5,null
2019-01-21 03:00:00,7.92,60.0,0.774,1.62,250.7,0.0,780.327,13.6,null
2019-01-21 04:00:00,6.61,62.75,0.449,0.87,279.0,0.0,779.944,11.2,null
2019-01-21 05:00:00,5.83,64.03,0.36,0.91,296.4,0.0,779.866,7.6,null
2019-01-21 06:00:00,5.14,64.09,0.348,0.9,306.1,0.0,780.045,8.7,null
2019-01-21 07:00:00,4.87,62.26,0.449,1.07,304.5,0.0,780.348,8.9,null
2019-01-21 08:00:00,5.22,64.18,0.494,1.06,267.2,0.0,780.703,48.5,null
2019-01-21 09:00:00,10.12,53.83,0.506,1.18,229.9,0.0,781.134,257.0,null
2019-01-21 10:00:00,12.2,46.66,1.038,2.63,103.3,0.0,781.453,485.0,null
2019-01-21 11:00:00,14.31,38.89,1.111,2.72,120.1,0.0,781.297,678.1,null
2019-01-21 12:00:00,16.63,28.93,1.313,3.56,80.8,0.0,780.886,822.4,null
2019-01-21 13:00:00,18.36,22.19,1.237,4.14,29.9,0.0,780.076,869.4,null
2019-01-21 14:00:00,20.06,17.0,1.644,4.62,99.2,0.0,778.88,853.9,null
2019-01-21 15:00:00,21.41,14.4,1.543,4.15,89.8,0.0,777.866,766.7,null
2019-01-21 16:00:00,22.4,12.17,1.426,3.65,96.7,0.0,777.064,594.2,null
2019-01-21 17:00:00,22.74,10.06,1.345,3.71,40.6,0.0,776.707,388.3,null
2019-01-21 18:00:00,22.46,10.44,1.281,2.97,125.1,0.0,776.712,178.8,null
2019-01-21 19:00:00,19.05,21.15,1.322,3.21,231.2,0.0,776.958,53.2,null
2019-01-21 20:00:00,16.26,26.42,1.222,2.94,256.9,0.0,777.599,40.6,null
2019-01-21 21:00:00,14.66,27.05,1.186,3.15,278.6,0.0,778.199,39.6,null
2019-01-21 22:00:00,13.43,28.49,0.626,2.67,301.2,0.0,778.779,37.6,null
2019-01-21 23:00:00,11.48,33.41,0.951,2.15,262.4,0.0,779.217,30.7,null
2019-01-22 00:00:00,10.2,32.58,0.874,2.49,269.3,0.0,779.131,29.4,null
2019-01-22 01:00:00,9.95,29.21,1.082,2.31,251.3,0.0,778.845,29.2,null
2019-01-22 02:00:00,8.52,39.0,0.651,1.66,220.6,0.0,778.575,27.7,null
2019-01-22 03:00:00,6.97,48.14,0.776,1.42,233.5,0.0,778.204,25.8,null
2019-01-22 04:00:00,6.25,49.77,1.082,2.4,269.4,0.0,778.06,22.2,null
2019-01-22 05:00:00,5.75,48.05,0.944,2.07,249.7,0.0,778.06,17.3,null
2019-01-22 06:00:00,5.56,46.61,0.705,1.38,277.2,0.0,778.194,15.9,null
2019-01-22 07:00:00,4.35,48.76,0.622,1.12,237.7,0.0,778.67,17.1,null
2019-01-22 08:00:00,5.19,49.08,0.626,1.2,227.5,0.0,779.031,65.7,null
2019-01-22 09:00:00,9.99,36.43,0.71,1.5,200.5,0.0,779.687,287.1,null
2019-01-22 10:00:00,13.55,24.74,0.773,2.34,102.0,0.0,779.922,519.4,null
2019-01-22 11:00:00,15.6,17.67,1.086,2.61,105.1,0.0,779.78,720.6,null
2019-01-22 12:00:00,17.62,14.43,1.411,3.37,104.2,0.0,779.329,856.1,null
2019-01-22 13:00:00,19.22,13.1,1.576,3.94,53.9,0.0,778.304,901.1,null
2019-01-22 14:00:00,20.84,10.51,1.431,4.12,58.1,0.0,777.092,874.5,null
2019-01-22 15:00:00,22.19,10.59,2.307,8.17,103.4,0.0,776.133,790.6,null
2019-01-22 16:00:00,22.46,14.27,3.078,7.12,102.7,0.0,775.488,625.8,null
2019-01-22 17:00:00,22.92,12.77,2.073,4.9,348.1,0.0,775.28,422.3,null
2019-01-22 18:00:00,20.9,20.65,4.442,11.0,234.8,0.0,775.52,192.6,null
2019-01-22 19:00:00,17.92,29.41,3.935,8.8,219.2,0.0,776.167,72.0,null
2019-01-22 20:00:00,16.55,34.45,1.988,6.53,241.9,0.0,776.905,68.4,null
2019-01-22 21:00:00,15.96,37.13,1.924,5.2,202.8,0.0,777.47,53.3,null
2019-01-22 22:00:00,15.21,40.36,1.132,4.36,130.3,0.0,777.747,47.4,null
2019-01-22 23:00:00,12.49,48.98,0.953,2.54,288.0,0.0,777.973,39.2,null
2019-01-23 00:00:00,11.32,53.01,0.925,1.95,274.2,0.0,777.986,33.6,null
2019-01-23 01:00:00,10.29,56.25,0.938,1.89,237.7,0.0,778.012,28.8,null
2019-01-23 02:00:00,9.28,60.0,0.935,2.78,317.3,0.0,777.862,28.5,null
2019-01-23 03:00:00,8.74,59.37,1.0,2.29,275.4,0.0,777.529,22.1,null
2019-01-23 04:00:00,8.37,55.73,1.014,2.17,284.7,0.0,777.18,14.5,null
2019-01-23 05:00:00,8.16,54.82,1.294,2.22,230.5,0.0,777.554,18.0,null
2019-01-23 06:00:00,7.31,59.78,0.745,1.7,290.8,0.0,777.734,24.2,null
2019-01-23 07:00:00,6.82,61.41,0.84,2.04,230.1,0.0,778.093,27.3,null
2019-01-23 08:00:00,7.6,60.12,1.309,2.72,243.5,0.0,777.993,76.2,null
2019-01-23 09:00:00,11.77,48.3,1.001,2.77,47.3,null,778.39,272.4,null
2019-01-23 10:00:00,null,null,null,null,null,null,null,null,null
2019-01-23 11:00:00,null,null,null,null,null,null,null,null,null
2019-01-23 12:00:00,null,null,null,null,null,null,null,null,null
2019-01-23 13:00:00,null,null,null,null,null,null,null,null,null
2019-01-23 14:00:00,null,null,null,null,null,null,null,null,null
2019-01-23 15:00:00,null,null,null,null,null,null,null,null,null
2019-01-23 16:00:00,null,null,null,null,null,null,null,null,null
2019-01-23 17:00:00,null,null,null,null,null,null,null,null,null
2019-01-23 18:00:00,null,null,null,null,null,null,null,null,null
2019-01-23 19:00:00,null,null,null,null,null,null,null,null,null
2019-01-23 20:00:00,null,null,null,null,null,null,null,null,null
2019-01-23 21:00:00,null,null,null,null,null,null,null,null,null
2019-01-23 22:00:00,null,null,null,null,null,null,null,null,null
2019-01-23 23:00:00,null,null,null,null,null,null,null,null,null
2019-01-24 00:00:00,null,null,null,null,null,null,null,null,null
2019-01-24 01:00:00,null,null,null,null,null,null,null,null,null
2019-01-24 02:00:00,null,null,null,null,null,null,null,null,null
2019-01-24 03:00:00,10.37,65.74,1.53,2.16,204.3,null,776.985,24.9,null
2019-01-24 04:00:00,10.03,67.62,0.803,1.98,222.0,0.0,776.846,21.7,null
2019-01-24 05:00:00,9.06,69.77,0.505,1.29,251.7,0.0,776.63,27.8,null
2019-01-24 06:00:00,8.71,70.5,0.656,2.16,257.9,0.0,776.797,24.6,null
2019-01-24 07:00:00,8.4,73.58,1.42,2.39,227.2,0.0,777.057,31.4,null
2019-01-24 08:00:00,8.83,72.14,0.855,1.82,327.8,0.0,777.302,73.5,null
2019-01-24 09:00:00,12.39,57.81,0.923,2.3,63.1,0.0,778.015,278.7,null
2019-01-24 10:00:00,14.72,50.02,1.304,2.92,92.0,0.0,778.367,500.0,null
2019-01-24 11:00:00,17.5,42.49,1.379,3.1,23.2,0.0,778.191,684.4,null
2019-01-24 12:00:00,20.33,33.72,3.657,9.64,153.7,0.0,777.473,835.9,null
2019-01-24 13:00:00,21.7,28.23,3.999,9.66,147.9,0.0,776.732,904.1,null
2019-01-24 14:00:00,22.25,25.84,2.314,6.63,60.6,0.0,776.03,823.0,null
2019-01-24 15:00:00,23.29,22.07,2.241,7.81,16.1,0.0,775.378,720.3,null
2019-01-24 16:00:00,23.59,21.58,2.873,7.11,316.4,0.0,775.109,633.6,null
2019-01-24 17:00:00,23.23,22.83,2.902,6.72,298.1,0.0,775.352,428.3,null
2019-01-24 18:00:00,22.56,22.79,2.365,6.88,281.0,0.0,775.648,219.7,null
2019-01-24 19:00:00,20.15,29.74,1.824,6.22,278.9,0.0,776.388,76.0,null
2019-01-24 20:00:00,18.45,31.53,2.217,6.78,286.2,0.0,777.126,68.1,null
2019-01-24 21:00:00,16.33,40.56,1.219,3.29,286.8,0.0,777.719,72.5,null
2019-01-24 22:00:00,14.66,48.39,0.974,2.54,215.3,0.0,777.824,59.1,null
2019-01-24 23:00:00,13.12,55.1,0.866,1.85,290.3,0.0,778.093,53.7,null
2019-01-25 00:00:00,12.5,51.23,1.209,2.46,299.7,0.0,777.966,48.8,null
2019-01-25 01:00:00,12.02,44.6,1.318,2.49,261.6,0.0,777.727,42.8,null
2019-01-25 02:00:00,11.46,44.77,0.796,2.12,289.2,0.0,777.797,40.6,null
2019-01-25 03:00:00,11.08,49.22,1.191,2.49,263.2,0.0,777.918,33.2,null
2019-01-25 04:00:00,9.48,57.5,0.667,1.68,245.7,0.0,777.861,26.3,null
2019-01-25 05:00:00,8.85,60.12,0.893,1.96,256.0,0.0,777.973,26.9,null
2019-01-25 06:00:00,8.58,60.63,0.784,1.41,264.3,0.0,778.236,29.3,null
2019-01-25 07:00:00,8.26,66.18,0.918,1.45,180.7,0.0,778.574,37.4,null
2019-01-25 08:00:00,8.45,67.68,0.928,1.57,230.5,0.0,779.188,77.0,null
2019-01-25 09:00:00,12.27,52.17,0.531,1.76,301.9,0.0,779.818,274.0,null
2019-01-25 10:00:00,15.33,41.5,0.94,2.05,81.7,0.0,779.974,496.8,null
2019-01-25 11:00:00,17.07,38.2,1.447,2.88,125.0,0.0,779.554,699.8,null
2019-01-25 12:00:00,19.31,30.97,1.696,3.63,120.5,0.0,778.858,845.3,null
2019-01-25 13:00:00,21.36,23.07,1.968,5.0,136.2,0.0,777.638,899.1,null
2019-01-25 14:00:00,22.9,21.35,1.839,4.98,99.0,0.0,776.448,876.0,null
2019-01-25 15:00:00,23.96,18.15,2.696,6.52,331.7,0.0,775.572,769.1,null
2019-01-25 16:00:00,23.84,19.03,2.919,8.79,276.8,0.0,775.156,564.1,null
2019-01-25 17:00:00,23.33,20.72,2.878,7.07,290.7,0.0,775.161,377.6,null
2019-01-25 18:00:00,22.25,24.05,3.295,7.67,254.1,0.0,775.681,207.2,null
2019-01-25 19:00:00,19.39,33.0,3.301,7.18,227.2,0.0,776.35,84.5,null
2019-01-25 20:00:00,17.83,37.9,2.549,6.18,263.1,0.0,776.714,74.0,null
2019-01-25 21:00:00,17.14,40.62,1.84,4.88,254.2,0.0,777.223,65.8,null
2019-01-25 22:00:00,16.48,40.83,0.988,2.57,225.1,0.0,777.672,62.8,null
2019-01-25 23:00:00,14.58,47.08,0.901,2.33,302.4,0.0,777.801,61.2,null
2019-01-26 00:00:00,13.18,51.25,0.82,1.61,262.9,0.0,777.548,59.6,null
2019-01-26 01:00:00,12.39,50.06,1.3,2.55,271.5,0.0,777.403,54.0,null
2019-01-26 02:00:00,11.97,43.94,1.311,3.06,260.8,0.0,777.332,50.2,null
2019-01-26 03:00:00,11.05,42.02,1.16,2.72,289.6,0.0,776.998,37.9,null
2019-01-26 04:00:00,10.56,45.15,1.352,2.43,227.0,0.0,776.808,38.9,null
2019-01-26 05:00:00,9.23,52.48,1.11,2.13,254.5,0.0,776.8,44.8,null
2019-01-26 06:00:00,8.41,54.95,1.28,2.93,270.7,0.0,777.053,44.4,null
2019-01-26 07:00:00,8.9,52.98,1.601,4.42,250.9,0.0,777.259,49.1,null
2019-01-26 08:00:00,8.54,58.74,1.076,2.85,238.0,0.0,777.679,95.0,null
2019-01-26 09:00:00,12.68,53.4,1.009,2.36,183.0,0.0,777.977,291.9,null
2019-01-26 10:00:00,15.01,45.67,1.068,3.99,117.9,0.0,778.195,507.9,null
2019-01-26 11:00:00,16.89,37.47,1.826,4.4,107.0,0.0,777.843,711.6,null
2019-01-26 12:00:00,18.89,30.38,1.656,4.4,67.5,0.0,777.281,838.4,null
2019-01-26 13:00:00,21.11,23.13,2.013,6.19,135.0,0.0,776.186,899.0,null
2019-01-26 14:00:00,22.24,19.95,3.67,8.29,301.8,0.0,775.101,892.3,null
2019-01-26 15:00:00,22.66,19.15,3.28,11.55,303.8,0.0,774.137,759.9,null
2019-01-26 16:00:00,22.85,21.13,3.257,9.02,277.1,0.0,773.563,654.4,null
2019-01-26 17:00:00,22.06,26.47,2.631,9.05,251.8,0.0,773.432,443.1,null
2019-01-26 18:00:00,19.64,38.82,3.721,10.19,200.2,0.0,773.833,228.4,null
2019-01-26 19:00:00,17.44,43.22,3.463,7.65,212.2,0.0,774.254,81.8,null
2019-01-26 20:00:00,16.58,42.35,3.16,6.92,220.5,0.0,774.781,72.5,null
2019-01-26 21:00:00,15.72,42.86,0.854,2.39,303.8,0.0,775.228,67.5,null
2019-01-26 22:00:00,13.54,46.83,1.074,2.28,249.5,0.0,775.283,63.6,null
2019-01-26 23:00:00,12.91,46.51,1.068,2.76,306.0,0.0,775.977,63.9,null
2019-01-27 00:00:00,11.79,51.64,1.017,2.29,275.7,0.0,775.923,57.2,null
2019-01-27 01:00:00,11.14,50.96,1.4,3.69,278.3,0.0,775.887,52.5,null
2019-01-27 02:00:00,10.8,51.66,0.998,3.9,274.6,0.0,775.939,52.3,null
2019-01-27 03:00:00,10.85,55.46,1.703,4.77,300.2,0.0,775.849,51.4,null
2019-01-27 04:00:00,11.49,55.6,1.889,4.53,309.5,0.0,775.919,41.2,null
2019-01-27 05:00:00,10.34,60.65,1.124,3.37,291.1,0.0,775.87,35.3,null
2019-01-27 06:00:00,9.5,64.01,1.407,3.0,278.0,0.0,775.97,34.3,null
2019-01-27 07:00:00,9.17,63.58,1.684,3.17,269.8,0.0,776.469,38.3,null
2019-01-27 08:00:00,9.37,62.28,0.771,2.21,243.6,0.0,777.201,84.8,null
2019-01-27 09:00:00,11.28,55.96,1.766,5.01,22.4,0.0,778.197,281.6,null
2019-01-27 10:00:00,12.34,52.6,2.418,5.44,45.3,0.0,778.885,513.5,null
2019-01-27 11:00:00,13.99,43.25,1.84,4.55,55.3,0.0,779.127,749.3,null
2019-01-27 12:00:00,15.14,33.4,1.91,4.77,35.5,0.0,778.937,879.6,null
2019-01-27 13:00:00,15.87,25.61,2.267,5.03,4.7,0.0,778.395,942.2,null
2019-01-27 14:00:00,16.94,18.58,2.262,5.73,22.6,0.0,777.611,927.6,null
2019-01-27 15:00:00,17.6,16.26,2.398,6.78,335.9,0.0,776.731,846.7,null
2019-01-27 16:00:00,18.37,13.93,2.292,5.32,20.4,0.0,775.957,684.5,null
2019-01-27 17:00:00,18.5,12.5,2.367,6.1,24.7,0.0,775.648,475.0,null
2019-01-27 18:00:00,18.22,12.17,1.817,4.14,17.6,0.0,775.57,229.9,null
2019-01-27 19:00:00,16.18,16.82,1.371,4.02,333.3,0.0,775.65,77.4,null
2019-01-27 20:00:00,13.57,24.9,1.961,4.02,275.4,0.0,776.2,79.1,null
2019-01-27 21:00:00,12.4,27.46,1.579,3.64,287.6,0.0,776.822,79.1,null
2019-01-27 22:00:00,10.92,31.36,1.041,2.72,278.7,0.0,777.369,74.8,null
2019-01-27 23:00:00,10.1,34.58,1.366,2.91,268.3,0.0,777.659,73.4,null
2019-01-28 00:00:00,9.59,39.73,1.301,3.22,280.5,0.0,777.304,65.5,null
2019-01-28 01:00:00,8.6,44.99,0.937,2.51,239.3,0.0,776.637,61.4,null
2019-01-28 02:00:00,7.58,50.21,0.606,1.66,278.6,0.0,775.951,51.2,null
2019-01-28 03:00:00,6.73,54.62,0.961,2.06,275.2,0.0,775.481,46.3,null
2019-01-28 04:00:00,6.49,58.06,1.139,2.21,293.3,0.0,775.127,45.5,null
2019-01-28 05:00:00,6.88,56.96,1.18,2.45,288.3,0.0,775.054,45.7,null
2019-01-28 06:00:00,6.34,61.27,0.95,2.04,278.9,0.0,775.209,47.1,null
2019-01-28 07:00:00,5.96,64.91,0.803,1.76,274.2,0.0,775.461,49.9,null
2019-01-28 08:00:00,6.9,62.42,1.036,2.81,280.8,0.0,776.111,95.7,null
2019-01-28 09:00:00,11.22,50.82,0.475,1.73,37.8,0.0,776.679,285.3,null
2019-01-28 10:00:00,12.78,45.76,1.157,2.4,39.9,0.0,777.27,514.7,null
2019-01-28 11:00:00,15.13,35.5,1.327,3.48,92.4,0.0,777.062,721.4,null
2019-01-28 12:00:00,17.22,29.55,2.179,5.81,149.4,0.0,776.354,871.4,null
2019-01-28 13:00:00,19.08,24.59,1.776,7.81,153.9,0.0,775.459,929.0,null
2019-01-28 14:00:00,20.87,22.11,3.038,7.03,334.6,0.0,774.539,919.9,null
2019-01-28 15:00:00,21.64,19.48,3.395,7.65,319.0,0.0,773.685,827.1,null
2019-01-28 16:00:00,22.16,18.96,3.319,8.0,306.7,0.0,773.141,665.3,null
2019-01-28 17:00:00,22.27,20.82,2.866,6.28,298.7,0.0,772.924,443.7,null
2019-01-28 18:00:00,21.54,26.7,2.875,5.98,294.0,null,772.997,277.9,null
2019-01-28 19:00:00,null,null,null,null,null,null,null,null,null
2019-01-28 20:00:00,null,null,null,null,null,null,null,null,null
2019-01-28 21:00:00,null,null,null,null,null,null,null,null,null
2019-01-28 22:00:00,null,null,null,null,null,null,null,null,null
2019-01-28 23:00:00,null,null,null,null,null,null,null,null,null
2019-01-29 00:00:00,null,null,null,null,null,null,null,null,null
2019-01-29 01:00:00,null,null,null,null,null,null,null,null,null
2019-01-29 02:00:00,null,null,null,null,null,null,null,null,null
2019-01-29 03:00:00,null,null,null,1.31,null,null,776.296,null,null
2019-01-29 04:00:00,8.73,65.84,0.774,1.98,255.0,0.0,776.4,34.5,null
2019-01-29 05:00:00,7.97,67.69,0.86,2.02,290.9,0.0,776.536,35.1,null
2019-01-29 06:00:00,7.55,62.85,0.467,1.36,268.9,0.0,776.769,40.4,null
2019-01-29 07:00:00,6.63,68.54,0.476,1.17,277.7,0.0,777.184,44.0,null
2019-01-29 08:00:00,7.06,64.4,0.856,1.59,229.6,0.0,777.752,95.4,null
2019-01-29 09:00:00,11.89,50.11,0.568,1.88,134.9,0.0,778.205,278.3,null
2019-01-29 10:00:00,13.21,48.19,1.128,2.68,67.6,0.0,778.665,485.4,null
2019-01-29 11:00:00,14.87,43.86,1.435,3.83,86.2,0.0,778.61,667.9,null
2019-01-29 12:00:00,16.12,36.28,1.644,3.84,120.9,0.0,777.994,817.1,null
2019-01-29 13:00:00,17.54,30.04,1.43,3.95,148.2,0.0,776.813,876.2,null
2019-01-29 14:00:00,18.82,26.31,1.927,4.52,94.3,0.0,775.56,865.4,null
2019-01-29 15:00:00,20.13,26.08,1.928,5.12,102.6,0.0,774.528,763.2,null
2019-01-29 16:00:00,21.03,26.73,2.329,7.39,175.2,0.0,773.818,616.9,null
2019-01-29 17:00:00,20.73,28.08,4.657,9.23,182.0,0.0,773.615,431.3,null
2019-01-29 18:00:00,19.65,29.26,3.797,8.68,192.8,0.0,773.803,233.1,null
2019-01-29 19:00:00,17.48,34.01,1.819,5.7,213.9,0.0,774.493,104.8,null
2019-01-29 20:00:00,15.81,36.99,1.233,3.03,211.2,0.0,775.061,93.3,null
2019-01-29 21:00:00,14.88,39.14,1.151,3.53,80.8,0.0,775.337,72.0,null
2019-01-29 22:00:00,14.46,36.52,1.627,4.49,232.3,0.0,775.976,68.0,null
2019-01-29 23:00:00,13.94,39.13,1.409,3.02,10.6,0.0,776.206,62.9,null
2019-01-30 00:00:00,12.46,45.21,1.076,2.08,30.8,0.0,776.323,61.8,null
2019-01-30 01:00:00,11.15,49.61,1.04,2.75,285.4,0.0,776.2,55.0,null
2019-01-30 02:00:00,9.96,53.44,0.99,2.59,279.0,0.0,776.056,47.2,null
2019-01-30 03:00:00,9.11,56.05,1.072,2.5,229.7,0.0,775.86,41.7,null
2019-01-30 04:00:00,8.47,59.95,0.905,1.92,294.9,0.0,775.463,30.5,null
2019-01-30 05:00:00,7.87,62.35,0.984,2.0,260.1,0.0,775.517,32.5,null
2019-01-30 06:00:00,7.11,66.26,0.627,1.8,277.1,0.0,775.758,37.2,null
2019-01-30 07:00:00,6.91,66.78,1.046,2.01,284.2,0.0,776.079,44.4,null
2019-01-30 08:00:00,7.54,64.71,0.661,2.26,274.4,0.0,776.554,98.1,null
2019-01-30 09:00:00,11.65,52.12,0.541,1.4,296.1,0.0,777.221,280.7,null
2019-01-30 10:00:00,13.88,46.29,0.976,2.35,103.5,0.0,777.475,510.7,null
2019-01-30 11:00:00,15.49,39.35,1.668,4.33,14.1,0.0,777.392,708.1,null
2019-01-30 12:00:00,17.93,27.8,1.897,4.86,47.6,0.0,776.858,863.6,null
2019-01-30 13:00:00,19.79,19.32,1.817,3.98,48.1,0.0,776.054,925.6,null
2019-01-30 14:00:00,20.85,17.22,2.102,4.84,100.9,0.0,775.252,910.5,null
2019-01-30 15:00:00,21.94,15.64,3.696,9.7,315.2,0.0,774.462,824.8,null
2019-01-30 16:00:00,21.9,16.8,3.207,7.39,292.8,0.0,774.243,656.9,null
2019-01-30 17:00:00,21.96,17.09,2.704,6.09,272.6,0.0,774.143,464.2,null
2019-01-30 18:00:00,20.82,18.96,2.708,7.16,311.4,0.0,774.456,232.5,null
2019-01-30 19:00:00,18.66,24.19,1.964,4.66,301.2,0.0,775.084,73.4,null
2019-01-30 20:00:00,16.59,33.52,1.867,3.98,203.4,0.0,775.841,70.0,null
2019-01-30 21:00:00,15.24,35.49,2.455,5.89,212.6,0.0,776.501,73.8,null
2019-01-30 22:00:00,13.67,38.34,1.296,2.42,191.5,0.0,777.209,67.6,null
2019-01-30 23:00:00,12.8,39.38,1.36,3.32,233.9,0.0,777.49,64.4,null
2019-01-31 00:00:00,11.55,38.37,1.152,2.44,313.9,0.0,777.508,62.7,null
2019-01-31 01:00:00,9.7,38.84,0.815,2.06,264.4,0.0,777.455,62.6,null
2019-01-31 02:00:00,8.58,39.32,0.556,1.82,262.3,0.0,776.9,64.0,null
2019-01-31 03:00:00,8.3,42.82,0.714,1.58,277.5,0.0,776.455,56.7,null
2019-01-31 04:00:00,7.2,46.4,0.636,1.47,283.3,0.0,776.218,46.2,null
2019-01-31 05:00:00,6.28,48.01,0.724,1.92,262.0,0.0,776.194,37.7,null
2019-01-31 06:00:00,5.91,50.09,0.923,2.38,236.5,0.0,776.395,45.8,null
2019-01-31 07:00:00,5.78,54.39,0.821,1.67,244.7,0.0,776.614,55.8,null
2019-01-31 08:00:00,6.11,55.15,0.8,1.82,237.9,0.0,777.281,100.9,null
2019-01-31 09:00:00,12.87,33.94,0.391,1.58,137.8,0.0,777.856,298.8,null
2019-01-31 10:00:00,14.35,29.38,0.895,2.47,92.2,0.0,778.449,531.5,null
2019-01-31 11:00:00,16.19,21.66,1.416,3.23,73.1,0.0,778.874,734.6,null
2019-01-31 12:00:00,18.32,14.86,1.871,4.99,122.1,0.0,778.586,881.6,null
2019-01-31 13:00:00,20.06,13.76,1.861,4.32,96.9,0.0,777.784,921.7,null
2019-01-31 14:00:00,21.38,13.24,2.815,9.58,318.3,0.0,776.93,923.9,null
2019-01-31 15:00:00,22.06,12.65,3.12,7.21,302.6,0.0,776.079,795.8,null
2019-01-31 16:00:00,22.38,13.48,2.326,7.23,300.2,0.0,775.697,595.4,null
2019-01-31 17:00:00,22.33,15.78,2.403,7.19,295.6,0.0,775.433,411.8,null
2019-01-31 18:00:00,21.27,20.44,2.688,5.96,303.5,0.0,775.521,213.3,null
2019-01-31 19:00:00,19.27,23.79,2.513,7.1,287.8,0.0,775.815,75.4,null
2019-01-31 20:00:00,16.98,31.43,1.711,4.24,200.8,0.0,776.447,70.5,null
2019-01-31 21:00:00,16.17,32.98,1.104,3.32,145.9,0.0,777.171,67.1,null
2019-01-31 22:00:00,15.13,38.89,1.839,5.54,139.0,0.0,777.694,66.0,null
2019-01-31 23:00:00,12.58,46.37,0.855,1.74,176.5,0.0,778.263,59.2,null
